messageId,platform,runtimeKey,namespace,owner,surface,status,displayPolicy,maxLength,emptyLocales,termIds,context,route,component,screenshotRef,ko,en,ja,serverMessageKey,updatedAt
entity.account.profileImageAlt,web,entity.account.profileImageAlt,entity.account,account,accessibility,imported,,,,,,,,,{{name}} 프로필 이미지,{{name}} profile image,{{name}}のプロフィール画像,,2026-06-10
entity.account.userFallback,web,entity.account.userFallback,entity.account,account,text,imported,,,,,,,,,사용자,User,ユーザー,,2026-06-10
entity.ward.codeChecking,web,entity.ward.codeChecking,entity.ward,ward,text,imported,,,,,,,,,확인 중,Checking,確認中,,2026-06-10
entity.ward.codeFallback,web,entity.ward.codeFallback,entity.ward,ward,text,imported,,,,,,,,,병동코드,Ward code,病棟コード,,2026-06-10
entity.ward.displayInfo,web,entity.ward.displayInfo,entity.ward,ward,description,imported,,,,,,,,,병동 정보,Ward information,病棟情報,,2026-06-10
feature.account.create.exception,web,feature.account.create.exception,feature.account,account,text,imported,,,,,,,,,계정 생성 중 문제가 발생했어요. 잠시 후 다시 시도해 주세요.,Something went wrong while creating the account. Please try again shortly.,アカウント作成中に問題が発生しました。しばらくしてから再度お試しください。,,2026-06-10
feature.account.create.loading,web,feature.account.create.loading,feature.account,account,text,imported,,,,,,,,,계정 정보를 저장하고 있어요.,Saving account information.,アカウント情報を保存しています。,,2026-06-10
feature.account.create.success,web,feature.account.create.success,feature.account,account,feedback,imported,,,,,,,,,계정 정보를 저장했어요.,Saved account information.,アカウント情報を保存しました。,,2026-06-10
feature.account.edit.basicFailed,web,feature.account.edit.basicFailed,feature.account,account,feedback,imported,,,,,,,,,계정 정보를 업데이트하지 못했어요.,Could not update account information.,アカウント情報を更新できませんでした。,,2026-06-10
feature.account.edit.deleteAccountFailed,web,feature.account.edit.deleteAccountFailed,feature.account,account,feedback,imported,,,,,,,,,계정을 삭제하지 못했어요.,Could not delete the account.,アカウントを削除できませんでした。,,2026-06-10
feature.account.edit.profileFailed,web,feature.account.edit.profileFailed,feature.account,account,feedback,imported,,,,,,,,,프로필을 업데이트하지 못했어요.,Could not update the profile.,プロフィールを更新できませんでした。,,2026-06-10
feature.account.edit.quitWardConfirm,web,feature.account.edit.quitWardConfirm,feature.account,account,text,imported,,,,,,,,,병동을 나갈까요?,Leave this ward?,病棟から退出しますか？,,2026-06-10
feature.account.edit.quitWardFailed,web,feature.account.edit.quitWardFailed,feature.account,account,feedback,imported,,,,,,,,,병동을 나가지 못했어요.,Could not leave the ward.,病棟から退出できませんでした。,,2026-06-10
feature.auth.demoSession.badge,web,feature.auth.demoSession.badge,feature.auth,auth,text,imported,,,,,,,,,체험 계정,Trial account,体験アカウント,,2026-06-10
feature.auth.demoSession.description,web,feature.auth.demoSession.description,feature.auth,auth,description,imported,,,,,,,,,체험은 제한 시간이 있는 임시 세션이에요. 계속 사용하려면 체험이 끝나기 전에 회원가입으로 전환해 주세요.,This trial runs in a limited temporary session. Sign up before it ends if you want to keep using Dutying.,体験は時間制限のある一時セッションです。続けて利用するには、終了前に会員登録へ切り替えてください。,,2026-06-10
feature.auth.demoSession.descriptionExpiringSoon,web,feature.auth.demoSession.descriptionExpiringSoon,feature.auth,auth,description,imported,,,,,,,,,곧 체험이 종료돼요. 이후에도 계속 사용하려면 회원가입 전환이 필요해요.,The trial will end soon. You will need to sign up to keep using Dutying afterward.,まもなく体験が終了します。引き続き利用するには会員登録への切り替えが必要です。,,2026-06-10
feature.auth.demoSession.documentTitle,web,feature.auth.demoSession.documentTitle,feature.auth,auth,accessibility,imported,,,,,,,,,체험 {{countdown}} | 듀팅,Trial {{countdown}} | Dutying,体験 {{countdown}} | Dutying,,2026-06-10
feature.auth.demoSession.expiredDocumentTitle,web,feature.auth.demoSession.expiredDocumentTitle,feature.auth,auth,accessibility,imported,,,,,,,,,체험이 끝났어요 | Dutying,Trial ended | Dutying,体験が終了しました | Dutying,,2026-06-10
feature.auth.demoSession.expiredModal.badge,web,feature.auth.demoSession.expiredModal.badge,feature.auth,auth,text,imported,,,,,,,,,체험 종료,Trial ended,体験終了,,2026-06-10
feature.auth.demoSession.expiredModal.description,web,feature.auth.demoSession.expiredModal.description,feature.auth,auth,description,imported,,,,,,,,,"지금 회원가입을 진행하면 정식 계정 등록 절차를 바로 이어갈 수 있어요. 체험 계정 전환 API는 준비 중이라, 이번 단계에서는 로그인 후 회원가입 흐름으로 안내해 드릴게요.","Sign up now to continue into the official account setup flow. Trial account conversion is still being prepared, so we will guide you through sign-up after login for now.",今すぐ会員登録すると、正式なアカウント登録手続きに進めます。体験アカウントの切り替えAPIは準備中のため、現時点ではログイン後の会員登録フローへご案内します。,,2026-06-10
feature.auth.demoSession.expiredModal.nextStepDescription,web,feature.auth.demoSession.expiredModal.nextStepDescription,feature.auth,auth,description,imported,,,,,,,,,회원가입 또는 로그인 후 병동 연결 절차를 진행할 수 있어요. 체험 데이터 승계는 DUT-948 연동 이후 이어질 예정이에요.,"After signing up or logging in, you can connect to a ward. Trial data migration will follow after the DUT-948 integration.",会員登録またはログイン後、病棟連携の手続きを進められます。体験データの引き継ぎはDUT-948連携後に対応予定です。,,2026-06-10
feature.auth.demoSession.expiredModal.nextStepTitle,web,feature.auth.demoSession.expiredModal.nextStepTitle,feature.auth,auth,accessibility,imported,,,,,,,,,지금 가능한 다음 단계,Available next step,今できる次のステップ,,2026-06-10
feature.auth.demoSession.expiredModal.primaryAction,web,feature.auth.demoSession.expiredModal.primaryAction,feature.auth,auth,button,imported,,,,,,,,,회원가입하고 이어서 사용,Sign up and continue,会員登録して続ける,,2026-06-10
feature.auth.demoSession.expiredModal.title,web,feature.auth.demoSession.expiredModal.title,feature.auth,auth,accessibility,imported,,,,,,,,,체험 시간이 끝났어요,Your trial time has ended,体験時間が終了しました,,2026-06-10
feature.auth.demoSession.expiringSoon,web,feature.auth.demoSession.expiringSoon,feature.auth,auth,text,imported,,,,,,,,,곧 만료,Expiring soon,まもなく終了,,2026-06-10
feature.auth.demoSession.remainingApprox,web,feature.auth.demoSession.remainingApprox,feature.auth,auth,text,imported,,,,,,,,,약 {{minutes}}분 남음,About {{minutes}} min left,残り約{{minutes}}分,,2026-06-10
feature.auth.demoSession.remainingFallback,web,feature.auth.demoSession.remainingFallback,feature.auth,auth,text,imported,,,,,,,,,체험 진행 중,Trial in progress,体験中,,2026-06-10
feature.auth.demoSession.remainingLabel,web,feature.auth.demoSession.remainingLabel,feature.auth,auth,accessibility,imported,,,,,,,,,남은 시간,Time left,残り時間,,2026-06-10
feature.auth.demoSession.remainingPrecise,web,feature.auth.demoSession.remainingPrecise,feature.auth,auth,text,imported,,,,,,,,,듀팅 체험중 {{minutes}}:{{seconds}},Dutying trial {{minutes}}:{{seconds}},Dutying体験中 {{minutes}}:{{seconds}},,2026-06-10
feature.auth.demoSession.signupRequired,web,feature.auth.demoSession.signupRequired,feature.auth,auth,text,imported,,,,,,,,,회원가입 전환 필요,Sign-up required,会員登録への切り替えが必要,,2026-06-10
feature.auth.demoSession.title,web,feature.auth.demoSession.title,feature.auth,auth,accessibility,imported,,,,,,,,,지금은 체험용 임시 계정으로 근무표를 작성 중이에요.,You are currently editing with a temporary trial account.,現在は体験用の一時アカウントで勤務表を作成しています。,,2026-06-10
feature.auth.demoSession.titleExpiringSoon,web,feature.auth.demoSession.titleExpiringSoon,feature.auth,auth,accessibility,imported,,,,,,,,,체험 종료가 얼마 남지 않았어요.,Your trial session is about to end.,体験終了まで残りわずかです。,,2026-06-10
feature.auth.documentTitle,web,feature.auth.documentTitle,feature.auth,auth,accessibility,imported,,,,,,,,,듀팅 | Dutying,Dutying,Dutying,,2026-06-10
feature.auth.sessionExpired,web,feature.auth.sessionExpired,feature.auth,auth,text,imported,,,,,,,,,로그인 시간이 끝났어요. 다시 로그인해 주세요.,Your login has expired. Please sign in again.,ログイン時間が終了しました。もう一度ログインしてください。,,2026-06-10
feature.auth.state.errorDescription,web,feature.auth.state.errorDescription,feature.auth,auth,feedback,imported,,,,,,,,,세션이 만료되었거나 네트워크 연결이 불안정할 수 있어요.,"Your session may have expired, or the network connection may be unstable.",セッションが期限切れになったか、ネットワーク接続が不安定な可能性があります。,,2026-06-10
feature.auth.state.errorTitle,web,feature.auth.state.errorTitle,feature.auth,auth,accessibility,imported,,,,,,,,,로그인 상태를 확인하지 못했어요,Could not confirm your sign-in status,ログイン状態を確認できませんでした,,2026-06-10
feature.auth.state.loadingTitle,web,feature.auth.state.loadingTitle,feature.auth,auth,accessibility,imported,,,,,,,,,로그인 상태를 확인하고 있어요,Checking your sign-in status,ログイン状態を確認しています,,2026-06-10
feature.auth.state.logout,web,feature.auth.state.logout,feature.auth,auth,text,imported,,,,,,,,,로그아웃,Log out,ログアウト,,2026-06-10
feature.auth.state.retry,web,feature.auth.state.retry,feature.auth,auth,button,imported,,,,,,,,,다시 시도,Try again,再試行,,2026-06-10
feature.createShiftModal.backgroundColor,web,feature.createShiftModal.backgroundColor,feature.createShiftModal,createShiftModal,text,imported,,,,,,,,,배경 색,Background color,背景色,,2026-06-10
feature.createShiftModal.createTitle,web,feature.createShiftModal.createTitle,feature.createShiftModal,createShiftModal,accessibility,imported,,,,,,,,,근무•휴가 추가하기,Add work/leave type,勤務・休みを追加,,2026-06-10
feature.createShiftModal.delete,web,feature.createShiftModal.delete,feature.createShiftModal,createShiftModal,button,imported,,,,,,,,,삭제,Delete,削除,,2026-06-10
feature.createShiftModal.editTitle,web,feature.createShiftModal.editTitle,feature.createShiftModal,createShiftModal,accessibility,imported,,,,,,,,,근무•휴가 수정하기,Edit work/leave type,勤務・休みを編集,,2026-06-10
feature.createShiftModal.leave,web,feature.createShiftModal.leave,feature.createShiftModal,createShiftModal,text,imported,,,,,,,,,휴가,Leave,休み,,2026-06-10
feature.createShiftModal.leaveNamePlaceholder,web,feature.createShiftModal.leaveNamePlaceholder,feature.createShiftModal,createShiftModal,input,imported,,,,,,,,,휴가명을 입력해 주세요.,Enter a leave name.,休み名を入力してください。,,2026-06-10
feature.createShiftModal.name,web,feature.createShiftModal.name,feature.createShiftModal,createShiftModal,text,imported,,,,,,,,,근무명,Shift name,勤務名,,2026-06-10
feature.createShiftModal.save,web,feature.createShiftModal.save,feature.createShiftModal,createShiftModal,button,imported,,,,,,,,,저장,Save,保存,,2026-06-10
feature.createShiftModal.shortName,web,feature.createShiftModal.shortName,feature.createShiftModal,createShiftModal,text,imported,,,,,,,,,약자,Abbr.,略称,,2026-06-10
feature.createShiftModal.shortNameHint,web,feature.createShiftModal.shortNameHint,feature.createShiftModal,createShiftModal,description,imported,,,,,,,,,* 근무표 칸에는 입력한 약자가 그대로 표시돼요.,* The abbreviation you enter is shown in schedule cells.,* 入力した略称が勤務表のセルにそのまま表示されます。,,2026-06-10
feature.createShiftModal.validation.nameRequired,web,feature.createShiftModal.validation.nameRequired,feature.createShiftModal,createShiftModal,text,imported,,,,,,,,,근무명을 입력해 주세요.,Enter a shift name.,勤務名を入力してください。,,2026-06-10
feature.createShiftModal.validation.shortNameFirstKey,web,feature.createShiftModal.validation.shortNameFirstKey,feature.createShiftModal,createShiftModal,text,imported,,,,,,,,,"첫 글자는 영문, 숫자, 기호(- . _ 등)로 입력해 주세요.","Start with a letter, number, or symbol like -, ., _.",最初の文字は英字、数字、記号（- . _ など）で入力してください。,,2026-06-18
feature.createShiftModal.validation.shortNameRequired,web,feature.createShiftModal.validation.shortNameRequired,feature.createShiftModal,createShiftModal,text,imported,,,,,,,,,근무 약자를 입력해 주세요.,Enter a shift abbreviation.,勤務略称を入力してください。,,2026-06-10
feature.createShiftModal.validation.timeRequired,web,feature.createShiftModal.validation.timeRequired,feature.createShiftModal,createShiftModal,text,imported,,,,,,,,,근무 시간을 입력해 주세요.,Enter shift times.,勤務時間を入力してください。,,2026-06-10
feature.createShiftModal.work,web,feature.createShiftModal.work,feature.createShiftModal,createShiftModal,text,imported,,,,,,,,,근무,Work,勤務,,2026-06-10
feature.createShiftModal.workNamePlaceholder,web,feature.createShiftModal.workNamePlaceholder,feature.createShiftModal,createShiftModal,input,imported,,,,,,,,,근무명을 입력해 주세요.,Enter a work name.,勤務名を入力してください。,,2026-06-10
feature.createShiftModal.workTime,web,feature.createShiftModal.workTime,feature.createShiftModal,createShiftModal,text,imported,,,,,,,,,근무 시간,Work time,勤務時間,,2026-06-10
feature.editShiftTeam.addNurseFailed,web,feature.editShiftTeam.addNurseFailed,feature.editShiftTeam,editShiftTeam,feedback,imported,,,,,,,,,간호사를 추가하지 못했어요.,Could not add the nurse.,看護師を追加できませんでした。,,2026-06-10
feature.editShiftTeam.addNurseSuccess,web,feature.editShiftTeam.addNurseSuccess,feature.editShiftTeam,editShiftTeam,feedback,imported,,,,,,,,,{{name}}를 추가했어요.,Added {{name}}.,{{name}}を追加しました。,,2026-06-10
feature.editShiftTeam.deleteNurseFailed,web,feature.editShiftTeam.deleteNurseFailed,feature.editShiftTeam,editShiftTeam,feedback,imported,,,,,,,,,간호사를 삭제하지 못했어요.,Could not delete the nurse.,看護師を削除できませんでした。,,2026-06-10
feature.editShiftTeam.deleteNurseSuccess,web,feature.editShiftTeam.deleteNurseSuccess,feature.editShiftTeam,editShiftTeam,feedback,imported,,,,,,,,,간호사를 삭제했어요.,Deleted the nurse.,看護師を削除しました。,,2026-06-10
feature.editShiftTeam.disconnectFailed,web,feature.editShiftTeam.disconnectFailed,feature.editShiftTeam,editShiftTeam,feedback,imported,,,,,,,,,연동을 끊지 못했어요.,Could not disconnect the app link.,連携を解除できませんでした。,,2026-06-10
feature.editShiftTeam.disconnectSuccess,web,feature.editShiftTeam.disconnectSuccess,feature.editShiftTeam,editShiftTeam,feedback,imported,,,,,,,,,연동을 끊었어요.,Disconnected the app link.,連携を解除しました。,,2026-06-10
feature.editShiftTeam.moveNurseFailed,web,feature.editShiftTeam.moveNurseFailed,feature.editShiftTeam,editShiftTeam,feedback,imported,,,,,,,,,간호사를 이동하지 못했어요.,Could not move the nurse.,看護師を移動できませんでした。,,2026-06-10
feature.editShiftTeam.newNursePrefix,web,feature.editShiftTeam.newNursePrefix,feature.editShiftTeam,editShiftTeam,text,imported,,,,,,,,,신규간호사,New nurse,新規看護師,,2026-06-10
feature.editShiftTeam.updateNurseFailed,web,feature.editShiftTeam.updateNurseFailed,feature.editShiftTeam,editShiftTeam,feedback,imported,,,,,,,,,간호사 정보를 수정하지 못했어요.,Could not update nurse information.,看護師情報を更新できませんでした。,,2026-06-10
feature.editShiftTeam.updateNurseShiftFailed,web,feature.editShiftTeam.updateNurseShiftFailed,feature.editShiftTeam,editShiftTeam,feedback,imported,,,,,,,,,가능한 근무 유형을 저장하지 못했어요.,Could not save available shift types.,設定可能な勤務区分を保存できませんでした。,,2026-06-10
feature.editWard.approveWaitingNurseFailed,web,feature.editWard.approveWaitingNurseFailed,feature.editWard,editWard,feedback,imported,,,,,,,,,팀을 추가하지 못했어요.,Could not add the team.,チームを追加できませんでした。,,2026-06-10
feature.editWard.approveWaitingNurseSuccess,web,feature.editWard.approveWaitingNurseSuccess,feature.editWard,editWard,feedback,imported,,,,,,,,,선택한 팀에 간호사를 추가했어요.,Added the nurse to the selected team.,選択したチームに看護師を追加しました。,,2026-06-10
feature.editWard.connectWaitingNurseFailed,web,feature.editWard.connectWaitingNurseFailed,feature.editWard,editWard,feedback,imported,,,,,,,,,기존 간호사 계정에 연결하지 못했어요.,Could not connect to the existing nurse account.,既存の看護師アカウントに連携できませんでした。,,2026-06-10
feature.editWard.connectWaitingNurseSuccess,web,feature.editWard.connectWaitingNurseSuccess,feature.editWard,editWard,feedback,imported,,,,,,,,,기존 간호사 계정과 연결했어요.,Connected to the existing nurse account.,既存の看護師アカウントと連携しました。,,2026-06-10
feature.editWard.editSettingFailed,web,feature.editWard.editSettingFailed,feature.editWard,editWard,feedback,imported,,,,,,,,,근무 설정을 수정하지 못했어요.,Could not update duty settings.,勤務設定を更新できませんでした。,,2026-06-10
feature.file.profileImageUploadFailed,web,feature.file.profileImageUploadFailed,feature.file,file,feedback,imported,,,,,,,,,프로필 이미지를 업로드하지 못했어요.,Could not upload the profile image.,プロフィール画像をアップロードできませんでした。,,2026-06-10
feature.register.accountStatusChangeFailed,web,feature.register.accountStatusChangeFailed,feature.register,register,feedback,imported,,,,,,,,,계정 상태를 변경하지 못했어요.,Could not change account status.,アカウント状態を変更できませんでした。,,2026-06-10
feature.registerWard.defaultShiftType.day,web,feature.registerWard.defaultShiftType.day,feature.registerWard,registerWard,text,imported,,,,,,,,,데이,Day,日勤,,2026-06-10
feature.registerWard.defaultShiftType.evening,web,feature.registerWard.defaultShiftType.evening,feature.registerWard,registerWard,text,imported,,,,,,,,,이브닝,Evening,準夜,,2026-06-10
feature.registerWard.defaultShiftType.night,web,feature.registerWard.defaultShiftType.night,feature.registerWard,registerWard,text,imported,,,,,,,,,나이트,Night,夜勤,,2026-06-10
feature.registerWard.defaultShiftType.off,web,feature.registerWard.defaultShiftType.off,feature.registerWard,registerWard,text,imported,,,,,,,,,오프,Off,休み,,2026-06-10
feature.registerWard.shiftTeams.addNamePlaceholder,web,feature.registerWard.shiftTeams.addNamePlaceholder,feature.registerWard,registerWard,input,imported,,,,,,,,,이름 추가,Add name,名前を追加,,2026-06-10
feature.registerWard.shiftTeams.addNurseAria,web,feature.registerWard.shiftTeams.addNurseAria,feature.registerWard,registerWard,accessibility,imported,,,,,,,,,{{index}}팀 간호사 이름 추가,Add nurse name to team {{index}},{{index}}チームに看護師名を追加,,2026-06-10
feature.registerWard.shiftTeams.addTeam,web,feature.registerWard.shiftTeams.addTeam,feature.registerWard,registerWard,text,imported,,,,,,,,,팀 추가하기,Add team,チーム追加,,2026-06-10
feature.registerWard.shiftTeams.count,web,feature.registerWard.shiftTeams.count,feature.registerWard,registerWard,text,imported,,,,,,,,,{{count}}명,{{count}},{{count}}人,,2026-06-10
feature.registerWard.shiftTeams.deleteNurseAria,web,feature.registerWard.shiftTeams.deleteNurseAria,feature.registerWard,registerWard,accessibility,imported,,,,,,,,,{{name}} 삭제,Delete {{name}},{{name}}を削除,,2026-06-10
feature.registerWard.shiftTeams.deleteTeamAria,web,feature.registerWard.shiftTeams.deleteTeamAria,feature.registerWard,registerWard,accessibility,imported,,,,,,,,,{{index}}팀 삭제,Delete team {{index}},{{index}}チームを削除,,2026-06-10
feature.registerWard.shiftTeams.description,web,feature.registerWard.shiftTeams.description,feature.registerWard,registerWard,description,imported,,,,,,,,,팀별 간호사 이름을 입력해요. 본인은 자동으로 연결돼요.,Enter nurse names by team. Your account is linked automatically.,チームごとに看護師名を入力します。本人は自動で連携されます。,,2026-06-10
feature.registerWard.shiftTeams.excludeMe,web,feature.registerWard.shiftTeams.excludeMe,feature.registerWard,registerWard,text,imported,,,,,,,,,* 본인은 제외해 주세요,* Exclude yourself,* 本人は除外してください,,2026-06-10
feature.registerWard.shiftTeams.teamName,web,feature.registerWard.shiftTeams.teamName,feature.registerWard,registerWard,text,imported,,,,,,,,,간호사 {{index}}팀,Nurse Team {{index}},看護師{{index}}チーム,,2026-06-10
feature.registerWard.shiftTeams.title,web,feature.registerWard.shiftTeams.title,feature.registerWard,registerWard,accessibility,imported,,,,,,,,,병동내 간호사,Nurses in ward,病棟内の看護師,,2026-06-10
feature.registerWard.shiftTypes.add,web,feature.registerWard.shiftTypes.add,feature.registerWard,registerWard,text,imported,,,,,,,,,추가,Add,追加,,2026-06-10
feature.registerWard.shiftTypes.addAction,web,feature.registerWard.shiftTypes.addAction,feature.registerWard,registerWard,button,imported,,,,,,,,,근무 •휴가 추가하기,Add work/leave type,勤務・休みを追加,,2026-06-10
feature.registerWard.shiftTypes.colorLabel,web,feature.registerWard.shiftTypes.colorLabel,feature.registerWard,registerWard,accessibility,imported,,,,,,,,,색상,Color,色,,2026-06-10
feature.registerWard.shiftTypes.column.category,web,feature.registerWard.shiftTypes.column.category,feature.registerWard,registerWard,text,imported,,,,,,,,,유형,Category,区分,,2026-06-10
feature.registerWard.shiftTypes.column.color,web,feature.registerWard.shiftTypes.column.color,feature.registerWard,registerWard,text,imported,,,,,,,,,색상,Color,色,,2026-06-10
feature.registerWard.shiftTypes.column.edit,web,feature.registerWard.shiftTypes.column.edit,feature.registerWard,registerWard,text,imported,,,,,,,,,수정,Edit,編集,,2026-06-10
feature.registerWard.shiftTypes.column.name,web,feature.registerWard.shiftTypes.column.name,feature.registerWard,registerWard,text,imported,,,,,,,,,근무명,Shift name,勤務名,,2026-06-10
feature.registerWard.shiftTypes.column.shortName,web,feature.registerWard.shiftTypes.column.shortName,feature.registerWard,registerWard,text,imported,,,,,,,,,약자,Abbr.,略称,,2026-06-10
feature.registerWard.shiftTypes.column.workTime,web,feature.registerWard.shiftTypes.column.workTime,feature.registerWard,registerWard,text,imported,,,,,,,,,근무 시간,Work hours,勤務時間,,2026-06-10
feature.registerWard.shiftTypes.description,web,feature.registerWard.shiftTypes.description,feature.registerWard,registerWard,description,imported,,,,,,,,,기본 근무는 먼저 채워뒀어요. 병동 기준에 맞게 수정해 주세요.,Default shifts are prefilled. Adjust them to match this ward.,基本勤務は先に入力されています。病棟の基準に合わせて調整してください。,,2026-06-10
feature.registerWard.shiftTypes.editAria,web,feature.registerWard.shiftTypes.editAria,feature.registerWard,registerWard,accessibility,imported,,,,,,,,,{{name}} 수정,Edit {{name}},{{name}}を編集,,2026-06-10
feature.registerWard.shiftTypes.leave,web,feature.registerWard.shiftTypes.leave,feature.registerWard,registerWard,text,imported,,,,,,,,,휴가,Leave,休み,,2026-06-10
feature.registerWard.shiftTypes.noTimeLeave,web,feature.registerWard.shiftTypes.noTimeLeave,feature.registerWard,registerWard,text,imported,,,,,,,,,근무 시간이 없는 휴가 유형이에요.,Leave type without work hours.,勤務時間のない休み区分です。,,2026-06-10
feature.registerWard.shiftTypes.shortNameLabel,web,feature.registerWard.shiftTypes.shortNameLabel,feature.registerWard,registerWard,accessibility,imported,,,,,,,,,약자,Abbr.,略称,,2026-06-10
feature.registerWard.shiftTypes.title,web,feature.registerWard.shiftTypes.title,feature.registerWard,registerWard,accessibility,imported,,,,,,,,,근무 유형,Shift types,勤務区分,,2026-06-10
feature.registerWard.shiftTypes.typeLabel,web,feature.registerWard.shiftTypes.typeLabel,feature.registerWard,registerWard,accessibility,imported,,,,,,,,,유형,Type,区分,,2026-06-10
feature.registerWard.shiftTypes.work,web,feature.registerWard.shiftTypes.work,feature.registerWard,registerWard,text,imported,,,,,,,,,근무,Work,勤務,,2026-06-10
feature.registerWard.validation.nameRequired,web,feature.registerWard.validation.nameRequired,feature.registerWard,registerWard,text,imported,,,,,,,,,근무명을 입력해 주세요.,Enter a shift name.,勤務名を入力してください。,,2026-06-10
feature.registerWard.validation.shortNameRequired,web,feature.registerWard.validation.shortNameRequired,feature.registerWard,registerWard,text,imported,,,,,,,,,{{name}} 근무의 근무 약자를 입력해 주세요.,Enter an abbreviation for {{name}}.,{{name}}勤務の略称を入力してください。,,2026-06-10
feature.registerWard.validation.timeRequired,web,feature.registerWard.validation.timeRequired,feature.registerWard,registerWard,text,imported,,,,,,,,,{{name}} 근무의 근무 시간을 입력해 주세요.,Enter work hours for {{name}}.,{{name}}勤務の勤務時間を入力してください。,,2026-06-10
feature.requestShift.processFailed,web,feature.requestShift.processFailed,feature.requestShift,requestShift,feedback,imported,,,,,,,,,신청을 처리하지 못했어요.,Could not process the request.,申請を処理できませんでした。,,2026-06-10
feature.shiftEditor.calendarDivision.memberCount,web,feature.shiftEditor.calendarDivision.memberCount,feature.shiftEditor,shiftEditor,text,imported,,,,,,,,,{{count}}명,{{count}} members,{{count}}名,,2026-06-10
feature.shiftEditor.calendarHeader.carryOver,web,feature.shiftEditor.calendarHeader.carryOver,feature.shiftEditor,shiftEditor,text,imported,,,,,,,,,이월,Carry,繰越,,2026-06-10
feature.shiftEditor.calendarHeader.name,web,feature.shiftEditor.calendarHeader.name,feature.shiftEditor,shiftEditor,text,imported,,,,,,,,,이름,Name,名前,,2026-06-10
feature.shiftEditor.calendarHeader.previousShift,web,feature.shiftEditor.calendarHeader.previousShift,feature.shiftEditor,shiftEditor,text,imported,,,,,,,,,전달 근무,Previous shifts,前月勤務,,2026-06-10
feature.shiftEditor.editWard.addShiftType,web,feature.shiftEditor.editWard.addShiftType,feature.shiftEditor,shiftEditor,text,imported,,,,,,,,,새로운 근무/휴가 추가하기,Add work/leave type,勤務/休みを追加,,2026-06-10
feature.shiftEditor.editWard.applied,web,feature.shiftEditor.editWard.applied,feature.shiftEditor,shiftEditor,text,imported,,,,,,,,,근무표 적용,Applied,適用,,2026-06-10
feature.shiftEditor.editWard.background,web,feature.shiftEditor.editWard.background,feature.shiftEditor,shiftEditor,text,imported,,,,,,,,,배경,Fill,背景,,2026-06-10
feature.shiftEditor.editWard.color,web,feature.shiftEditor.editWard.color,feature.shiftEditor,shiftEditor,text,imported,,,,,,,,,색상,Color,色,,2026-06-10
feature.shiftEditor.editWard.count,web,feature.shiftEditor.editWard.count,feature.shiftEditor,shiftEditor,text,imported,,,,,,,,,카운트,Count,集計,,2026-06-10
feature.shiftEditor.editWard.defaultOffDays,web,feature.shiftEditor.editWard.defaultOffDays,feature.shiftEditor,shiftEditor,text,imported,,,,,,,,,기본 OFF {{count}}일,Default OFF {{count}}d,基本休み {{count}}日,,2026-06-10
feature.shiftEditor.editWard.edit,web,feature.shiftEditor.editWard.edit,feature.shiftEditor,shiftEditor,text,imported,,,,,,,,,수정,Edit,編集,,2026-06-10
feature.shiftEditor.editWard.editSettings,web,feature.shiftEditor.editWard.editSettings,feature.shiftEditor,shiftEditor,text,imported,,,,,,,,,설정 편집,Edit settings,設定を編集,,2026-06-10
feature.shiftEditor.editWard.leave,web,feature.shiftEditor.editWard.leave,feature.shiftEditor,shiftEditor,text,imported,,,,,,,,,휴가,Leave,休み,,2026-06-10
feature.shiftEditor.editWard.monthLabel,web,feature.shiftEditor.editWard.monthLabel,feature.shiftEditor,shiftEditor,accessibility,imported,,,,,,,,,{{month}}월,{{month}},{{month}}月,,2026-06-10
feature.shiftEditor.editWard.notApplied,web,feature.shiftEditor.editWard.notApplied,feature.shiftEditor,shiftEditor,text,imported,,,,,,,,,근무표 미적용,Off,未適用,,2026-06-10
feature.shiftEditor.editWard.shiftName,web,feature.shiftEditor.editWard.shiftName,feature.shiftEditor,shiftEditor,text,imported,,,,,,,,,약자,Code,略称,,2026-06-10
feature.shiftEditor.editWard.shiftTypeColorStyle,web,feature.shiftEditor.editWard.shiftTypeColorStyle,feature.shiftEditor,shiftEditor,text,imported,,,,,,,,,근무 유형 표시 스타일,Shift color style,勤務区分表示,,2026-06-10
feature.shiftEditor.editWard.shortName,web,feature.shiftEditor.editWard.shortName,feature.shiftEditor,shiftEditor,text,imported,,,,,,,,,약자,Code,略称,,2026-06-10
feature.shiftEditor.editWard.text,web,feature.shiftEditor.editWard.text,feature.shiftEditor,shiftEditor,text,imported,,,,,,,,,글자,Text,文字,,2026-06-10
feature.shiftEditor.editWard.type,web,feature.shiftEditor.editWard.type,feature.shiftEditor,shiftEditor,text,imported,,,,,,,,,유형,Type,区分,,2026-06-10
feature.shiftEditor.editWard.weekendColor,web,feature.shiftEditor.editWard.weekendColor,feature.shiftEditor,shiftEditor,text,imported,,,,,,,,,토/일 배경색 구분,Weekend background,土日背景色,,2026-06-10
feature.shiftEditor.editWard.work,web,feature.shiftEditor.editWard.work,feature.shiftEditor,shiftEditor,text,imported,,,,,,,,,근무,Work,勤務,,2026-06-10
feature.shiftEditor.editWard.workTime,web,feature.shiftEditor.editWard.workTime,feature.shiftEditor,shiftEditor,text,imported,,,,,,,,,근무 시간,Hours,勤務時間,,2026-06-10
feature.shiftEditor.export.excel.failure,web,feature.shiftEditor.export.excel.failure,feature.shiftEditor,shiftEditor,text,imported,,,,,,,,,근무표 엑셀 파일을 저장하지 못했어요. 다시 시도해 주세요.,Could not save the schedule Excel file. Please try again.,勤務表のExcelファイルを保存できませんでした。もう一度お試しください。,,2026-06-10
feature.shiftEditor.export.excel.fileName,web,feature.shiftEditor.export.excel.fileName,feature.shiftEditor,shiftEditor,text,imported,,,,,,,,,{{month}}월 근무표.xlsx,Month {{month}} schedule.xlsx,{{month}}月勤務表.xlsx,,2026-06-10
feature.shiftEditor.export.excel.nameHeader,web,feature.shiftEditor.export.excel.nameHeader,feature.shiftEditor,shiftEditor,text,imported,,,,,,,,,이름,Name,名前,,2026-06-10
feature.shiftEditor.export.excel.previousShiftHeader,web,feature.shiftEditor.export.excel.previousShiftHeader,feature.shiftEditor,shiftEditor,text,imported,,,,,,,,,전달 근무,Previous shifts,前月勤務,,2026-06-10
feature.shiftEditor.export.excel.sheetName,web,feature.shiftEditor.export.excel.sheetName,feature.shiftEditor,shiftEditor,text,imported,,,,,,,,,{{month}}월 근무표,M{{month}} schedule,{{month}}月勤務表,,2026-06-10
feature.shiftEditor.export.excel.success,web,feature.shiftEditor.export.excel.success,feature.shiftEditor,shiftEditor,feedback,imported,,,,,,,,,근무표 엑셀 파일을 저장했어요.,Saved the schedule Excel file.,勤務表のExcelファイルを保存しました。,,2026-06-10
feature.shiftEditor.export.excel.title,web,feature.shiftEditor.export.excel.title,feature.shiftEditor,shiftEditor,accessibility,imported,,,,,,,,,{{month}}월 근무표,Month {{month}} schedule,{{month}}月勤務表,,2026-06-10
feature.shiftEditor.export.image.failure,web,feature.shiftEditor.export.image.failure,feature.shiftEditor,shiftEditor,text,imported,,,,,,,,,근무표 이미지를 저장하지 못했어요. 다시 시도해 주세요.,Could not save the schedule image. Please try again.,勤務表画像を保存できませんでした。もう一度お試しください。,,2026-06-10
feature.shiftEditor.export.image.fileName,web,feature.shiftEditor.export.image.fileName,feature.shiftEditor,shiftEditor,text,imported,,,,,,,,,{{year}}년 {{month}}월 근무표.png,{{year}} M{{month}} schedule.png,{{year}}年{{month}}月勤務表.png,,2026-06-10
feature.shiftEditor.export.image.success,web,feature.shiftEditor.export.image.success,feature.shiftEditor,shiftEditor,feedback,imported,,,,,,,,,근무표 이미지를 저장했어요.,Saved the schedule image.,勤務表画像を保存しました。,,2026-06-10
feature.shiftEditor.export.image.targetMissing,web,feature.shiftEditor.export.image.targetMissing,feature.shiftEditor,shiftEditor,text,imported,,,,,,,,,저장할 근무표 화면을 찾지 못했어요.,Could not find the schedule view to save.,保存する勤務表画面が見つかりませんでした。,,2026-06-10
feature.shiftEditor.export.image.teamFileName,web,feature.shiftEditor.export.image.teamFileName,feature.shiftEditor,shiftEditor,text,imported,,,,,,,,,{{teamName}} {{year}}년 {{month}}월 근무표.png,{{teamName}} {{year}} M{{month}} schedule.png,{{teamName}} {{year}}年{{month}}月勤務表.png,,2026-06-10
feature.shiftEditor.export.image.title,web,feature.shiftEditor.export.image.title,feature.shiftEditor,shiftEditor,accessibility,imported,,,,,,,,,{{year}}년 {{month}}월 근무표,{{year}} M{{month}} schedule,{{year}}年{{month}}月勤務表,,2026-06-10
feature.shiftEditor.export.image.titleWithWard,web,feature.shiftEditor.export.image.titleWithWard,feature.shiftEditor,shiftEditor,accessibility,imported,,,,,,,,,{{year}}년 {{month}}월 {{wardLabel}} 근무표,{{wardLabel}} {{year}} M{{month}} schedule,{{year}}年{{month}}月 {{wardLabel}} 勤務表,,2026-06-10
feature.shiftEditor.grid.clearSelection,web,feature.shiftEditor.grid.clearSelection,feature.shiftEditor,shiftEditor,text,imported,,,,,,,,,선택 지우기,Clear selection,選択をクリア,,2026-06-10
feature.shiftEditor.grid.nameHeader,web,feature.shiftEditor.grid.nameHeader,feature.shiftEditor,shiftEditor,text,imported,,,,,,,,,이름,Name,名前,,2026-06-10
feature.shiftEditor.grid.setSelectionD,web,feature.shiftEditor.grid.setSelectionD,feature.shiftEditor,shiftEditor,text,imported,,,,,,,,,선택에 D 입력,Set D on selection,選択にDを入力,,2026-06-10
feature.shiftEditor.nurseEdit.availableShifts,web,feature.shiftEditor.nurseEdit.availableShifts,feature.shiftEditor,shiftEditor,text,imported,,,,,,,,,가능 근무,Available shifts,可能勤務,,2026-06-10
feature.shiftEditor.nurseEdit.availableShiftsDescription,web,feature.shiftEditor.nurseEdit.availableShiftsDescription,feature.shiftEditor,shiftEditor,description,imported,,,,,,,,,* 가능 근무를 모두 선택해 주세요.,* Select every shift this nurse can work.,* 対応可能な勤務をすべて選択してください。,,2026-06-10
feature.shiftEditor.nurseEdit.close,web,feature.shiftEditor.nurseEdit.close,feature.shiftEditor,shiftEditor,button,imported,,,,,,,,,닫기,Close,閉じる,,2026-06-10
feature.shiftEditor.nurseEdit.disabled,web,feature.shiftEditor.nurseEdit.disabled,feature.shiftEditor,shiftEditor,text,imported,,,,,,,,,해당 안 됨,Disabled,対象外,,2026-06-10
feature.shiftEditor.nurseEdit.dutyManager,web,feature.shiftEditor.nurseEdit.dutyManager,feature.shiftEditor,shiftEditor,text,imported,,,,,,,,,근무표 작성 가능자,Schedule editor,勤務表作成者,,2026-06-10
feature.shiftEditor.nurseEdit.employmentDate,web,feature.shiftEditor.nurseEdit.employmentDate,feature.shiftEditor,shiftEditor,text,imported,,,,,,,,,입사 년도,Start date,入職年,,2026-06-10
feature.shiftEditor.nurseEdit.employmentDateDescription,web,feature.shiftEditor.nurseEdit.employmentDateDescription,feature.shiftEditor,shiftEditor,description,imported,,,,,,,,,* 해당 병원에 입사한 년도를 작성해 주세요.,* Enter the year this nurse joined the hospital.,* この病院に入職した年を入力してください。,,2026-06-10
feature.shiftEditor.nurseEdit.enabled,web,feature.shiftEditor.nurseEdit.enabled,feature.shiftEditor,shiftEditor,text,imported,,,,,,,,,해당 됨,Enabled,対象,,2026-06-10
feature.shiftEditor.nurseEdit.gender.female,web,feature.shiftEditor.nurseEdit.gender.female,feature.shiftEditor,shiftEditor,text,imported,,,,,,,,,여,F,女,,2026-06-10
feature.shiftEditor.nurseEdit.gender.male,web,feature.shiftEditor.nurseEdit.gender.male,feature.shiftEditor,shiftEditor,text,imported,,,,,,,,,남,M,男,,2026-06-10
feature.shiftEditor.nurseEdit.memo,web,feature.shiftEditor.nurseEdit.memo,feature.shiftEditor,shiftEditor,text,imported,,,,,,,,,메모,Memo,メモ,,2026-06-10
feature.shiftEditor.nurseEdit.phoneNumber,web,feature.shiftEditor.nurseEdit.phoneNumber,feature.shiftEditor,shiftEditor,text,imported,,,,,,,,,전화 번호,Phone,電話番号,,2026-06-10
feature.shiftEditor.nurseEdit.phoneNumberDescription,web,feature.shiftEditor.nurseEdit.phoneNumberDescription,feature.shiftEditor,shiftEditor,description,imported,,,,,,,,,* 비상 연락 망,* Emergency contact,* 緊急連絡先,,2026-06-10
feature.shiftEditor.nurseEdit.save,web,feature.shiftEditor.nurseEdit.save,feature.shiftEditor,shiftEditor,button,imported,,,,,,,,,저장,Save,保存,,2026-06-10
feature.shiftEditor.nurseEdit.title,web,feature.shiftEditor.nurseEdit.title,feature.shiftEditor,shiftEditor,accessibility,imported,,,,,,,,,간호사별 관리,Nurse settings,看護師別管理,,2026-06-10
feature.shiftEditor.nurseEdit.worker,web,feature.shiftEditor.nurseEdit.worker,feature.shiftEditor,shiftEditor,text,imported,,,,,,,,,근무자,Worker,看護師,,2026-06-10
feature.shiftEditor.panel.expand,web,feature.shiftEditor.panel.expand,feature.shiftEditor,shiftEditor,text,imported,,,,,,,,,펼치기,Expand,開く,,2026-06-10
feature.shiftEditor.panel.faults,web,feature.shiftEditor.panel.faults,feature.shiftEditor,shiftEditor,text,imported,,,,,,,,,문제점,Violations,問題点,,2026-06-10
feature.shiftEditor.panel.faultsEmpty,web,feature.shiftEditor.panel.faultsEmpty,feature.shiftEditor,shiftEditor,text,imported,,,,,,,,,문제점이 보이면 여기에 표시해요.,No violations.,問題点がある場合はここに表示されます。,,2026-06-10
feature.shiftEditor.panel.fold,web,feature.shiftEditor.panel.fold,feature.shiftEditor,shiftEditor,text,imported,,,,,,,,,닫기,Close,閉じる,,2026-06-10
feature.shiftEditor.panel.histories,web,feature.shiftEditor.panel.histories,feature.shiftEditor,shiftEditor,text,imported,,,,,,,,,기록,History,履歴,,2026-06-10
feature.shiftEditor.panel.history.defaultLabel,web,feature.shiftEditor.panel.history.defaultLabel,feature.shiftEditor,shiftEditor,accessibility,imported,,,,,,,,,편집 내역,Edit history,編集履歴,,2026-06-10
feature.shiftEditor.panel.history.editedCells,web,feature.shiftEditor.panel.history.editedCells,feature.shiftEditor,shiftEditor,text,imported,,,,,,,,,{{source}} 입력으로 {{count}}개 셀을 수정했어요,Edited {{count}} cells by {{source}},{{source}}入力で{{count}}個のセルを編集しました,,2026-06-10
feature.shiftEditor.panel.history.empty,web,feature.shiftEditor.panel.history.empty,feature.shiftEditor,shiftEditor,text,imported,,,,,,,,,편집하면 기록이 여기에 보여요.,No edit history.,編集すると履歴がここに表示されます。,,2026-06-10
feature.shiftEditor.panel.history.reordered,web,feature.shiftEditor.panel.history.reordered,feature.shiftEditor,shiftEditor,text,imported,,,,,,,,,근무자 순서를 변경했어요,Reordered workers,看護師の順序を変更しました,,2026-06-10
feature.shiftEditor.panel.history.sourceAi,web,feature.shiftEditor.panel.history.sourceAi,feature.shiftEditor,shiftEditor,text,imported,,,,,,,,,AI,AI,AI,,2026-06-10
feature.shiftEditor.panel.history.sourceSystem,web,feature.shiftEditor.panel.history.sourceSystem,feature.shiftEditor,shiftEditor,text,imported,,,,,,,,,시스템,System,システム,,2026-06-10
feature.shiftEditor.panel.history.sourceUser,web,feature.shiftEditor.panel.history.sourceUser,feature.shiftEditor,shiftEditor,text,imported,,,,,,,,,수동,Manual,手動,,2026-06-10
feature.shiftEditor.requestLayer.pending,web,feature.shiftEditor.requestLayer.pending,feature.shiftEditor,shiftEditor,text,imported,,,,,,,,,신청 근무 {{name}}가 아직 반영 전이에요.,Requested shift {{name}} is not applied yet.,勤務希望{{name}}はまだ反映されていません。,,2026-06-10
feature.shiftEditor.toolbar.autofill,web,feature.shiftEditor.toolbar.autofill,feature.shiftEditor,shiftEditor,text,imported,,,,,,,,,자동 채우기,Auto fill,自動入力,,2026-06-10
feature.shiftEditor.toolbar.createNextMonth,web,feature.shiftEditor.toolbar.createNextMonth,feature.shiftEditor,shiftEditor,text,imported,,,,,,,,,다음달 근무표 만들기,Create next month schedule,翌月の勤務表を作成,,2026-06-10
feature.shiftEditor.toolbar.edit,web,feature.shiftEditor.toolbar.edit,feature.shiftEditor,shiftEditor,text,imported,,,,,,,,,수정하기,Edit,編集,,2026-06-10
feature.shiftEditor.toolbar.layers.check,web,feature.shiftEditor.toolbar.layers.check,feature.shiftEditor,shiftEditor,text,imported,,,,,,,,,신청 근무 반영,Requests applied,勤務希望を反映,,2026-06-10
feature.shiftEditor.toolbar.layers.fault,web,feature.shiftEditor.toolbar.layers.fault,feature.shiftEditor,shiftEditor,text,imported,,,,,,,,,잘못된 근무,Invalid shifts,誤った勤務,,2026-06-10
feature.shiftEditor.toolbar.layers.slash,web,feature.shiftEditor.toolbar.layers.slash,feature.shiftEditor,shiftEditor,text,imported,,,,,,,,,신청 근무 미반영,Requests not applied,勤務希望を未反映,,2026-06-10
feature.shiftEditor.toolbar.notReady,web,feature.shiftEditor.toolbar.notReady,feature.shiftEditor,shiftEditor,text,imported,,,,,,,,,아직 준비 중인 기능입니다.,This feature is not ready yet.,まだ準備中の機能です。,,2026-06-10
feature.shiftEditor.toolbar.publish,web,feature.shiftEditor.toolbar.publish,feature.shiftEditor,shiftEditor,text,imported,,,,,,,,,게시하기,Publish,公開,,2026-06-10
feature.shiftEditor.toolbar.save,web,feature.shiftEditor.toolbar.save,feature.shiftEditor,shiftEditor,button,imported,,,,,,,,,저장,Save,保存,,2026-06-10
feature.shiftEditor.toolbar.savedStatus,web,feature.shiftEditor.toolbar.savedStatus,feature.shiftEditor,shiftEditor,button,imported,,,,,,,,,저장 완료,Saved,保存完了,,2026-06-10
feature.shiftEditor.toolbar.saveExcel,web,feature.shiftEditor.toolbar.saveExcel,feature.shiftEditor,shiftEditor,button,imported,,,,,,,,,엑셀 저장,Save Excel,Excelを保存,,2026-06-10
feature.shiftEditor.toolbar.saveImage,web,feature.shiftEditor.toolbar.saveImage,feature.shiftEditor,shiftEditor,button,imported,,,,,,,,,이미지 저장,Save image,画像を保存,,2026-06-10
feature.shiftEditor.toolbar.savingExcel,web,feature.shiftEditor.toolbar.savingExcel,feature.shiftEditor,shiftEditor,text,imported,,,,,,,,,엑셀 저장 중,Saving Excel,Excel保存中,,2026-06-10
feature.shiftEditor.toolbar.savingImage,web,feature.shiftEditor.toolbar.savingImage,feature.shiftEditor,shiftEditor,text,imported,,,,,,,,,이미지 저장 중,Saving image,画像保存中,,2026-06-10
feature.shiftEditor.toolbar.savingStatus,web,feature.shiftEditor.toolbar.savingStatus,feature.shiftEditor,shiftEditor,text,imported,,,,,,,,,저장중,Saving,保存中,,2026-06-10
feature.shiftEditor.toolbar.settings.constraint,web,feature.shiftEditor.toolbar.settings.constraint,feature.shiftEditor,shiftEditor,text,imported,,,,,,,,,제약 조건,Constraints,制約条件,,2026-06-10
feature.shiftEditor.toolbar.settings.designTheme,web,feature.shiftEditor.toolbar.settings.designTheme,feature.shiftEditor,shiftEditor,text,imported,,,,,,,,,디자인 테마,Design theme,デザインテーマ,,2026-06-10
feature.shiftEditor.toolbar.settings.shiftType,web,feature.shiftEditor.toolbar.settings.shiftType,feature.shiftEditor,shiftEditor,text,imported,,,,,,,,,근무 유형,Shift types,勤務区分,,2026-06-10
feature.shiftEditor.toolbar.shiftInfoTitle,web,feature.shiftEditor.toolbar.shiftInfoTitle,feature.shiftEditor,shiftEditor,accessibility,imported,,,,,,,,,근무 유형 보기,Shift types,勤務区分を見る,,2026-06-10
feature.shiftEditor.validation.forbidNextShift,web,feature.shiftEditor.validation.forbidNextShift,feature.shiftEditor,shiftEditor,text,imported,,,,,,,,,{{nurseName}}님은 {{prevShift}} 다음 날 {{nextShift}} 근무를 할 수 없어요.,{{nurseName}} cannot work {{nextShift}} on the day after {{prevShift}}.,{{nurseName}}さんは{{prevShift}}の翌日に{{nextShift}}勤務はできません。,,2026-06-10
feature.shiftEditor.validation.l1ConsecutiveWork,web,feature.shiftEditor.validation.l1ConsecutiveWork,feature.shiftEditor,shiftEditor,text,imported,,,,,,,,,연속 근무가 {{actual}}일이라 {{expected}}일 제한을 넘었어요.,"Consecutive work is {{actual}} days, exceeding the {{expected}} day limit.",連続勤務が{{actual}}日で、{{expected}}日の上限を超えています。,,2026-06-10
feature.shiftEditor.validation.l2MaxConsecutiveSameShift,web,feature.shiftEditor.validation.l2MaxConsecutiveSameShift,feature.shiftEditor,shiftEditor,text,imported,,,,,,,,,{{shift}} 근무가 {{actual}}일 연속이라 {{expected}}일 제한을 넘었어요.,"{{shift}} is assigned {{actual}} days in a row, exceeding the {{expected}} day limit.",{{shift}}勤務が連続{{actual}}日で、{{expected}}日の上限を超えています。,,2026-06-10
feature.shiftEditor.validation.l2MinOffAfterNight,web,feature.shiftEditor.validation.l2MinOffAfterNight,feature.shiftEditor,shiftEditor,text,imported,,,,,,,,,야간 후 휴무가 {{actual}}일이라 {{expected}}일보다 부족해요.,"There are {{actual}} OFF days after night shift, fewer than the required {{expected}}.",夜勤後の休みが{{actual}}日で、必要な{{expected}}日を下回っています。,,2026-06-10
feature.shiftEditor.validation.l3MinStaffShortage,web,feature.shiftEditor.validation.l3MinStaffShortage,feature.shiftEditor,shiftEditor,text,imported,,,,,,,,,{{shift}} 근무 인원이 부족해요.,{{shift}} shift staffing is short.,{{shift}}勤務の人数が不足しています。,,2026-06-10
feature.shiftEditor.validation.legacy.excludeCertainWorkTypes,web,feature.shiftEditor.validation.legacy.excludeCertainWorkTypes,feature.shiftEditor,shiftEditor,text,imported,,,,,,,,,ND/ED/NE/NOD 형태의 근무는 피하는 게 좋아요.,Avoid ND/ED/NE/NOD shift patterns.,ND/ED/NE/NODの勤務パターンは避けてください。,,2026-06-10
feature.shiftEditor.validation.legacy.excludeNightBeforeReqOff,web,feature.shiftEditor.validation.legacy.excludeNightBeforeReqOff,feature.shiftEditor,shiftEditor,text,imported,,,,,,,,,신청 오프 전날에는 나이트 근무를 피하는 게 좋아요.,Avoid night shifts before a requested OFF day.,休み希望の前日は夜勤を避けてください。,,2026-06-10
feature.shiftEditor.validation.legacy.maxContinuousNight,web,feature.shiftEditor.validation.legacy.maxContinuousNight,feature.shiftEditor,shiftEditor,text,imported,,,,,,,,,나이트 근무는 연속 {{count}}일까지 배정할 수 있어요.,Night shifts can be assigned for up to {{count}} consecutive days.,夜勤は連続{{count}}日まで割り当てられます。,,2026-06-10
feature.shiftEditor.validation.legacy.maxContinuousWork,web,feature.shiftEditor.validation.legacy.maxContinuousWork,feature.shiftEditor,shiftEditor,text,imported,,,,,,,,,근무는 연속 {{count}}일까지 배정할 수 있어요.,Work can be assigned for up to {{count}} consecutive days.,勤務は連続{{count}}日まで割り当てられます。,,2026-06-10
feature.shiftEditor.validation.legacy.minContinuousNight,web,feature.shiftEditor.validation.legacy.minContinuousNight,feature.shiftEditor,shiftEditor,text,imported,,,,,,,,,나이트 근무는 최소 {{count}}일 이상 배정해 주세요.,Assign night shifts for at least {{count}} consecutive days.,夜勤は最低{{count}}日以上連続で割り当ててください。,,2026-06-10
feature.shiftEditor.validation.legacy.minNightInterval,web,feature.shiftEditor.validation.legacy.minNightInterval,feature.shiftEditor,shiftEditor,text,imported,,,,,,,,,N 근무 사이를 {{count}}일 이상 띄워야 해요.,Keep at least {{count}} days between night shifts.,夜勤の間隔は最低{{count}}日以上空けてください。,,2026-06-10
feature.shiftEditor.validation.legacy.minOffAssignAfterNight,web,feature.shiftEditor.validation.legacy.minOffAssignAfterNight,feature.shiftEditor,shiftEditor,text,imported,,,,,,,,,나이트 근무 후에는 OFF를 {{count}}일 이상 권장해요.,Recommend at least {{count}} OFF day(s) after a night shift.,夜勤後は休みを{{count}}日以上入れることを推奨します。,,2026-06-10
feature.shiftEditor.validation.maxConsecutiveNight,web,feature.shiftEditor.validation.maxConsecutiveNight,feature.shiftEditor,shiftEditor,text,imported,,,,,,,,,{{nurseName}}님은 N 근무가 {{actual}}회 연속이에요. 최대 {{expected}}회까지 가능해요.,{{nurseName}} has {{actual}} consecutive N shifts. Maximum: {{expected}}.,{{nurseName}}さんはN勤務が連続{{actual}}回です。最大{{expected}}回までです。,,2026-06-10
feature.shiftEditor.validation.maxConsecutiveWork,web,feature.shiftEditor.validation.maxConsecutiveWork,feature.shiftEditor,shiftEditor,text,imported,,,,,,,,,{{nurseName}}님은 근무가 {{actual}}일 연속이에요. 최대 {{expected}}일까지 가능해요.,{{nurseName}} has {{actual}} consecutive work days. Maximum: {{expected}}.,{{nurseName}}さんは勤務が連続{{actual}}日です。最大{{expected}}日までです。,,2026-06-10
feature.shiftEditor.validation.maxStaffByShift,web,feature.shiftEditor.validation.maxStaffByShift,feature.shiftEditor,shiftEditor,text,imported,,,,,,,,,{{shift}} 근무 인원이 {{actual}}명이에요. 최대 {{expected}}명까지 가능해요.,{{shift}} staffing is {{actual}}. Maximum allowed: {{expected}}.,{{shift}}勤務の人数は{{actual}}人です。最大{{expected}}人までです。,,2026-06-10
feature.shiftEditor.validation.minMonthlyOff,web,feature.shiftEditor.validation.minMonthlyOff,feature.shiftEditor,shiftEditor,text,imported,,,,,,,,,{{nurseName}}님은 월 OFF가 {{actual}}일이에요. 최소 {{expected}}일이 필요해요.,{{nurseName}} has {{actual}} monthly OFF days. Minimum required: {{expected}}.,{{nurseName}}さんの月間休みは{{actual}}日です。最低{{expected}}日必要です。,,2026-06-10
feature.shiftEditor.validation.minNightInterval,web,feature.shiftEditor.validation.minNightInterval,feature.shiftEditor,shiftEditor,text,imported,,,,,,,,,{{nurseName}}님은 N 근무 사이를 {{expected}}일 이상 띄워야 해요.,{{nurseName}} needs at least {{expected}} day(s) between N shifts.,{{nurseName}}さんはN勤務の間隔が短いです。最低{{expected}}日空けてください。,,2026-06-10
feature.shiftEditor.validation.minOffAfterNight,web,feature.shiftEditor.validation.minOffAfterNight,feature.shiftEditor,shiftEditor,text,imported,,,,,,,,,{{nurseName}}님은 N 근무 뒤 OFF가 부족해요. 최소 {{expected}}일이 필요해요.,{{nurseName}} needs at least {{expected}} OFF day(s) after an N shift.,{{nurseName}}さんはN勤務後の休みが不足しています。最低{{expected}}日必要です。,,2026-06-10
feature.shiftEditor.validation.minProficiencyStaffByShift,web,feature.shiftEditor.validation.minProficiencyStaffByShift,feature.shiftEditor,shiftEditor,text,imported,,,,,,,,,{{shift}} 근무에 LV{{level}} 이상 간호사가 {{actual}}명이에요. 최소 {{expected}}명이 필요해요.,{{shift}} has {{actual}} nurse(s) at LV{{level}} or higher. Minimum required: {{expected}}.,{{shift}}勤務のLV{{level}}以上の看護師は{{actual}}人です。最低{{expected}}人必要です。,,2026-06-10
feature.shiftEditor.validation.minStaffByShift,web,feature.shiftEditor.validation.minStaffByShift,feature.shiftEditor,shiftEditor,text,imported,,,,,,,,,{{shift}} 근무 인원이 {{actual}}명이에요. 최소 {{expected}}명이 필요해요.,{{shift}} staffing is {{actual}}. Minimum required: {{expected}}.,{{shift}}勤務の人数は{{actual}}人です。最低{{expected}}人必要です。,,2026-06-10
feature.shiftEditor.validation.nightBeforeRequestedOff,web,feature.shiftEditor.validation.nightBeforeRequestedOff,feature.shiftEditor,shiftEditor,text,imported,,,,,,,,,{{nurseName}}님은 신청 OFF 전날 N 근무가 배정돼 있어요.,{{nurseName}} is assigned an N shift before a requested OFF day.,{{nurseName}}さんは休み希望の前日にN勤務が割り当てられています。,,2026-06-10
feature.shiftEditor.validation.notAloneNight,web,feature.shiftEditor.validation.notAloneNight,feature.shiftEditor,shiftEditor,text,imported,,,,,,,,,{{nurseName}}님은 혼자 N 근무를 할 수 없어요.,{{nurseName}} cannot work an N shift alone.,{{nurseName}}さんは単独でN勤務を行えません。,,2026-06-10
feature.shiftEditor.validation.nurseForbidWeekend,web,feature.shiftEditor.validation.nurseForbidWeekend,feature.shiftEditor,shiftEditor,text,imported,,,,,,,,,{{nurseName}}님은 주말이나 공휴일 근무를 할 수 없어요.,{{nurseName}} cannot work on weekends or holidays.,{{nurseName}}さんは週末または祝日に勤務できません。,,2026-06-10
feature.shiftEditor.validation.pairForbidSameShift,web,feature.shiftEditor.validation.pairForbidSameShift,feature.shiftEditor,shiftEditor,text,imported,,,,,,,,,{{nurseAName}}님과 {{nurseBName}}님은 같은 근무를 할 수 없어요.,{{nurseAName}} and {{nurseBName}} cannot work the same shift.,{{nurseAName}}さんと{{nurseBName}}さんは同じ勤務にできません。,,2026-06-10
feature.shiftEditor.validation.pairPreferSameShift,web,feature.shiftEditor.validation.pairPreferSameShift,feature.shiftEditor,shiftEditor,text,imported,,,,,,,,,{{nurseAName}}님과 {{nurseBName}}님은 같은 근무를 권장해요.,{{nurseAName}} and {{nurseBName}} are recommended to work the same shift.,{{nurseAName}}さんと{{nurseBName}}さんは同じ勤務が推奨されます。,,2026-06-10
feature.shiftEditor.validation.title.minOffAfterNight,web,feature.shiftEditor.validation.title.minOffAfterNight,feature.shiftEditor,shiftEditor,accessibility,imported,,,,,,,,,야간 후 휴무가 부족해요.,Not enough OFF after night shifts.,夜勤後の休みが不足しています。,,2026-06-10
feature.shiftEditor.validation.title.minStaffShortage,web,feature.shiftEditor.validation.title.minStaffShortage,feature.shiftEditor,shiftEditor,accessibility,imported,,,,,,,,,필요 인원이 부족해요.,Required staffing is short.,必要人数が不足しています。,,2026-06-10
feature.shiftEditor.validation.unknown,web,feature.shiftEditor.validation.unknown,feature.shiftEditor,shiftEditor,text,imported,,,,,,,,,제약 조건을 확인해 주세요.,Review this constraint.,制約条件を確認してください。,,2026-06-10
page.board.comment.cancelReply,web,page.board.comment.cancelReply,page.board,board,button,imported,,,,,,,,,답글 취소,Cancel reply,返信をキャンセル,,2026-06-10
page.board.comment.loading,web,page.board.comment.loading,page.board,board,text,imported,,,,,,,,,댓글을 불러오고 있어요,Loading comments,コメントを読み込んでいます,,2026-06-10
page.board.comment.placeholder,web,page.board.comment.placeholder,page.board,board,input,imported,,,,,,,,,댓글을 입력해 주세요,Write a comment,コメントを入力してください,,2026-06-10
page.board.comment.replyPlaceholder,web,page.board.comment.replyPlaceholder,page.board,board,input,imported,,,,,,,,,답글을 입력해 주세요,Write a reply,返信を入力してください,,2026-06-10
page.board.comment.title,web,page.board.comment.title,page.board,board,accessibility,imported,,,,,,,,,댓글 {{count}},Comments {{count}},コメント {{count}},,2026-06-10
page.board.common.add,web,page.board.common.add,page.board,board,text,imported,,,,,,,,,추가,Add,追加,,2026-06-10
page.board.common.author,web,page.board.common.author,page.board,board,text,imported,,,,,,,,,작성자,Author,投稿者,,2026-06-10
page.board.common.cancel,web,page.board.common.cancel,page.board,board,button,imported,,,,,,,,,취소,Cancel,キャンセル,,2026-06-10
page.board.common.close,web,page.board.common.close,page.board,board,button,imported,,,,,,,,,닫기,Close,閉じる,,2026-06-10
page.board.common.count,web,page.board.common.count,page.board,board,text,imported,,,,,,,,,{{count}}건,{{count}} items,{{count}}件,,2026-06-10
page.board.common.delete,web,page.board.common.delete,page.board,board,button,imported,,,,,,,,,삭제,Delete,削除,,2026-06-10
page.board.common.noContent,web,page.board.common.noContent,page.board,board,text,imported,,,,,,,,,내용 없음,No content,内容なし,,2026-06-10
page.board.common.none,web,page.board.common.none,page.board,board,text,imported,,,,,,,,,없음,None,なし,,2026-06-10
page.board.common.notice,web,page.board.common.notice,page.board,board,text,imported,,,,,,,,,공지,Notice,お知らせ,,2026-06-10
page.board.common.personCount,web,page.board.common.personCount,page.board,board,text,imported,,,,,,,,,{{count}}명,{{count}} people,{{count}}名,,2026-06-10
page.board.common.removeNamed,web,page.board.common.removeNamed,page.board,board,text,imported,,,,,,,,,{{name}} 삭제,Remove {{name}},{{name}}を削除,,2026-06-10
page.board.common.reply,web,page.board.common.reply,page.board,board,text,imported,,,,,,,,,답글,Reply,返信,,2026-06-10
page.board.common.submit,web,page.board.common.submit,page.board,board,button,imported,,,,,,,,,등록,Submit,登録,,2026-06-10
page.board.common.update,web,page.board.common.update,page.board,board,text,imported,,,,,,,,,수정,Update,編集,,2026-06-10
page.board.common.write,web,page.board.common.write,page.board,board,text,imported,,,,,,,,,글쓰기,Write,投稿,,2026-06-10
page.board.composer.addingImage,web,page.board.composer.addingImage,page.board,board,text,imported,,,,,,,,,첨부 중,Attaching,添付中,,2026-06-10
page.board.composer.closeAria,web,page.board.composer.closeAria,page.board,board,accessibility,imported,,,,,,,,,글쓰기 닫기,Close composer,投稿作成を閉じる,,2026-06-10
page.board.composer.content,web,page.board.composer.content,page.board,board,text,imported,,,,,,,,,내용,Content,内容,,2026-06-10
page.board.composer.contentPlaceholder,web,page.board.composer.contentPlaceholder,page.board,board,input,imported,,,,,,,,,공유할 내용을 입력해 주세요,Write what you want to share,共有する内容を入力してください,,2026-06-10
page.board.composer.image,web,page.board.composer.image,page.board,board,text,imported,,,,,,,,,사진,Photos,写真,,2026-06-10
page.board.composer.imageLimit,web,page.board.composer.imageLimit,page.board,board,text,imported,,,,,,,,,최대 {{count}}장 · 장당 {{size}}MB,Up to {{count}} photos · {{size}}MB each,最大{{count}}枚 · 1枚{{size}}MBまで,,2026-06-10
page.board.composer.imageOnly,web,page.board.composer.imageOnly,page.board,board,text,imported,,,,,,,,,이미지 파일만 첨부할 수 있어요.,Only image files can be attached.,画像ファイルのみ添付できます。,,2026-06-10
page.board.composer.imageReadFailed,web,page.board.composer.imageReadFailed,page.board,board,feedback,imported,,,,,,,,,사진을 불러오지 못했어요. 다시 선택해 주세요.,Could not load the photo. Please select it again.,写真を読み込めませんでした。もう一度選択してください。,,2026-06-10
page.board.composer.maxImageCount,web,page.board.composer.maxImageCount,page.board,board,text,imported,,,,,,,,,사진은 최대 {{count}}장까지 첨부할 수 있어요.,You can attach up to {{count}} photos.,写真は最大{{count}}枚まで添付できます。,,2026-06-10
page.board.composer.maxImageSize,web,page.board.composer.maxImageSize,page.board,board,text,imported,,,,,,,,,사진은 장당 {{size}}MB 이하로 첨부해 주세요.,Each photo must be {{size}}MB or smaller.,写真は1枚{{size}}MB以下で添付してください。,,2026-06-10
page.board.composer.newPost,web,page.board.composer.newPost,page.board,board,text,imported,,,,,,,,,새 게시글,New post,新しい投稿,,2026-06-10
page.board.composer.shareTitle,web,page.board.composer.shareTitle,page.board,board,accessibility,imported,,,,,,,,,병동에 공유하기,Share with ward,病棟に共有,,2026-06-10
page.board.composer.title,web,page.board.composer.title,page.board,board,accessibility,imported,,,,,,,,,제목,Title,タイトル,,2026-06-10
page.board.composer.titlePlaceholder,web,page.board.composer.titlePlaceholder,page.board,board,accessibility,imported,,,,,,,,,제목을 입력해 주세요,Enter a title,タイトルを入力してください,,2026-06-10
page.board.confirm.deleteComment,web,page.board.confirm.deleteComment,page.board,board,button,imported,,,,,,,,,댓글을 삭제할까요?,Delete this comment?,コメントを削除しますか？,,2026-06-10
page.board.confirm.deletePost,web,page.board.confirm.deletePost,page.board,board,button,imported,,,,,,,,,게시글을 삭제할까요?,Delete this post?,投稿を削除しますか？,,2026-06-10
page.board.confirm.deleteSchedule,web,page.board.confirm.deleteSchedule,page.board,board,button,imported,,,,,,,,,병동 일정을 삭제할까요?,Delete this ward schedule?,病棟予定を削除しますか？,,2026-06-10
page.board.date.allDay,web,page.board.date.allDay,page.board,board,text,imported,,,,,,,,,종일,All day,終日,,2026-06-10
page.board.date.compactMonthDay,web,page.board.date.compactMonthDay,page.board,board,text,imported,,,,,,,,,{{month}}.{{day}},{{month}}/{{day}},{{month}}/{{day}},,2026-06-10
page.board.date.datePickerButtonAria,web,page.board.date.datePickerButtonAria,page.board,board,accessibility,imported,,,,,,,,,{{label}} {{value}},{{label}} {{value}},{{label}} {{value}},,2026-06-10
page.board.date.datePlaceholder,web,page.board.date.datePlaceholder,page.board,board,input,imported,,,,,,,,,날짜 선택,Select date,日付を選択,,2026-06-10
page.board.date.justNow,web,page.board.date.justNow,page.board,board,text,imported,,,,,,,,,방금,Just now,たった今,,2026-06-10
page.board.date.monthDay,web,page.board.date.monthDay,page.board,board,text,imported,,,,,,,,,{{month}}월 {{day}}일,{{month}}/{{day}},{{month}}月{{day}}日,,2026-06-10
page.board.date.monthTitle,web,page.board.date.monthTitle,page.board,board,accessibility,imported,,,,,,,,,{{year}}년 {{month}}월,{{year}}.{{month}},{{year}}年{{month}}月,,2026-06-10
page.board.date.nextMonth,web,page.board.date.nextMonth,page.board,board,text,imported,,,,,,,,,다음 달,Next month,次の月,,2026-06-10
page.board.date.prevMonth,web,page.board.date.prevMonth,page.board,board,text,imported,,,,,,,,,이전 달,Previous month,前の月,,2026-06-10
page.board.date.quick.inThreeDays,web,page.board.date.quick.inThreeDays,page.board,board,text,imported,,,,,,,,,3일 후,In 3 days,3日後,,2026-06-10
page.board.date.quick.today,web,page.board.date.quick.today,page.board,board,text,imported,,,,,,,,,오늘,Today,今日,,2026-06-10
page.board.date.quick.tomorrow,web,page.board.date.quick.tomorrow,page.board,board,text,imported,,,,,,,,,내일,Tomorrow,明日,,2026-06-10
page.board.date.selectAria,web,page.board.date.selectAria,page.board,board,accessibility,imported,,,,,,,,,{{date}} 선택,Select {{date}},{{date}}を選択,,2026-06-10
page.board.date.timeUnknown,web,page.board.date.timeUnknown,page.board,board,text,imported,,,,,,,,,시간 미정,Time TBD,時間未定,,2026-06-10
page.board.date.weekdays.fri,web,page.board.date.weekdays.fri,page.board,board,text,imported,,,,,,,,,금,Fri,金,,2026-06-10
page.board.date.weekdays.mon,web,page.board.date.weekdays.mon,page.board,board,text,imported,,,,,,,,,월,Mon,月,,2026-06-10
page.board.date.weekdays.sat,web,page.board.date.weekdays.sat,page.board,board,text,imported,,,,,,,,,토,Sat,土,,2026-06-10
page.board.date.weekdays.sun,web,page.board.date.weekdays.sun,page.board,board,text,imported,,,,,,,,,일,Sun,日,,2026-06-10
page.board.date.weekdays.thu,web,page.board.date.weekdays.thu,page.board,board,text,imported,,,,,,,,,목,Thu,木,,2026-06-10
page.board.date.weekdays.tue,web,page.board.date.weekdays.tue,page.board,board,text,imported,,,,,,,,,화,Tue,火,,2026-06-10
page.board.date.weekdays.wed,web,page.board.date.weekdays.wed,page.board,board,text,imported,,,,,,,,,수,Wed,水,,2026-06-10
page.board.deadline.closePicker,web,page.board.deadline.closePicker,page.board,board,button,imported,,,,,,,,,마감일 선택 닫기,Close deadline picker,締切日選択を閉じる,,2026-06-10
page.board.deadline.label,web,page.board.deadline.label,page.board,board,accessibility,imported,,,,,,,,,마감일,Deadline,締切日,,2026-06-10
page.board.deadline.noSelection,web,page.board.deadline.noSelection,page.board,board,text,imported,,,,,,,,,선택 안 함,Not selected,未選択,,2026-06-10
page.board.deadline.overdue,web,page.board.deadline.overdue,page.board,board,text,imported,,,,,,,,,마감 지남,Overdue,締切超過,,2026-06-10
page.board.deadline.pickerTitle,web,page.board.deadline.pickerTitle,page.board,board,accessibility,imported,,,,,,,,,마감일 선택,Select deadline,締切日を選択,,2026-06-10
page.board.deadline.selectedSuffix,web,page.board.deadline.selectedSuffix,page.board,board,text,imported,,,,,,,,,{{date}} 마감,Due {{date}},{{date}}締切,,2026-06-10
page.board.deadline.today,web,page.board.deadline.today,page.board,board,text,imported,,,,,,,,,오늘 마감,Due today,本日締切,,2026-06-10
page.board.description,web,page.board.description,page.board,board,description,imported,,,,,,,,,같은 병동 간호사에게 필요한 내용을 공유할 수 있어요.,Share important updates with nurses in the same ward.,同じ病棟の看護師に必要な内容を共有できます。,,2026-06-10
page.board.detail.attachedImagePreview,web,page.board.detail.attachedImagePreview,page.board,board,text,imported,,,,,,,,,첨부 사진 {{index}} 확대 보기,Open attached photo {{index}},添付写真{{index}}を拡大表示,,2026-06-10
page.board.detail.check,web,page.board.detail.check,page.board,board,text,imported,,,,,,,,,완료 체크,Mark complete,確認チェック,,2026-06-10
page.board.detail.checkedPeople,web,page.board.detail.checkedPeople,page.board,board,text,imported,,,,,,,,,체크 {{count}}명,{{count}} checked,チェック {{count}}名,,2026-06-10
page.board.detail.closeImage,web,page.board.detail.closeImage,page.board,board,button,imported,,,,,,,,,사진 닫기,Close photo,写真を閉じる,,2026-06-10
page.board.detail.deletePost,web,page.board.detail.deletePost,page.board,board,button,imported,,,,,,,,,글 삭제,Delete post,投稿を削除,,2026-06-10
page.board.detail.imagePreview,web,page.board.detail.imagePreview,page.board,board,text,imported,,,,,,,,,사진 확대 보기,Open photo,写真を拡大表示,,2026-06-10
page.board.detail.like,web,page.board.detail.like,page.board,board,text,imported,,,,,,,,,좋아요,Like,いいね,,2026-06-10
page.board.detail.selectPost,web,page.board.detail.selectPost,page.board,board,text,imported,,,,,,,,,게시글을 선택해 주세요,Select a post,投稿を選択してください,,2026-06-10
page.board.detail.uncheck,web,page.board.detail.uncheck,page.board,board,text,imported,,,,,,,,,체크 취소,Remove check,チェックを取り消す,,2026-06-10
page.board.detail.unlike,web,page.board.detail.unlike,page.board,board,text,imported,,,,,,,,,좋아요 취소,Unlike,いいねを取り消す,,2026-06-10
page.board.list.clearSearch,web,page.board.list.clearSearch,page.board,board,text,imported,,,,,,,,,검색어 지우기,Clear search,検索語を消去,,2026-06-10
page.board.list.empty,web,page.board.list.empty,page.board,board,text,imported,,,,,,,,,새 글을 등록해 보세요,Create a new post,新しい投稿を登録してみましょう,,2026-06-10
page.board.list.loadFailed,web,page.board.list.loadFailed,page.board,board,feedback,imported,,,,,,,,,게시글을 불러오지 못했어요,Could not load posts,投稿を読み込めませんでした,,2026-06-10
page.board.list.loading,web,page.board.list.loading,page.board,board,text,imported,,,,,,,,,게시글을 불러오고 있어요,Loading posts,投稿を読み込んでいます,,2026-06-10
page.board.list.searchAria,web,page.board.list.searchAria,page.board,board,accessibility,imported,,,,,,,,,게시글 검색,Search posts,投稿を検索,,2026-06-10
page.board.list.searchPlaceholder,web,page.board.list.searchPlaceholder,page.board,board,input,imported,,,,,,,,,"제목, 내용 검색",Search title or content,タイトル、内容を検索,,2026-06-10
page.board.list.title,web,page.board.list.title,page.board,board,accessibility,imported,,,,,,,,,게시글,Posts,投稿,,2026-06-10
page.board.schedule.calendarTitle,web,page.board.schedule.calendarTitle,page.board,board,accessibility,imported,,,,,,,,,병동 캘린더,Ward calendar,病棟カレンダー,,2026-06-10
page.board.schedule.closeAria,web,page.board.schedule.closeAria,page.board,board,accessibility,imported,,,,,,,,,병동 일정 닫기,Close ward schedule,病棟予定を閉じる,,2026-06-10
page.board.schedule.createAria,web,page.board.schedule.createAria,page.board,board,accessibility,imported,,,,,,,,,병동 일정 등록,Create ward schedule,病棟予定を登録,,2026-06-10
page.board.schedule.datePickerClose,web,page.board.schedule.datePickerClose,page.board,board,button,imported,,,,,,,,,날짜 선택 닫기,Close date picker,日付選択を閉じる,,2026-06-10
page.board.schedule.datePickerHeader,web,page.board.schedule.datePickerHeader,page.board,board,text,imported,,,,,,,,,일정 {{label}},Schedule {{label}},予定 {{label}},,2026-06-10
page.board.schedule.dateTime,web,page.board.schedule.dateTime,page.board,board,text,imported,,,,,,,,,날짜 및 시간,Date and time,日付と時間,,2026-06-10
page.board.schedule.dayAria,web,page.board.schedule.dayAria,page.board,board,accessibility,imported,,,,,,,,,{{date}} 일정 {{count}}건{{selectedSuffix}},"{{date}}, {{count}} schedule items{{selectedSuffix}}",{{date}} 予定{{count}}件{{selectedSuffix}},,2026-06-10
page.board.schedule.editAria,web,page.board.schedule.editAria,page.board,board,accessibility,imported,,,,,,,,,병동 일정 수정,Edit ward schedule,病棟予定を編集,,2026-06-10
page.board.schedule.endDate,web,page.board.schedule.endDate,page.board,board,text,imported,,,,,,,,,종료일,End date,終了日,,2026-06-10
page.board.schedule.endTime,web,page.board.schedule.endTime,page.board,board,text,imported,,,,,,,,,종료,End,終了,,2026-06-10
page.board.schedule.memo,web,page.board.schedule.memo,page.board,board,text,imported,,,,,,,,,메모,Memo,メモ,,2026-06-10
page.board.schedule.memoPlaceholder,web,page.board.schedule.memoPlaceholder,page.board,board,input,imported,,,,,,,,,필요한 내용을 입력해 주세요,Add any details,必要な内容を入力してください,,2026-06-10
page.board.schedule.modalAria,web,page.board.schedule.modalAria,page.board,board,accessibility,imported,,,,,,,,,병동 {{title}},Ward {{title}},病棟 {{title}},,2026-06-10
page.board.schedule.modalCreate,web,page.board.schedule.modalCreate,page.board,board,text,imported,,,,,,,,,일정 등록,Create schedule,予定を登録,,2026-06-10
page.board.schedule.modalEdit,web,page.board.schedule.modalEdit,page.board,board,text,imported,,,,,,,,,일정 수정,Edit schedule,予定を編集,,2026-06-10
page.board.schedule.modalView,web,page.board.schedule.modalView,page.board,board,text,imported,,,,,,,,,일정 보기,View schedule,予定を見る,,2026-06-10
page.board.schedule.monthEventsTitle,web,page.board.schedule.monthEventsTitle,page.board,board,accessibility,imported,,,,,,,,,이번 달 일정,This month,今月の予定,,2026-06-10
page.board.schedule.noMemo,web,page.board.schedule.noMemo,page.board,board,text,imported,,,,,,,,,메모 없음,No memo,メモなし,,2026-06-10
page.board.schedule.noMonthEvents,web,page.board.schedule.noMonthEvents,page.board,board,text,imported,,,,,,,,,병동 일정을 등록하면 여기에 보여요.,Ward schedules will appear here.,病棟予定を登録するとここに表示されます。,,2026-06-10
page.board.schedule.noSelectedDateEvents,web,page.board.schedule.noSelectedDateEvents,page.board,board,text,imported,,,,,,,,,선택한 날짜에 일정이 없어요.,No schedules on the selected date.,選択した日付に予定はありません。,,2026-06-10
page.board.schedule.periodRequired,web,page.board.schedule.periodRequired,page.board,board,text,imported,,,,,,,,,일정 기간을 선택해 주세요.,Please select a schedule period.,予定期間を選択してください。,,2026-06-10
page.board.schedule.postDeadline,web,page.board.schedule.postDeadline,page.board,board,text,imported,,,,,,,,,게시글 마감,Post deadline,投稿締切,,2026-06-10
page.board.schedule.sectionTitle,web,page.board.schedule.sectionTitle,page.board,board,accessibility,imported,,,,,,,,,병동 일정,Ward schedule,病棟予定,,2026-06-10
page.board.schedule.selectedDateTitle,web,page.board.schedule.selectedDateTitle,page.board,board,accessibility,imported,,,,,,,,,{{date}} 일정,{{date}} schedules,{{date}}の予定,,2026-06-10
page.board.schedule.selectedSuffix,web,page.board.schedule.selectedSuffix,page.board,board,text,imported,,,,,,,,,", 선택됨",", selected",、選択中,,2026-06-10
page.board.schedule.startDate,web,page.board.schedule.startDate,page.board,board,text,imported,,,,,,,,,시작일,Start date,開始日,,2026-06-10
page.board.schedule.startTime,web,page.board.schedule.startTime,page.board,board,text,imported,,,,,,,,,시작,Start,開始,,2026-06-10
page.board.schedule.time,web,page.board.schedule.time,page.board,board,text,imported,,,,,,,,,시간,Time,時間,,2026-06-10
page.board.schedule.timeInputAria,web,page.board.schedule.timeInputAria,page.board,board,accessibility,imported,,,,,,,,,{{label}} 시간,{{label}} time,{{label}}時間,,2026-06-10
page.board.schedule.timeMissing,web,page.board.schedule.timeMissing,page.board,board,text,imported,,,,,,,,,시간 일정은 시작 시간과 종료 시간을 모두 입력해 주세요.,Timed schedules require both start and end times.,時間指定の予定は開始時間と終了時間を両方入力してください。,,2026-06-10
page.board.schedule.timeRangeInvalid,web,page.board.schedule.timeRangeInvalid,page.board,board,text,imported,,,,,,,,,같은 날 일정은 종료 시간이 시작 시간보다 늦어야 해요.,"For same-day schedules, the end time must be after the start time.",同じ日の予定は終了時間が開始時間より後である必要があります。,,2026-06-10
page.board.schedule.title,web,page.board.schedule.title,page.board,board,accessibility,imported,,,,,,,,,제목,Title,タイトル,,2026-06-10
page.board.schedule.titlePlaceholder,web,page.board.schedule.titlePlaceholder,page.board,board,accessibility,imported,,,,,,,,,제목을 입력하세요,Enter a title,タイトルを入力してください,,2026-06-10
page.board.schedule.titleRequired,web,page.board.schedule.titleRequired,page.board,board,accessibility,imported,,,,,,,,,제목을 입력해 주세요.,Please enter a title.,タイトルを入力してください。,,2026-06-10
page.board.state.loadingDescription,web,page.board.state.loadingDescription,page.board,board,description,imported,,,,,,,,,병동 정보를 확인하는 중이에요.,Checking ward information.,病棟情報を確認しています。,,2026-06-10
page.board.state.loadingTitle,web,page.board.state.loadingTitle,page.board,board,accessibility,imported,,,,,,,,,게시판을 준비하고 있어요,Preparing board,掲示板を準備しています,,2026-06-10
page.board.state.noWardDescription,web,page.board.state.noWardDescription,page.board,board,description,imported,,,,,,,,,병동 연결 후 게시판을 사용할 수 있어요.,You can use the board after linking a ward.,病棟連携後に掲示板を利用できます。,,2026-06-19
page.board.state.noWardTitle,web,page.board.state.noWardTitle,page.board,board,accessibility,imported,,,,,,,,,병동에 연결하면 게시판을 쓸 수 있어요,Link a ward to use the board,病棟と連携すると掲示板を利用できます,,2026-06-19
page.board.state.retry,web,page.board.state.retry,page.board,board,button,imported,,,,,,,,,다시 시도,Try again,再試行,,2026-06-10
page.board.state.retryDescription,web,page.board.state.retryDescription,page.board,board,button,imported,,,,,,,,,잠시 후 다시 시도해 주세요.,Please try again in a moment.,しばらくしてからもう一度お試しください。,,2026-06-10
page.board.state.wardLoadFailedTitle,web,page.board.state.wardLoadFailedTitle,page.board,board,accessibility,imported,,,,,,,,,병동 정보를 불러오지 못했어요,Could not load ward information,病棟情報を読み込めませんでした,,2026-06-10
page.board.title,web,page.board.title,page.board,board,accessibility,imported,,,,,,,,,게시판,Board,掲示板,,2026-06-10
page.board.tutorial.composer.deadlineInfo,web,page.board.tutorial.composer.deadlineInfo,page.board,board,description,imported,,,,,,,,,"마감일을 정하면 듀팅 앱과 병동 캘린더에 표시돼요.
병동 인원과 공유할 일정에 사용해 보세요.","A deadline appears in the Dutying app and ward calendar.
Use it for updates tied to a date.","締切日を設定するとDutyingアプリと病棟カレンダーに表示されます。
病棟内で共有する予定に活用してください。",,2026-06-10
page.board.tutorial.composer.deadlineTitle,web,page.board.tutorial.composer.deadlineTitle,page.board,board,accessibility,imported,,,,,,,,,마감일을 지정할 수 있어요,Set a deadline,締切日を指定できます,,2026-06-10
page.board.tutorial.detail.checkInfo,web,page.board.tutorial.detail.checkInfo,page.board,board,description,imported,,,,,,,,,"간호사들이 확인하면 체크로 바로 남아요.
요청이나 변경 내용은 댓글로 받으면 돼요.","Nurses can leave a check when they confirm it.
Use comments for requests or changes.","看護師が確認するとチェックとして残ります。
依頼や変更内容はコメントで受け取れます。",,2026-06-10
page.board.tutorial.detail.checkTitle,web,page.board.tutorial.detail.checkTitle,page.board,board,accessibility,imported,,,,,,,,,체크와 댓글로 확인을 관리해요,Track checks and comments,チェックとコメントで確認状況を管理できます,,2026-06-10
page.board.tutorial.list.createInfo,web,page.board.tutorial.list.createInfo,page.board,board,description,imported,,,,,,,,,"작성한 글은 병동 구성원 모두가 볼 수 있어요.
병동 인원과 공유할 내용을 적어 보세요.","Posts are visible to all ward members.
Share updates the ward should know.","作成した投稿は病棟メンバー全員が確認できます。
病棟内で共有したい内容を書いてみましょう。",,2026-06-10
page.board.tutorial.list.createTitle,web,page.board.tutorial.list.createTitle,page.board,board,accessibility,imported,,,,,,,,,새 글은 여기서 작성해요,Create a new post here,新しい投稿はここで作成します,,2026-06-10
page.board.tutorial.list.postsInfo,web,page.board.tutorial.list.postsInfo,page.board,board,description,imported,,,,,,,,,글을 누르면 자세한 내용을 볼 수 있어요.,Select a post to read the details.,投稿を選択すると詳しい内容を確認できます。,,2026-06-10
page.board.tutorial.list.postsTitle,web,page.board.tutorial.list.postsTitle,page.board,board,accessibility,imported,,,,,,,,,게시글 목록을 볼 수 있어요,View board posts,投稿一覧を確認できます,,2026-06-10
page.duty.bootstrapErrorDescription,web,page.duty.bootstrapErrorDescription,page.duty,duty,feedback,imported,,,,,,,,,계정 정보를 다시 확인해 주세요. 문제가 계속되면 다시 로그인해 주세요.,"Please check account information again. If the issue continues, sign in again.",アカウント情報をもう一度確認してください。問題が続く場合は再ログインしてください。,,2026-06-10
page.duty.bootstrapErrorTitle,web,page.duty.bootstrapErrorTitle,page.duty,duty,accessibility,imported,,,,,,,,,병동 정보를 불러오지 못했어요,Could not load ward information,病棟情報を読み込めませんでした,,2026-06-10
page.duty.bootstrapLoadingDescription,web,page.duty.bootstrapLoadingDescription,page.duty,duty,description,imported,,,,,,,,,병동 정보를 확인한 뒤 확정 근무표 화면을 준비하고 있어요.,Preparing the confirmed schedule view after checking ward information.,病棟情報を確認した後、確定勤務表画面を準備しています。,,2026-06-10
page.duty.bootstrapLoadingTitle,web,page.duty.bootstrapLoadingTitle,page.duty,duty,accessibility,imported,,,,,,,,,계정 정보를 확인하고 있어요,Checking account information,アカウント情報を確認しています,,2026-06-10
page.duty.cancel,web,page.duty.cancel,page.duty,duty,button,imported,,,,,,,,,취소하기,Cancel,キャンセル,,2026-06-10
page.duty.confirmedShift,web,page.duty.confirmedShift,page.duty,duty,text,imported,,,,,,,,,확정 근무표,Confirmed duty schedule,確定勤務表,,2026-06-10
page.duty.createCurrentMonth,web,page.duty.createCurrentMonth,page.duty,duty,text,imported,,,,,,,,,이번달 근무표 만들기,Create this month schedule,今月の勤務表を作成,,2026-06-10
page.duty.createNextMonth,web,page.duty.createNextMonth,page.duty,duty,text,imported,,,,,,,,,다음달 근무표 만들기,Create next month schedule,翌月の勤務表を作成,,2026-06-10
page.duty.createShiftFlow,web,page.duty.createShiftFlow,page.duty,duty,text,imported,,,,,,,,,근무표 생성하기,Create schedule,勤務表を作成,,2026-06-10
page.duty.editShift,web,page.duty.editShift,page.duty,duty,text,imported,,,,,,,,,근무표 수정하기,Edit duty schedule,勤務表を編集,,2026-06-10
page.duty.emptyDescription,web,page.duty.emptyDescription,page.duty,duty,description,imported,,,,,,,,,{{month}}월 근무표 생성 화면으로 이동해 일정을 시작할 수 있어요.,Go to schedule creation to start the duty schedule for month {{month}}.,{{month}}月勤務表作成画面へ移動して開始できます。,,2026-06-10
page.duty.emptyScheduleDescription,web,page.duty.emptyScheduleDescription,page.duty,duty,description,imported,,,,,,,,,자동 생성 플로우에서 근무표를 만들 수 있어요.,Create a schedule in the auto-generation flow.,自動生成フローで勤務表を作成できます。,,2026-06-10
page.duty.emptyScheduleTitle,web,page.duty.emptyScheduleTitle,page.duty,duty,accessibility,imported,,,,,,,,,{{teamName}} · {{month}}월 근무표가 아직 없어요,No {{month}} duty schedule for {{teamName}} yet,{{teamName}} · {{month}}月勤務表はまだありません,,2026-06-10
page.duty.emptyTitle,web,page.duty.emptyTitle,page.duty,duty,accessibility,imported,,,,,,,,,{{teamName}}의 {{month}}월 근무표가 없어요.,No duty schedule for {{teamName}} in month {{month}}.,{{teamName}}の{{month}}月勤務表がありません。,,2026-06-10
page.duty.error,web,page.duty.error,page.duty,duty,feedback,imported,,,,,,,,,근무표를 불러오지 못했어요.,Failed to load duty schedule.,勤務表を読み込めませんでした。,,2026-06-10
page.duty.exportExcel,web,page.duty.exportExcel,page.duty,duty,text,imported,,,,,,,,,엑셀 내보내기,Export Excel,Excel出力,,2026-06-10
page.duty.exportExcelLoading,web,page.duty.exportExcelLoading,page.duty,duty,text,imported,,,,,,,,,엑셀 저장 중,Exporting Excel...,Excel保存中,,2026-06-10
page.duty.loading,web,page.duty.loading,page.duty,duty,text,imported,,,,,,,,,근무표를 불러오고 있어요...,Loading duty schedule...,勤務表を読み込んでいます...,,2026-06-10
page.duty.monthHeader,web,page.duty.monthHeader,page.duty,duty,text,imported,,,,,,,,,{{year}}년 {{month}}월,{{year}}-{{month}},{{year}}年{{month}}月,,2026-06-10
page.duty.nextMonth,web,page.duty.nextMonth,page.duty,duty,text,imported,,,,,,,,,다음 달,Next month,次の月,,2026-06-10
page.duty.noTeamsDescription,web,page.duty.noTeamsDescription,page.duty,duty,description,imported,,,,,,,,,근무팀을 만든 뒤 다시 확인해 주세요.,Create a shift team and try again.,勤務チームを作成してからもう一度確認してください。,,2026-06-10
page.duty.noTeamsLabel,web,page.duty.noTeamsLabel,page.duty,duty,accessibility,imported,,,,,,,,,근무팀 없음,No shift teams,勤務チームなし,,2026-06-10
page.duty.noTeamsTitle,web,page.duty.noTeamsTitle,page.duty,duty,accessibility,imported,,,,,,,,,근무팀을 만들면 근무표를 볼 수 있어요.,No shift teams found.,勤務チームを作成すると勤務表を確認できます。,,2026-06-10
page.duty.pastEmptyScheduleTitle,web,page.duty.pastEmptyScheduleTitle,page.duty,duty,accessibility,imported,,,,,,,,,{{teamName}} · {{month}}월 근무표가 없어요,No {{month}} duty schedule for {{teamName}},{{teamName}} · {{month}}月勤務表がありません,,2026-06-10
page.duty.prevMonth,web,page.duty.prevMonth,page.duty,duty,text,imported,,,,,,,,,이전 달,Previous month,前の月,,2026-06-10
page.duty.publish,web,page.duty.publish,page.duty,duty,text,imported,,,,,,,,,게시하기,Publish,公開,,2026-06-10
page.duty.save,web,page.duty.save,page.duty,duty,button,imported,,,,,,,,,저장하기,Save,保存,,2026-06-10
page.duty.selectedTeamFallback,web,page.duty.selectedTeamFallback,page.duty,duty,text,imported,,,,,,,,,선택한 팀,Selected team,選択したチーム,,2026-06-10
page.duty.teamsError,web,page.duty.teamsError,page.duty,duty,feedback,imported,,,,,,,,,근무팀을 불러오지 못했어요.,Failed to load shift teams.,勤務チームを読み込めませんでした。,,2026-06-10
page.duty.title,web,page.duty.title,page.duty,duty,accessibility,imported,,,,,,,,,근무 관리,Duty management,勤務管理,,2026-06-10
page.duty.viewRangeDescription,web,page.duty.viewRangeDescription,page.duty,duty,description,imported,,,,,,,,,다음 달까지의 근무표만 생성 및 조회할 수 있어요.,You can only create and view schedules through the next month.,翌月までの勤務表のみ作成・閲覧できます。,,2026-06-10
page.duty.viewRangeTitle,web,page.duty.viewRangeTitle,page.duty,duty,accessibility,imported,,,,,,,,,이 기간의 근무표는 볼 수 없어요,This period is not available,この期間の勤務表は表示できません,,2026-06-10
page.duty.wardCodeChecking,web,page.duty.wardCodeChecking,page.duty,duty,text,imported,,,,,,,,,확인 중,Checking,確認中,,2026-06-10
page.dutying.comingSoon,web,page.dutying.comingSoon,page.dutying,dutying,text,imported,,,,,,,,,준비 중,Coming soon,準備中,,2026-06-19
page.dutying.description,web,page.dutying.description,page.dutying,dutying,description,imported,,,,,,,,,듀팅 서비스 이용에 필요한 안내와 정책을 확인해요.,Find service information and policies for Dutying.,Dutyingサービスの利用に必要な案内とポリシーを確認できます。,,2026-06-19
page.dutying.items.contact.description,web,page.dutying.items.contact.description,page.dutying,dutying,description,imported,,,,,,,,,궁금한 점이나 도움이 필요한 내용을 남겨요.,Ask questions or leave a support request.,質問やサポートが必要な内容を送れます。,,2026-06-19
page.dutying.items.contact.title,web,page.dutying.items.contact.title,page.dutying,dutying,text,imported,,,,,,,,,문의하기,Contact us,お問い合わせ,,2026-06-19
page.dutying.items.notice.description,web,page.dutying.items.notice.description,page.dutying,dutying,description,imported,,,,,,,,,업데이트와 서비스 안내를 확인해요.,Check updates and service announcements.,アップデートとサービス案内を確認できます。,,2026-06-19
page.dutying.items.notice.title,web,page.dutying.items.notice.title,page.dutying,dutying,text,imported,,,,,,,,,공지사항,Notices,お知らせ,,2026-06-19
page.dutying.items.privacy.description,web,page.dutying.items.privacy.description,page.dutying,dutying,description,imported,,,,,,,,,개인정보 처리 기준을 확인해요.,Review how personal information is handled.,個人情報の取り扱い基準を確認できます。,,2026-06-19
page.dutying.items.privacy.title,web,page.dutying.items.privacy.title,page.dutying,dutying,text,imported,,,,,,,,,개인정보 처리방침,Privacy Policy,プライバシーポリシー,,2026-06-19
page.dutying.items.terms.description,web,page.dutying.items.terms.description,page.dutying,dutying,description,imported,,,,,,,,,서비스 이용 조건을 확인해요.,Review the terms for using the service.,サービス利用条件を確認できます。,,2026-06-19
page.dutying.items.terms.title,web,page.dutying.items.terms.title,page.dutying,dutying,text,imported,,,,,,,,,이용약관,Terms of Service,利用規約,,2026-06-19
page.dutying.title,web,page.dutying.title,page.dutying,dutying,accessibility,imported,,,,,,,,,듀팅,Dutying,Dutying,,2026-06-19
page.error.documentTitle,web,page.error.documentTitle,page.error,error,accessibility,imported,,,,,,,,,{{title}} | 듀팅,{{title}} | Dutying,{{title}} | Dutying,,2026-06-10
page.error.goBack,web,page.error.goBack,page.error,error,feedback,imported,,,,,,,,,이전 화면,Go back,前の画面へ,,2026-06-10
page.error.goHome,web,page.error.goHome,page.error,error,feedback,imported,,,,,,,,,근무표로 가기,Go to schedule,勤務表へ,,2026-06-10
page.error.notFound.code,web,page.error.notFound.code,page.error,error,feedback,imported,,,,,,,,,404,404,404,,2026-06-10
page.error.notFound.description,web,page.error.notFound.description,page.error,error,feedback,imported,,,,,,,,,"주소가 바뀌었거나 더 이상 제공하지 않는 화면일 수 있어요.
근무표 화면에서 다시 시작해 주세요.","The address may have changed or this screen may no longer be available.
Start again from the schedule page.","アドレスが変更されたか、この画面は現在提供されていない可能性があります。
勤務表画面からもう一度開始してください。",,2026-06-10
page.error.notFound.title,web,page.error.notFound.title,page.error,error,accessibility,imported,,,,,,,,,페이지를 찾을 수 없어요,Page not found,ページが見つかりません,,2026-06-10
page.error.retry,web,page.error.retry,page.error,error,feedback,imported,,,,,,,,,다시 시도,Try again,再試行,,2026-06-10
page.error.unexpected.code,web,page.error.unexpected.code,page.error,error,feedback,imported,,,,,,,,,ERROR,ERROR,ERROR,,2026-06-10
page.error.unexpected.description,web,page.error.unexpected.description,page.error,error,feedback,imported,,,,,,,,,"일시적인 문제가 발생했어요.
다시 시도해도 계속된다면 새로고침 후 확인해 주세요.","Something went wrong for a moment.
If it keeps happening, refresh and try again.","一時的な問題が発生しました。
再試行しても続く場合は、再読み込みして確認してください。",,2026-06-10
page.error.unexpected.title,web,page.error.unexpected.title,page.error,error,accessibility,imported,,,,,,,,,화면을 불러오지 못했어요,Could not load this screen,画面を読み込めませんでした,,2026-06-10
page.landing.appFeature.community.description,web,page.landing.appFeature.community.description,page.landing,landing,description,imported,,,,,,,,,"궁금했던 정보부터
말하기 어려웠던 고민까지 익명으로 나눠요.","Share questions, clinical tips, and hard-to-say concerns anonymously.",気になる情報から話しづらい悩みまで匿名で共有できます。,,2026-06-10
page.landing.appFeature.community.highlight,web,page.landing.appFeature.community.highlight,page.landing,landing,text,imported,,,,,,,,,진짜 이야기,Real stories,リアルな話,,2026-06-10
page.landing.appFeature.community.label,web,page.landing.appFeature.community.label,page.landing,landing,accessibility,imported,,,,,,,,,널톡,Nurse talk,ナーストーク,,2026-06-10
page.landing.appFeature.community.title,web,page.landing.appFeature.community.title,page.landing,landing,accessibility,imported,,,,,,,,,"간호사들의 진짜 이야기가
모이는 곳","Real stories from nurses,
in one place","看護師のリアルな話が
集まる場所",,2026-06-10
page.landing.appFeature.home.description,web,page.landing.appFeature.home.description,page.landing,landing,description,imported,,,,,,,,,앱을 열지 않아도 위젯으로 바로 확인해요,Check schedules directly from widgets without opening the app.,アプリを開かなくてもウィジェットですぐ確認できます,,2026-06-10
page.landing.appFeature.home.highlightPersonal,web,page.landing.appFeature.home.highlightPersonal,page.landing,landing,text,imported,,,,,,,,,개인 일정,personal plans,個人予定,,2026-06-10
page.landing.appFeature.home.highlightSchedule,web,page.landing.appFeature.home.highlightSchedule,page.landing,landing,text,imported,,,,,,,,,근무 일정,Work shifts,勤務予定,,2026-06-10
page.landing.appFeature.home.label,web,page.landing.appFeature.home.label,page.landing,landing,accessibility,imported,,,,,,,,,홈,Home,ホーム,,2026-06-10
page.landing.appFeature.home.title,web,page.landing.appFeature.home.title,page.landing,landing,accessibility,imported,,,,,,,,,"근무 일정부터
개인 일정까지 한 번에","Work shifts and
personal plans together","勤務予定から
個人予定まで一つに",,2026-06-10
page.landing.appFeature.ward.description,web,page.landing.appFeature.ward.description,page.landing,landing,description,imported,,,,,,,,,교대 근무에 필요한 일정 확인과 조율을 더 간편하게,Coordinate shift-work schedules with less back-and-forth.,交代勤務に必要な予定確認と調整をより簡単にします,,2026-06-10
page.landing.appFeature.ward.highlight,web,page.landing.appFeature.ward.highlight,page.landing,landing,text,imported,,,,,,,,,병동과 연동,Connect with your ward,病棟と連携,,2026-06-10
page.landing.appFeature.ward.label,web,page.landing.appFeature.ward.label,page.landing,landing,accessibility,imported,,,,,,,,,병동,Ward,病棟,,2026-06-10
page.landing.appFeature.ward.title,web,page.landing.appFeature.ward.title,page.landing,landing,accessibility,imported,,,,,,,,,"병동과 연동하고
동료 일정을 함께 확인해요","Connect with your ward
and see team schedules","病棟と連携し
同僚の予定も確認",,2026-06-10
page.landing.appSection.pill,web,page.landing.appSection.pill,page.landing,landing,text,imported,,,,,,,,,APP,APP,APP,,2026-06-10
page.landing.appSection.titleLine1,web,page.landing.appSection.titleLine1,page.landing,landing,accessibility,imported,,,,,,,,,근무 일정 관리부터,Shift schedules,勤務予定の管理から,,2026-06-10
page.landing.appSection.titleLine2,web,page.landing.appSection.titleLine2,page.landing,landing,accessibility,imported,,,,,,,,,병동까지 한 번에,and ward updates together,病棟まで一つに,,2026-06-10
page.landing.common.appDownload,web,page.landing.common.appDownload,page.landing,landing,text,imported,,,,,,,,,앱 다운로드,Download app,アプリをダウンロード,,2026-06-10
page.landing.common.appSchedule,web,page.landing.common.appSchedule,page.landing,landing,text,imported,,,,,,,,,앱에서 근무표 확인하기,Check schedules in the app,アプリで勤務表を確認,,2026-06-10
page.landing.common.copyright,web,page.landing.common.copyright,page.landing,landing,text,imported,,,,,,,,,ⓒ 2026 듀팅. All Rights Reserved,ⓒ 2026 Dutying. All Rights Reserved,ⓒ 2026 Dutying. All Rights Reserved,,2026-06-10
page.landing.common.login,web,page.landing.common.login,page.landing,landing,text,imported,,,,,,,,,로그인,Sign in,ログイン,,2026-06-10
page.landing.common.logout,web,page.landing.common.logout,page.landing,landing,text,imported,,,,,,,,,로그아웃,Sign out,ログアウト,,2026-06-10
page.landing.common.makeSchedule,web,page.landing.common.makeSchedule,page.landing,landing,text,imported,,,,,,,,,근무표 만들기,Create schedule,勤務表を作成,,2026-06-10
page.landing.common.profile,web,page.landing.common.profile,page.landing,landing,text,imported,,,,,,,,,마이페이지,Account,マイページ,,2026-06-10
page.landing.common.profileClose,web,page.landing.common.profileClose,page.landing,landing,button,imported,,,,,,,,,마이페이지 닫기,Close account,マイページを閉じる,,2026-06-10
page.landing.common.profileMenu,web,page.landing.common.profileMenu,page.landing,landing,text,imported,,,,,,,,,프로필 메뉴,Profile menu,プロフィールメニュー,,2026-06-10
page.landing.common.schedule,web,page.landing.common.schedule,page.landing,landing,text,imported,,,,,,,,,근무표,Schedule,勤務表,,2026-06-10
page.landing.common.tryDemo,web,page.landing.common.tryDemo,page.landing,landing,text,imported,,,,,,,,,체험하기,Try demo,体験する,,2026-06-10
page.landing.common.viewDesktop,web,page.landing.common.viewDesktop,page.landing,landing,text,imported,,,,,,,,,PC 버전으로 보기,View desktop version,PC版で見る,,2026-06-10
page.landing.common.viewMobile,web,page.landing.common.viewMobile,page.landing,landing,text,imported,,,,,,,,,모바일 버전으로 보기,View mobile version,モバイル版で見る,,2026-06-10
page.landing.common.webMakeSchedule,web,page.landing.common.webMakeSchedule,page.landing,landing,text,imported,,,,,,,,,웹에서 근무표 만들기,Create a schedule on web,Webで勤務表を作成,,2026-06-10
page.landing.feature.ai.description,web,page.landing.feature.ai.description,page.landing,landing,description,imported,,,,,,,,,"놓치기 쉬운 조건을
단계별로 확인하고 반영할 수 있어요","Review easy-to-miss conditions
step by step and apply them.","見落としやすい条件を
段階ごとに確認して反映できます",,2026-06-10
page.landing.feature.ai.label,web,page.landing.feature.ai.label,page.landing,landing,accessibility,imported,,,,,,,,,AI 자동채우기,AI autofill,AI自動入力,,2026-06-10
page.landing.feature.ai.title,web,page.landing.feature.ai.title,page.landing,landing,accessibility,imported,,,,,,,,,"빈 근무표를
처음부터 채우지 않아도 돼요","No need to fill
blank schedules from scratch","空の勤務表を
一から埋める必要はありません",,2026-06-10
page.landing.feature.integration.description,web,page.landing.feature.integration.description,page.landing,landing,description,imported,,,,,,,,,"신청근무를 앱에서 보낼 수 있어요.
근무표가 확정되면 앱으로 즉시 전달돼요.","Nurses can send requests in the app.
Confirmed schedules are delivered instantly.","勤務希望をアプリから送れます。
勤務表が確定するとアプリへすぐ届きます。",,2026-06-10
page.landing.feature.integration.highlight,web,page.landing.feature.integration.highlight,page.landing,landing,text,imported,,,,,,,,,연동,Connect,連携,,2026-06-10
page.landing.feature.integration.label,web,page.landing.feature.integration.label,page.landing,landing,accessibility,imported,,,,,,,,,연동,Connected workflow,連携,,2026-06-10
page.landing.feature.integration.title,web,page.landing.feature.integration.title,page.landing,landing,accessibility,imported,,,,,,,,,"간호사와 병동을
연동할 수 있어요","Connect nurses
with the ward","看護師と病棟を
連携できます",,2026-06-10
page.landing.feature.review.description,web,page.landing.feature.review.description,page.landing,landing,description,imported,,,,,,,,,"수정이 필요한 부분을
바로 보고, 수정안까지 볼 수 있어요.","See what needs attention
and review suggested fixes.","修正が必要な箇所を
すぐ確認し、修正案も確認できます。",,2026-06-10
page.landing.feature.review.label,web,page.landing.feature.review.label,page.landing,landing,accessibility,imported,,,,,,,,,AI 자동채우기,AI autofill,AI自動入力,,2026-06-10
page.landing.feature.review.title,web,page.landing.feature.review.title,page.landing,landing,accessibility,imported,,,,,,,,,"잘못된 근무를
바로 확인하고, 수정까지","Find wrong shifts
and fix them quickly","誤った勤務を
すぐ確認し、修正まで",,2026-06-10
page.landing.feature.ward.description,web,page.landing.feature.ward.description,page.landing,landing,description,imported,,,,,,,,,"꼭 봐야 할 공지부터 가벼운 안내까지
놓치지 않고 한 곳에서","From must-read notices to quick updates,
keep everything in one place.","必ず見てほしいお知らせから軽い案内まで
一か所で見逃さず確認できます",,2026-06-10
page.landing.feature.ward.highlightNurse,web,page.landing.feature.ward.highlightNurse,page.landing,landing,text,imported,,,,,,,,,간호사,ward nurses,看護師,,2026-06-10
page.landing.feature.ward.highlightShare,web,page.landing.feature.ward.highlightShare,page.landing,landing,text,imported,,,,,,,,,공유,Share,共有,,2026-06-10
page.landing.feature.ward.label,web,page.landing.feature.ward.label,page.landing,landing,accessibility,imported,,,,,,,,,게시판,Board,掲示板,,2026-06-10
page.landing.feature.ward.title,web,page.landing.feature.ward.title,page.landing,landing,accessibility,imported,,,,,,,,,"병동 간호사에게
필요한 내용을 쉽게 공유해요","Share what ward nurses
need to know","病棟看護師に
必要な内容を簡単に共有",,2026-06-10
page.landing.finalCta.download,web,page.landing.finalCta.download,page.landing,landing,text,imported,,,,,,,,,앱 다운로드,Download app,アプリをダウンロード,,2026-06-10
page.landing.finalCta.eyebrow,web,page.landing.finalCta.eyebrow,page.landing,landing,text,imported,,,,,,,,,1분이면 충분해요,One minute is enough,1分で十分です,,2026-06-10
page.landing.finalCta.titleLine1,web,page.landing.finalCta.titleLine1,page.landing,landing,accessibility,imported,,,,,,,,,웹과 앱을 연동해서,Connect web and app,Webとアプリを連携して,,2026-06-10
page.landing.finalCta.titleLine2,web,page.landing.finalCta.titleLine2,page.landing,landing,accessibility,imported,,,,,,,,,관리해 보세요,to manage your ward,管理してみましょう,,2026-06-10
page.landing.header.app,web,page.landing.header.app,page.landing,landing,text,imported,,,,,,,,,간호사 앱,Nurse app,看護師アプリ,,2026-06-10
page.landing.header.homeAria,web,page.landing.header.homeAria,page.landing,landing,accessibility,imported,,,,,,,,,듀팅 랜딩 홈,Dutying landing home,Dutyingランディングホーム,,2026-06-10
page.landing.header.inquiry,web,page.landing.header.inquiry,page.landing,landing,text,imported,,,,,,,,,문의하기,Contact us,お問い合わせ,,2026-06-10
page.landing.header.sectionAria,web,page.landing.header.sectionAria,page.landing,landing,accessibility,imported,,,,,,,,,랜딩 섹션,Landing sections,ランディングセクション,,2026-06-10
page.landing.header.web,web,page.landing.header.web,page.landing,landing,text,imported,,,,,,,,,근무표 관리자 웹,Manager web,勤務表管理Web,,2026-06-10
page.landing.hero.ariaLabel,web,page.landing.hero.ariaLabel,page.landing,landing,accessibility,imported,,,,,,,,,"교대 근무표, 듀팅으로 더 간편하게","Shift schedules, made easier with Dutying",交代勤務表をDutyingでもっと簡単に,,2026-06-10
page.landing.hero.description,web,page.landing.hero.description,page.landing,landing,description,imported,,,,,,,,,"AI로 근무표를 쉽고 빠르게 만들고,
간호사와 연동해 병동 관리를 더 간편하게","Create schedules faster with AI,
and connect nurses to simplify ward operations.","AIで勤務表をすばやく作成し、
看護師と連携して病棟管理をもっと簡単に。",,2026-06-10
page.landing.hero.phraseSchedule,web,page.landing.hero.phraseSchedule,page.landing,landing,text,imported,,,,,,,,,"교대 근무표,","Shift schedules,",交代勤務表、,,2026-06-10
page.landing.hero.phraseWard,web,page.landing.hero.phraseWard,page.landing,landing,text,imported,,,,,,,,,"병동 관리,","Ward operations,",病棟管理、,,2026-06-10
page.landing.hero.suffix,web,page.landing.hero.suffix,page.landing,landing,text,imported,,,,,,,,,듀팅으로 더 간편하게,made easier with Dutying,Dutyingでもっと簡単に,,2026-06-10
page.landing.imageAlt.appLogo,web,page.landing.imageAlt.appLogo,page.landing,landing,accessibility,imported,,,,,,,,,듀팅 앱 로고 이미지,Dutying app logo image,Dutyingアプリロゴ画像,,2026-06-10
page.landing.imageAlt.appScreen,web,page.landing.imageAlt.appScreen,page.landing,landing,accessibility,imported,,,,,,,,,앱 화면,App screen,アプリ画面,,2026-06-10
page.landing.imageAlt.integration,web,page.landing.imageAlt.integration,page.landing,landing,accessibility,imported,,,,,,,,,간호사가 앱으로 근무 신청을 확인하는 모습,A nurse reviewing shift requests in the app,看護師がアプリで勤務希望を確認している画面,,2026-06-10
page.landing.imageAlt.mobileHero,web,page.landing.imageAlt.mobileHero,page.landing,landing,accessibility,imported,,,,,,,,,듀팅 앱 근무 일정 화면,Dutying app shift schedule screen,Dutyingアプリの勤務予定画面,,2026-06-10
page.landing.imageAlt.wardBoard,web,page.landing.imageAlt.wardBoard,page.landing,landing,accessibility,imported,,,,,,,,,병동 게시판 화면,Ward board screen,病棟掲示板画面,,2026-06-10
page.landing.imageAlt.webSchedule,web,page.landing.imageAlt.webSchedule,page.landing,landing,accessibility,imported,,,,,,,,,듀팅 웹 근무표 작성 화면,Dutying web schedule editor screen,Dutying Web勤務表作成画面,,2026-06-10
page.landing.mobileBenefits.community.description,web,page.landing.mobileBenefits.community.description,page.landing,landing,description,imported,,,,,,,,,간호사끼리 필요한 정보와 이야기를 가볍게 나눠요.,Share useful information and everyday stories with nurses.,看護師同士で必要な情報や日々の話題を気軽に共有できます。,,2026-06-10
page.landing.mobileBenefits.community.title,web,page.landing.mobileBenefits.community.title,page.landing,landing,accessibility,imported,,,,,,,,,널톡 커뮤니티,Nurse community,看護師コミュニティ,,2026-06-10
page.landing.mobileBenefits.schedule.description,web,page.landing.mobileBenefits.schedule.description,page.landing,landing,description,imported,,,,,,,,,내 근무표와 개인 일정을 앱에서 바로 확인해요.,Check your shifts and personal events right in the app.,自分の勤務表と個人予定をアプリですぐ確認できます。,,2026-06-10
page.landing.mobileBenefits.schedule.title,web,page.landing.mobileBenefits.schedule.title,page.landing,landing,accessibility,imported,,,,,,,,,근무 일정 확인,Shift schedule,勤務予定の確認,,2026-06-10
page.landing.mobileBenefits.ward.description,web,page.landing.mobileBenefits.ward.description,page.landing,landing,description,imported,,,,,,,,,병동과 연결해 신청근무와 휴일 요청을 간편하게 보내요.,Connect to your ward and send shift or day-off requests easily.,病棟とつながり、勤務希望や休み希望を簡単に送れます。,,2026-06-10
page.landing.mobileBenefits.ward.title,web,page.landing.mobileBenefits.ward.title,page.landing,landing,accessibility,imported,,,,,,,,,병동 연동,Ward connection,病棟連携,,2026-06-10
page.landing.mobileHero.benefitsLabel,web,page.landing.mobileHero.benefitsLabel,page.landing,landing,accessibility,imported,,,,,,,,,앱 주요 기능,Key app features,アプリの主な機能,,2026-06-10
page.landing.mobileHero.benefitsTitleLine1,web,page.landing.mobileHero.benefitsTitleLine1,page.landing,landing,accessibility,imported,,,,,,,,,간호사에게 꼭 필요한 기능을,Built around what,看護師に必要な機能を,,2026-06-10
page.landing.mobileHero.benefitsTitleLine2,web,page.landing.mobileHero.benefitsTitleLine2,page.landing,landing,accessibility,imported,,,,,,,,,듀팅에 담았어요,nurses need every day,Dutyingにまとめました,,2026-06-10
page.landing.mobileHero.communityAria,web,page.landing.mobileHero.communityAria,page.landing,landing,accessibility,imported,,,,,,,,,"커리어, 임상, 고민까지 듀팅에서 나눠요","Share career, clinical, and daily concerns in Dutying",キャリア、臨床、悩みまでDutyingで共有できます,,2026-06-10
page.landing.mobileHero.communityLine1,web,page.landing.mobileHero.communityLine1,page.landing,landing,text,imported,,,,,,,,,"커리어, 임상, 고민까지","Talk career, clinic,",キャリア、臨床、悩みも,,2026-06-10
page.landing.mobileHero.communityLine2,web,page.landing.mobileHero.communityLine2,page.landing,landing,text,imported,,,,,,,,,듀팅에서 나눠요,and daily concerns,Dutyingで共有,,2026-06-10
page.landing.mobileHero.description,web,page.landing.mobileHero.description,page.landing,landing,description,imported,,,,,,,,,"근무 확인부터 신청근무/휴일 요청, 병동 소식까지 앱에서 바로 챙겨요.","Keep shifts, requests, days off, and ward updates together in the app.",勤務確認から勤務希望・休み希望、病棟のお知らせまでアプリでまとめて確認できます。,,2026-06-10
page.landing.mobileHero.downloadEyebrow,web,page.landing.mobileHero.downloadEyebrow,page.landing,landing,text,imported,,,,,,,,,듀팅 앱 다운로드,Download Dutying,Dutyingアプリをダウンロード,,2026-06-10
page.landing.mobileHero.downloadTitleLine1,web,page.landing.mobileHero.downloadTitleLine1,page.landing,landing,accessibility,imported,,,,,,,,,내 근무와 병동 소식을,Do not miss your shifts,自分の勤務と病棟のお知らせを,,2026-06-10
page.landing.mobileHero.downloadTitleLine2,web,page.landing.mobileHero.downloadTitleLine2,page.landing,landing,accessibility,imported,,,,,,,,,앱으로 놓치지 마세요,or ward updates,アプリで見逃さない,,2026-06-10
page.landing.mobileHero.requestAria,web,page.landing.mobileHero.requestAria,page.landing,landing,accessibility,imported,,,,,,,,,신청근무와 휴일 요청을 더 쉽게 보내요,Send shift and day-off requests more easily,勤務希望と休み希望をもっと簡単に送れます,,2026-06-10
page.landing.mobileHero.requestLine1,web,page.landing.mobileHero.requestLine1,page.landing,landing,text,imported,,,,,,,,,신청근무와 휴일 요청을,Send shift and day-off,勤務希望と休み希望を,,2026-06-10
page.landing.mobileHero.requestLine2,web,page.landing.mobileHero.requestLine2,page.landing,landing,text,imported,,,,,,,,,더 쉽게 보내요,requests more easily,もっと簡単に送信,,2026-06-10
page.landing.mobileHero.scheduleAria,web,page.landing.mobileHero.scheduleAria,page.landing,landing,accessibility,imported,,,,,,,,,"내 근무 일정, 듀팅에서 바로 확인해요",Check your shifts instantly in Dutying,自分の勤務予定をDutyingですぐ確認できます,,2026-06-10
page.landing.mobileHero.scheduleLine1,web,page.landing.mobileHero.scheduleLine1,page.landing,landing,text,imported,,,,,,,,,"내 근무 일정,",Check your shifts,自分の勤務予定を,,2026-06-10
page.landing.mobileHero.scheduleLine2,web,page.landing.mobileHero.scheduleLine2,page.landing,landing,text,imported,,,,,,,,,듀팅에서 바로 확인해요,instantly in Dutying,Dutyingですぐ確認,,2026-06-10
page.landing.mobileHero.wardAria,web,page.landing.mobileHero.wardAria,page.landing,landing,accessibility,imported,,,,,,,,,병동 소식도 듀팅으로 바로 받아요,Get ward updates right in Dutying,病棟のお知らせもDutyingですぐ受け取れます,,2026-06-10
page.landing.mobileHero.wardLine1,web,page.landing.mobileHero.wardLine1,page.landing,landing,text,imported,,,,,,,,,병동 소식도,Get ward updates,病棟のお知らせも,,2026-06-10
page.landing.mobileHero.wardLine2,web,page.landing.mobileHero.wardLine2,page.landing,landing,text,imported,,,,,,,,,듀팅으로 바로 받아요,right in Dutying,Dutyingですぐ確認,,2026-06-10
page.landing.title,web,page.landing.title,page.landing,landing,accessibility,imported,,,,,,,,,"근무표
이제 더 간편하게!","Duty Schedule
Now Easier!","勤務表を
もっと簡単に！",,2026-06-10
page.landing.webSection.pill,web,page.landing.webSection.pill,page.landing,landing,text,imported,,,,,,,,,Web,Web,Web,,2026-06-10
page.landing.webSection.titleHighlight,web,page.landing.webSection.titleHighlight,page.landing,landing,accessibility,imported,,,,,,,,,AI로 1분,1 minute with AI,AIで1分,,2026-06-10
page.landing.webSection.titleLine1,web,page.landing.webSection.titleLine1,page.landing,landing,accessibility,imported,,,,,,,,,"복잡한 근무표,","Complex schedules,",複雑な勤務表を、,,2026-06-10
page.landing.webSection.titleLine2Prefix,web,page.landing.webSection.titleLine2Prefix,page.landing,landing,accessibility,imported,,,,,,,,,이제,now built in,これからは,,2026-06-10
page.landing.webSection.titleLine2Suffix,web,page.landing.webSection.titleLine2Suffix,page.landing,landing,accessibility,imported,,,en,,,,,,만에 만들기,,で作成,,2026-06-10
page.login.appleContinue,web,page.login.appleContinue,page.login,login,text,imported,,,,,,,,,Apple로 계속하기,Continue with Apple,Appleで続ける,,2026-06-10
page.login.appleCta,web,page.login.appleCta,page.login,login,text,imported,,,,,,,,,Apple 계정으로 시작하기,Continue with Apple,Appleアカウントで始める,,2026-06-10
page.login.appleStart,web,page.login.appleStart,page.login,login,text,imported,,,,,,,,,Apple로 시작하기,Start with Apple,Appleで始める,,2026-06-10
page.login.continuePrefix,web,page.login.continuePrefix,page.login,login,text,imported,,,,,,,,,계속하면,"By continuing, you agree to the",続行すると,,2026-06-10
page.login.demoExpired.bannerDescription,web,page.login.demoExpired.bannerDescription,page.login,login,description,imported,,,,,,,,,"정식 전환 API는 준비 중이라, 이번 단계에서는 로그인 후 회원가입 절차로 연결해요.","The full conversion API is still in progress, so for now we will guide you through login and signup first.",正式切り替えAPIは準備中のため、現段階ではログイン後に登録手続きへ案内します。,,2026-06-10
page.login.demoExpired.bannerTitle,web,page.login.demoExpired.bannerTitle,page.login,login,accessibility,imported,,,,,,,,,체험 종료 후 전환 안내,Demo ended,体験終了後のご案内,,2026-06-10
page.login.demoExpired.description,web,page.login.demoExpired.description,page.login,login,description,imported,,,,,,,,,"체험 시간은 끝났지만, 지금 가입하면 정식 계정 등록 절차를 바로 시작할 수 있어요.","Your demo time has ended, but you can immediately continue with the full signup flow.",体験時間は終了しましたが、今すぐ登録すると正式なアカウント登録へ進めます。,,2026-06-10
page.login.demoExpired.title,web,page.login.demoExpired.title,page.login,login,accessibility,imported,,,,,,,,,회원가입하고 이어서 사용하기,Sign up and keep going,登録して続ける,,2026-06-10
page.login.demoSignupDescription,web,page.login.demoSignupDescription,page.login,login,description,imported,,,,,,,,,계정을 만든 뒤 새 병동을 만들면 이후에도 데이터를 이어서 관리할 수 있어요.,Create an account and a new ward to keep managing your data afterward.,アカウント作成後に新しい病棟を作成すると、以後もデータを継続して管理できます。,,2026-06-10
page.login.demoSignupTitle,web,page.login.demoSignupTitle,page.login,login,accessibility,imported,,,,,,,,,체험 계정을 정식 계정으로 전환해요,Convert your trial account to a full account,体験アカウントを正式アカウントに切り替えます,,2026-06-10
page.login.description,web,page.login.description,page.login,login,description,imported,,,,,,,,,소셜 계정으로 듀팅을 시작해 보세요.,Start Dutying with your social account.,ソーシャルアカウントでDutyingを始めましょう。,,2026-06-10
page.login.email,web,page.login.email,page.login,login,text,imported,,,,,,,,,이메일,Email,メールアドレス,,2026-06-10
page.login.emailPlaceholder,web,page.login.emailPlaceholder,page.login,login,input,imported,,,,,,,,,이메일을 입력하세요,Enter your email,メールアドレスを入力してください,,2026-06-10
page.login.emailSignupPlaceholder,web,page.login.emailSignupPlaceholder,page.login,login,input,imported,,,,,,,,,이메일을 입력해 주세요,Enter your email,メールアドレスを入力してください,,2026-06-10
page.login.feedback.loginFailed,web,page.login.feedback.loginFailed,page.login,login,feedback,imported,,,,,,,,,로그인하지 못했어요. 다시 시도해 주세요.,Could not sign in. Please try again.,ログインできませんでした。もう一度お試しください。,,2026-06-10
page.login.feedback.signupFailed,web,page.login.feedback.signupFailed,page.login,login,feedback,imported,,,,,,,,,가입을 완료하지 못했어요. 다시 시도해 주세요.,Could not complete sign-up. Please try again.,登録を完了できませんでした。もう一度お試しください。,,2026-06-10
page.login.feedback.verificationFailed,web,page.login.feedback.verificationFailed,page.login,login,feedback,imported,,,,,,,,,인증 메일을 보내지 못했어요. 다시 시도해 주세요.,Could not send the verification email. Please try again.,認証メールを送信できませんでした。もう一度お試しください。,,2026-06-10
page.login.feedback.verificationSent,web,page.login.feedback.verificationSent,page.login,login,text,imported,,,,,,,,,인증 메일을 보냈어요. 메일함에서 인증번호를 확인해 입력해 주세요.,We sent a verification email. Check your inbox and enter the code.,認証メールを送信しました。メールボックスで認証コードを確認して入力してください。,,2026-06-10
page.login.hasAccountPrompt,web,page.login.hasAccountPrompt,page.login,login,text,imported,,,,,,,,,이미 계정이 있나요?,Already have an account?,すでにアカウントをお持ちですか？,,2026-06-10
page.login.hidePassword,web,page.login.hidePassword,page.login,login,text,imported,,,,,,,,,비밀번호 숨기기,Hide password,パスワードを非表示,,2026-06-10
page.login.kakaoContinue,web,page.login.kakaoContinue,page.login,login,text,imported,,,,,,,,,카카오로 계속하기,Continue with Kakao,Kakaoで続ける,,2026-06-10
page.login.kakaoCta,web,page.login.kakaoCta,page.login,login,text,imported,,,,,,,,,카카오 계정으로 시작하기,Continue with Kakao,Kakaoアカウントで始める,,2026-06-10
page.login.kakaoStart,web,page.login.kakaoStart,page.login,login,text,imported,,,,,,,,,카카오로 시작하기,Start with Kakao,Kakaoで始める,,2026-06-10
page.login.loginLink,web,page.login.loginLink,page.login,login,text,imported,,,,,,,,,로그인,Sign in,ログイン,,2026-06-10
page.login.name,web,page.login.name,page.login,login,text,imported,,,,,,,,,이름,Name,名前,,2026-06-10
page.login.namePlaceholder,web,page.login.namePlaceholder,page.login,login,input,imported,,,,,,,,,이름을 입력해 주세요,Enter your name,名前を入力してください,,2026-06-10
page.login.noAccountPrompt,web,page.login.noAccountPrompt,page.login,login,text,imported,,,,,,,,,아직 계정이 없나요?,No account yet?,アカウントをお持ちでないですか？,,2026-06-10
page.login.password,web,page.login.password,page.login,login,text,imported,,,,,,,,,비밀번호,Password,パスワード,,2026-06-10
page.login.passwordConfirm,web,page.login.passwordConfirm,page.login,login,text,imported,,,,,,,,,비밀번호 확인,Confirm password,パスワード確認,,2026-06-10
page.login.passwordConfirmPlaceholder,web,page.login.passwordConfirmPlaceholder,page.login,login,input,imported,,,,,,,,,비밀번호를 다시 입력해 주세요,Enter your password again,パスワードをもう一度入力してください,,2026-06-10
page.login.passwordPlaceholder,web,page.login.passwordPlaceholder,page.login,login,input,imported,,,,,,,,,비밀번호를 입력하세요,Enter your password,パスワードを入力してください,,2026-06-10
page.login.passwordSignupPlaceholder,web,page.login.passwordSignupPlaceholder,page.login,login,input,imported,,,,,,,,,비밀번호를 입력해 주세요,Enter your password,パスワードを入力してください,,2026-06-10
page.login.privacyPolicy,web,page.login.privacyPolicy,page.login,login,text,imported,,,,,,,,,개인정보 처리방침,Privacy Policy,プライバシーポリシー,,2026-06-10
page.login.redirect.adminTokenMissing,web,page.login.redirect.adminTokenMissing,page.login,login,text,imported,,,,,,,,,관리자 로그인 토큰을 받지 못했어요. 소셜 로그인 설정을 확인해 주세요.,Could not receive an admin login token. Check the social login settings.,管理者ログイントークンを受け取れませんでした。ソーシャルログイン設定を確認してください。,,2026-06-10
page.login.redirect.errorTitle,web,page.login.redirect.errorTitle,page.login,login,accessibility,imported,,,,,,,,,소셜 로그인에 실패했어요,Social login failed,ソーシャルログインに失敗しました,,2026-06-10
page.login.redirect.loading,web,page.login.redirect.loading,page.login,login,text,imported,,,,,,,,,로그인중입니다.,Signing in.,ログイン中です。,,2026-06-10
page.login.showPassword,web,page.login.showPassword,page.login,login,text,imported,,,,,,,,,비밀번호 보기,Show password,パスワードを表示,,2026-06-10
page.login.signupLink,web,page.login.signupLink,page.login,login,text,imported,,,,,,,,,회원가입,Sign up,アカウント作成,,2026-06-10
page.login.signupTitle,web,page.login.signupTitle,page.login,login,accessibility,imported,,,,,,,,,회원가입,Sign up,アカウント作成,,2026-06-10
page.login.submitLogin,web,page.login.submitLogin,page.login,login,button,imported,,,,,,,,,로그인,Sign in,ログイン,,2026-06-10
page.login.submitSignup,web,page.login.submitSignup,page.login,login,button,imported,,,,,,,,,계정 만들기,Create account,アカウントを作成,,2026-06-10
page.login.termsConnector,web,page.login.termsConnector,page.login,login,text,imported,,,,,,,,,및,and,および,,2026-06-10
page.login.termsOfService,web,page.login.termsOfService,page.login,login,text,imported,,,,,,,,,서비스 약관,Terms of Service,利用規約,,2026-06-10
page.login.termsPrefix,web,page.login.termsPrefix,page.login,login,text,imported,,,,,,,,,버튼을 누르면,"By continuing, you agree to the",続行すると,,2026-06-10
page.login.termsSuffix,web,page.login.termsSuffix,page.login,login,text,imported,,,,,,,,,에 동의한 것으로 간주해요.,.,に同意したものとみなされます。,,2026-06-10
page.login.termsSuffixStrict,web,page.login.termsSuffixStrict,page.login,login,text,imported,,,,,,,,,에 동의한 것으로 간주합니다.,.,に同意したものとみなされます。,,2026-06-10
page.login.title,web,page.login.title,page.login,login,accessibility,imported,,,,,,,,,로그인,Sign in,ログイン,,2026-06-10
page.login.validation.emailInvalid,web,page.login.validation.emailInvalid,page.login,login,text,imported,,,,,,,,,올바른 이메일 주소를 입력해 주세요.,Enter a valid email address.,有効なメールアドレスを入力してください。,,2026-06-10
page.login.validation.loginRequired,web,page.login.validation.loginRequired,page.login,login,text,imported,,,,,,,,,이메일과 비밀번호를 입력해 주세요.,Enter your email and password.,メールアドレスとパスワードを入力してください。,,2026-06-10
page.login.validation.nameRequired,web,page.login.validation.nameRequired,page.login,login,text,imported,,,,,,,,,이름을 입력해 주세요.,Enter your name.,名前を入力してください。,,2026-06-10
page.login.validation.passwordMinLength,web,page.login.validation.passwordMinLength,page.login,login,text,imported,,,,,,,,,비밀번호는 {{count}}자 이상 입력해 주세요.,Enter at least {{count}} characters for your password.,パスワードは{{count}}文字以上で入力してください。,,2026-06-10
page.login.validation.passwordMismatch,web,page.login.validation.passwordMismatch,page.login,login,text,imported,,,,,,,,,비밀번호가 서로 달라요.,Passwords do not match.,パスワードが一致しません。,,2026-06-10
page.login.verificationCodeAria,web,page.login.verificationCodeAria,page.login,login,accessibility,imported,,,,,,,,,이메일 인증번호,Email verification code,メール認証コード,,2026-06-10
page.login.verificationCodePlaceholder,web,page.login.verificationCodePlaceholder,page.login,login,input,imported,,,,,,,,,인증번호를 입력해 주세요,Enter the verification code,認証コードを入力してください,,2026-06-10
page.login.verificationResend,web,page.login.verificationResend,page.login,login,text,imported,,,,,,,,,재전송,Resend,再送信,,2026-06-10
page.login.verificationSend,web,page.login.verificationSend,page.login,login,text,imported,,,,,,,,,인증,Verify,認証,,2026-06-10
page.makeShift.aiRefill.action,web,page.makeShift.aiRefill.action,page.makeShift,makeShift,button,imported,,,,,,,,,다시 채우기,Refill,再入力,,2026-06-19
page.makeShift.aiRefill.cannotAutofillYet,web,page.makeShift.aiRefill.cannotAutofillYet,page.makeShift,makeShift,text,imported,,,,,,,,,근무표 정보를 불러오는 중이에요. 잠시 후 다시 시도해 주세요.,Schedule data is still loading. Please try again shortly.,勤務表データを読み込み中です。少し待ってからもう一度お試しください。,,2026-06-19
page.makeShift.aiRefill.confirm,web,page.makeShift.aiRefill.confirm,page.makeShift,makeShift,text,imported,,,,,,,,,근무표 확정,Confirm schedule,勤務表を確定,,2026-06-19
page.makeShift.aiRefill.description.error,web,page.makeShift.aiRefill.description.error,page.makeShift,makeShift,feedback,imported,,,,,,,,,AI 요청을 완료하지 못했어요. 현재 화면의 근무표는 그대로 유지되며 바로 다시 시도할 수 있어요.,"The AI request failed. The current schedule stays as-is, and you can retry immediately.",AIリクエストを完了できませんでした。現在の勤務表はそのまま保持され、すぐに再試行できます。,,2026-06-19
page.makeShift.aiRefill.description.idle,web,page.makeShift.aiRefill.description.idle,page.makeShift,makeShift,description,imported,,,,,,,,,이전 단계에서 정리한 조건으로 AI 자동 채우기를 시작할 수 있어요.,You can start AI autofill with the conditions from the previous steps.,前のステップで整理した条件を使って、AI自動入力を開始できます。,,2026-06-19
page.makeShift.aiRefill.description.loading,web,page.makeShift.aiRefill.description.loading,page.makeShift,makeShift,description,imported,,,,,,,,,응답을 기다리는 동안에는 확정과 재요청을 잠시 막아둘게요.,"While waiting for the response, confirm and retry are temporarily disabled.",応答を待っている間は、確定と再リクエストを一時的に無効にします。,,2026-06-19
page.makeShift.aiRefill.description.success,web,page.makeShift.aiRefill.description.success,page.makeShift,makeShift,feedback,imported,,,,,,,,,AI가 새 근무표를 반영했어요. 검토 후 직접 수정하거나 바로 확정할 수 있어요.,"The AI result has been applied. Review it, edit it, or confirm it right away.",AIの結果を勤務表に反映しました。確認して手動で編集するか、そのまま確定できます。,,2026-06-19
page.makeShift.aiRefill.draft.none,web,page.makeShift.aiRefill.draft.none,page.makeShift,makeShift,text,imported,,,,,,,,,아직 저장된 편집본 없이 기본 근무표를 보고 있어요.,You are viewing the base schedule without any saved edits yet.,まだ保存された編集内容はなく、基本の勤務表を表示しています。,,2026-06-19
page.makeShift.aiRefill.draft.saved,web,page.makeShift.aiRefill.draft.saved,page.makeShift,makeShift,button,imported,,,,,,,,,현재 편집본은 유지되고 자동 저장돼요.,Your current edits are preserved and autosaved.,現在の編集内容は保持され、自動保存されます。,,2026-06-19
page.makeShift.aiRefill.empty,web,page.makeShift.aiRefill.empty,page.makeShift,makeShift,text,imported,,,,,,,,,근무표 데이터를 불러오지 못했어요,Could not load schedule data,勤務表データを読み込めませんでした,,2026-06-19
page.makeShift.aiRefill.error,web,page.makeShift.aiRefill.error,page.makeShift,makeShift,feedback,imported,,,,,,,,,근무표를 불러오지 못했어요,Failed to load the duty schedule,勤務表を読み込めませんでした,,2026-06-19
page.makeShift.aiRefill.firstFill,web,page.makeShift.aiRefill.firstFill,page.makeShift,makeShift,text,imported,,,,,,,,,자동 채우기,Autofill,自動入力,,2026-06-19
page.makeShift.aiRefill.fixedOnly,web,page.makeShift.aiRefill.fixedOnly,page.makeShift,makeShift,text,imported,,,,,,,,,고정만 보기,Fixed only,固定のみ表示,,2026-06-19
page.makeShift.aiRefill.generating,web,page.makeShift.aiRefill.generating,page.makeShift,makeShift,text,imported,,,,,,,,,채우는 중...,Filling...,入力中...,,2026-06-19
page.makeShift.aiRefill.hidingFaults,web,page.makeShift.aiRefill.hidingFaults,page.makeShift,makeShift,text,imported,,,,,,,,,오류 숨김,Errors hidden,エラー非表示,,2026-06-19
page.makeShift.aiRefill.validationStatus.checking,web,page.makeShift.aiRefill.validationStatus.checking,page.makeShift,makeShift,text,imported,,,,,,,,,제약조건 검토 중,Checking constraints,制約条件を確認中,,2026-06-19
page.makeShift.aiRefill.intro,web,page.makeShift.aiRefill.intro,page.makeShift,makeShift,text,imported,,,,,,,,,"실패해도 현재 편집본은 유지돼요.
이전 단계로 돌아가 조건을 다시 보고 오거나, 여기서 바로 재시도하고 확정할 수 있어요.","Your current edits stay in place even if AI fails.
You can go back to the previous step to revisit conditions, or retry and confirm here.","失敗しても現在の編集内容は保持されます。
前のステップに戻って条件を見直すか、ここで再試行して確定できます。",,2026-06-19
page.makeShift.aiRefill.loading,web,page.makeShift.aiRefill.loading,page.makeShift,makeShift,text,imported,,,,,,,,,근무표를 불러오는 중이에요,Loading the duty schedule,勤務表を読み込み中です,,2026-06-19
page.makeShift.aiRefill.previous,web,page.makeShift.aiRefill.previous,page.makeShift,makeShift,text,imported,,,,,,,,,이전 단계,Previous step,前のステップ,,2026-06-19
page.makeShift.aiRefill.progressToast,web,page.makeShift.aiRefill.progressToast,page.makeShift,makeShift,feedback,imported,,,,,,,,,근무표 채우는 중,Filling schedule,勤務表を入力中,,2026-06-19
page.makeShift.aiRefill.publishSuccess,web,page.makeShift.aiRefill.publishSuccess,page.makeShift,makeShift,feedback,imported,,,,,,,,,근무표를 확정하고 게시했어요.,Schedule confirmed and published.,勤務表を確定して公開しました。,,2026-06-19
page.makeShift.aiRefill.requestFailed,web,page.makeShift.aiRefill.requestFailed,page.makeShift,makeShift,feedback,imported,,,,,,,,,AI 자동 채우기를 완료하지 못했어요.,Could not complete AI autofill.,AI自動入力を完了できませんでした。,,2026-06-10
page.makeShift.aiRefill.resetAction,web,page.makeShift.aiRefill.resetAction,page.makeShift,makeShift,button,imported,,,,,,,,,초기화,Reset,リセット,,2026-06-19
page.makeShift.aiRefill.retry,web,page.makeShift.aiRefill.retry,page.makeShift,makeShift,button,imported,,,,,,,,,다시 시도,Retry,再試行,,2026-06-19
page.makeShift.aiRefill.saveFailed,web,page.makeShift.aiRefill.saveFailed,page.makeShift,makeShift,feedback,imported,,,,,,,,,저장하지 못했어요. 잠시 후 다시 시도해 주세요.,Failed to save. Please try again shortly.,保存できませんでした。少し待ってからもう一度お試しください。,,2026-06-19
page.makeShift.aiRefill.saveSnapshot,web,page.makeShift.aiRefill.saveSnapshot,page.makeShift,makeShift,button,imported,,,,,,,,,임시 저장,Save draft,一時保存,,2026-06-19
page.makeShift.aiRefill.saveSnapshotFailed,web,page.makeShift.aiRefill.saveSnapshotFailed,page.makeShift,makeShift,feedback,imported,,,,,,,,,임시 저장하지 못했어요.,Failed to save draft.,一時保存できませんでした。,,2026-06-19
page.makeShift.aiRefill.saveSnapshotSuccess,web,page.makeShift.aiRefill.saveSnapshotSuccess,page.makeShift,makeShift,feedback,imported,,,,,,,,,임시 저장했어요.,Draft saved.,一時保存しました。,,2026-06-19
page.makeShift.aiRefill.savingSnapshot,web,page.makeShift.aiRefill.savingSnapshot,page.makeShift,makeShift,text,imported,,,,,,,,,임시 저장 중…,Saving draft…,一時保存中…,,2026-06-19
page.makeShift.aiRefill.showingFaults,web,page.makeShift.aiRefill.showingFaults,page.makeShift,makeShift,text,imported,,,,,,,,,오류 표시 중,Showing errors,エラー表示中,,2026-06-19
page.makeShift.aiRefill.snapshotLimitDialog.cancel,web,page.makeShift.aiRefill.snapshotLimitDialog.cancel,page.makeShift,makeShift,button,imported,,,,,,,,,취소,Cancel,キャンセル,,2026-06-19
page.makeShift.aiRefill.snapshotLimitDialog.confirm,web,page.makeShift.aiRefill.snapshotLimitDialog.confirm,page.makeShift,makeShift,text,imported,,,,,,,,,삭제 후 저장,Delete and save,削除して保存,,2026-06-19
page.makeShift.aiRefill.snapshotLimitDialog.description,web,page.makeShift.aiRefill.snapshotLimitDialog.description,page.makeShift,makeShift,description,imported,,,,,,,,,"새 히스토리를 저장하려면 가장 오래된 히스토리 ""{{title}}""를 삭제해야 해요. 삭제하고 저장할까요?","To save a new history item, delete the oldest one, ""{{title}}"". Delete it and save?",新しい履歴を保存するには、最も古い履歴「{{title}}」を削除する必要があります。削除して保存しますか？,,2026-06-19
page.makeShift.aiRefill.snapshotLimitDialog.title,web,page.makeShift.aiRefill.snapshotLimitDialog.title,page.makeShift,makeShift,accessibility,imported,,,,,,,,,히스토리는 10개까지만 저장돼요,History stores up to 10 items,履歴は10件まで保存できます,,2026-06-19
page.makeShift.aiRefill.snapshotLimitReached,web,page.makeShift.aiRefill.snapshotLimitReached,page.makeShift,makeShift,text,imported,,,,,,,,,히스토리는 최대 10개까지 저장할 수 있어요.,History can store up to 10 items.,履歴は最大10件まで保存できます。,,2026-06-19
page.makeShift.aiRefill.snapshotSidebar.close,web,page.makeShift.aiRefill.snapshotSidebar.close,page.makeShift,makeShift,button,imported,,,,,,,,,저장본 닫기,Close drafts,保存版を閉じる,,2026-06-19
page.makeShift.aiRefill.snapshotSidebar.defaultTitle,web,page.makeShift.aiRefill.snapshotSidebar.defaultTitle,page.makeShift,makeShift,accessibility,imported,,,,,,,,,자동채우기 저장본,Autofill draft,自動入力の保存版,,2026-06-19
page.makeShift.aiRefill.snapshotSidebar.delete,web,page.makeShift.aiRefill.snapshotSidebar.delete,page.makeShift,makeShift,button,imported,,,,,,,,,히스토리 삭제,Delete history,履歴を削除,,2026-06-19
page.makeShift.aiRefill.snapshotSidebar.deleteCancel,web,page.makeShift.aiRefill.snapshotSidebar.deleteCancel,page.makeShift,makeShift,button,imported,,,,,,,,,취소,Cancel,キャンセル,,2026-06-19
page.makeShift.aiRefill.snapshotSidebar.deleteConfirm,web,page.makeShift.aiRefill.snapshotSidebar.deleteConfirm,page.makeShift,makeShift,button,imported,,,,,,,,,삭제하기,Delete,削除,,2026-06-19
page.makeShift.aiRefill.snapshotSidebar.deleteDescription,web,page.makeShift.aiRefill.snapshotSidebar.deleteDescription,page.makeShift,makeShift,button,imported,,,,,,,,,"""{{title}}"" 히스토리를 삭제해요. 삭제한 히스토리는 다시 불러올 수 없어요.","Delete ""{{title}}"". Deleted history cannot be restored.",「{{title}}」の履歴を削除します。削除した履歴は復元できません。,,2026-06-19
page.makeShift.aiRefill.snapshotSidebar.deleteFailed,web,page.makeShift.aiRefill.snapshotSidebar.deleteFailed,page.makeShift,makeShift,feedback,imported,,,,,,,,,히스토리를 삭제하지 못했어요.,Could not delete history.,履歴を削除できませんでした。,,2026-06-19
page.makeShift.aiRefill.snapshotSidebar.deleteSuccess,web,page.makeShift.aiRefill.snapshotSidebar.deleteSuccess,page.makeShift,makeShift,feedback,imported,,,,,,,,,히스토리를 삭제했어요.,History deleted.,履歴を削除しました。,,2026-06-19
page.makeShift.aiRefill.snapshotSidebar.deleteTitle,web,page.makeShift.aiRefill.snapshotSidebar.deleteTitle,page.makeShift,makeShift,accessibility,imported,,,,,,,,,히스토리를 삭제할까요?,Delete history?,履歴を削除しますか？,,2026-06-19
page.makeShift.aiRefill.snapshotSidebar.description,web,page.makeShift.aiRefill.snapshotSidebar.description,page.makeShift,makeShift,description,imported,,,,,,,,,자동채우기 결과 기록,Autofill result records,自動入力結果の履歴,,2026-06-19
page.makeShift.aiRefill.snapshotSidebar.empty,web,page.makeShift.aiRefill.snapshotSidebar.empty,page.makeShift,makeShift,text,imported,,,,,,,,,아직 임시 저장한 근무표가 없어요.,No saved drafts yet.,まだ一時保存した勤務表はありません。,,2026-06-19
page.makeShift.aiRefill.snapshotSidebar.emptyCells,web,page.makeShift.aiRefill.snapshotSidebar.emptyCells,page.makeShift,makeShift,text,imported,,,,,,,,,빈칸 {{count}}칸,Empty {{count}},空欄 {{count}}件,,2026-06-19
page.makeShift.aiRefill.snapshotSidebar.error,web,page.makeShift.aiRefill.snapshotSidebar.error,page.makeShift,makeShift,feedback,imported,,,,,,,,,저장본 목록을 불러오지 못했어요.,Could not load saved versions.,保存版の一覧を読み込めませんでした。,,2026-06-19
page.makeShift.aiRefill.snapshotSidebar.filledCells,web,page.makeShift.aiRefill.snapshotSidebar.filledCells,page.makeShift,makeShift,text,imported,,,,,,,,,배정 {{count}}칸,Filled {{count}},割り当て {{count}}件,,2026-06-19
page.makeShift.aiRefill.snapshotSidebar.hardViolations,web,page.makeShift.aiRefill.snapshotSidebar.hardViolations,page.makeShift,makeShift,text,imported,,,,,,,,,중요위반 {{count}},Important {{count}},重要違反 {{count}}件,,2026-06-19
page.makeShift.aiRefill.snapshotSidebar.loadCancel,web,page.makeShift.aiRefill.snapshotSidebar.loadCancel,page.makeShift,makeShift,button,imported,,,,,,,,,취소,Cancel,キャンセル,,2026-06-19
page.makeShift.aiRefill.snapshotSidebar.loadConfirm,web,page.makeShift.aiRefill.snapshotSidebar.loadConfirm,page.makeShift,makeShift,text,imported,,,,,,,,,불러오기,Load,読み込む,,2026-06-19
page.makeShift.aiRefill.snapshotSidebar.loadDescription,web,page.makeShift.aiRefill.snapshotSidebar.loadDescription,page.makeShift,makeShift,description,imported,,,,,,,,,"""{{title}}"" 저장본으로 현재 근무표를 바꿔요.
불러오면 지금 화면에서 편집 중인 내용은 사라져요.","Replace the current schedule with ""{{title}}"".
Any edits on this screen will be lost.","現在の勤務表を「{{title}}」の保存版に置き換えます。
読み込むと、現在画面で編集中の内容は失われます。",,2026-06-19
page.makeShift.aiRefill.snapshotSidebar.loadFailed,web,page.makeShift.aiRefill.snapshotSidebar.loadFailed,page.makeShift,makeShift,feedback,imported,,,,,,,,,저장본을 불러오지 못했어요.,Could not load saved version.,保存版を読み込めませんでした。,,2026-06-19
page.makeShift.aiRefill.snapshotSidebar.loading,web,page.makeShift.aiRefill.snapshotSidebar.loading,page.makeShift,makeShift,text,imported,,,,,,,,,저장본 불러오는 중…,Loading saved versions…,保存版を読み込み中…,,2026-06-19
page.makeShift.aiRefill.snapshotSidebar.loadSuccess,web,page.makeShift.aiRefill.snapshotSidebar.loadSuccess,page.makeShift,makeShift,feedback,imported,,,,,,,,,{{title}} 저장본을 불러왔어요.,Loaded {{title}} saved version.,{{title}}の保存版を読み込みました。,,2026-06-19
page.makeShift.aiRefill.snapshotSidebar.loadTitle,web,page.makeShift.aiRefill.snapshotSidebar.loadTitle,page.makeShift,makeShift,accessibility,imported,,,,,,,,,저장본을 불러올까요?,Load this saved version?,この保存版を読み込みますか？,,2026-06-19
page.makeShift.aiRefill.snapshotSidebar.renameFailed,web,page.makeShift.aiRefill.snapshotSidebar.renameFailed,page.makeShift,makeShift,feedback,imported,,,,,,,,,히스토리 제목을 변경하지 못했어요.,Could not update history title.,履歴タイトルを変更できませんでした。,,2026-06-19
page.makeShift.aiRefill.snapshotSidebar.renameSuccess,web,page.makeShift.aiRefill.snapshotSidebar.renameSuccess,page.makeShift,makeShift,feedback,imported,,,,,,,,,히스토리 제목을 변경했어요.,History title updated.,履歴タイトルを変更しました。,,2026-06-19
page.makeShift.aiRefill.snapshotSidebar.renameTitleAria,web,page.makeShift.aiRefill.snapshotSidebar.renameTitleAria,page.makeShift,makeShift,accessibility,imported,,,,,,,,,히스토리 제목,History title,履歴タイトル,,2026-06-19
page.makeShift.aiRefill.snapshotSidebar.restore,web,page.makeShift.aiRefill.snapshotSidebar.restore,page.makeShift,makeShift,text,imported,,,,,,,,,불러오기,Restore,読み込む,,2026-06-19
page.makeShift.aiRefill.snapshotSidebar.savedCount,web,page.makeShift.aiRefill.snapshotSidebar.savedCount,page.makeShift,makeShift,button,imported,,,,,,,,,저장본 {{count}}개,{{count}} drafts,保存版 {{count}}件,,2026-06-19
page.makeShift.aiRefill.snapshotSidebar.selectedHistory,web,page.makeShift.aiRefill.snapshotSidebar.selectedHistory,page.makeShift,makeShift,text,imported,,,,,,,,,선택한 히스토리,Selected history,選択した履歴,,2026-06-19
page.makeShift.aiRefill.snapshotSidebar.softViolations,web,page.makeShift.aiRefill.snapshotSidebar.softViolations,page.makeShift,makeShift,text,imported,,,,,,,,,일반위반 {{count}},General {{count}},通常違反 {{count}}件,,2026-06-19
page.makeShift.aiRefill.snapshotSidebar.title,web,page.makeShift.aiRefill.snapshotSidebar.title,page.makeShift,makeShift,accessibility,imported,,,,,,,,,히스토리,History,履歴,,2026-06-19
page.makeShift.aiRefill.snapshotSidebar.todayAt,web,page.makeShift.aiRefill.snapshotSidebar.todayAt,page.makeShift,makeShift,text,imported,,,,,,,,,오늘 {{time}},Today {{time}},今日 {{time}},,2026-06-10
page.makeShift.aiRefill.snapshotSidebar.toggleDetails,web,page.makeShift.aiRefill.snapshotSidebar.toggleDetails,page.makeShift,makeShift,text,imported,,,,,,,,,상세 보기,Show details,詳細を表示,,2026-06-19
page.makeShift.aiRefill.snapshotSidebar.totalViolations,web,page.makeShift.aiRefill.snapshotSidebar.totalViolations,page.makeShift,makeShift,text,imported,,,,,,,,,전체 {{count}},Total {{count}},合計 {{count}}件,,2026-06-19
page.makeShift.aiRefill.title.error,web,page.makeShift.aiRefill.title.error,page.makeShift,makeShift,accessibility,imported,,,,,,,,,채우기 중단,Fill failed,入力中断,,2026-06-19
page.makeShift.aiRefill.title.idle,web,page.makeShift.aiRefill.title.idle,page.makeShift,makeShift,accessibility,imported,,,,,,,,,자동 채우기 준비됨,Autofill ready,自動入力の準備完了,,2026-06-19
page.makeShift.aiRefill.title.loading,web,page.makeShift.aiRefill.title.loading,page.makeShift,makeShift,accessibility,imported,,,,,,,,,근무표 계산 중,Calculating schedule,勤務表を計算中,,2026-06-19
page.makeShift.aiRefill.title.success,web,page.makeShift.aiRefill.title.success,page.makeShift,makeShift,accessibility,imported,,,,,,,,,채우기 완료,Fill complete,入力完了,,2026-06-19
page.makeShift.aiRefill.toolbarHint,web,page.makeShift.aiRefill.toolbarHint,page.makeShift,makeShift,description,imported,,,,,,,,,조건과 신청 근무를 기준으로 빈칸을 채워요,Fill empty cells based on the rules and requested shifts.,条件と勤務希望に基づいて空欄を埋めます。,,2026-06-19
page.makeShift.aiRefill.toolbarSubTitle,web,page.makeShift.aiRefill.toolbarSubTitle,page.makeShift,makeShift,accessibility,imported,,,,,,,,,AI 자동채우기로 빈칸을 한 번에 채워보세요.,Use AI Autofill to fill empty cells in one go.,AI自動入力で空欄をまとめて埋めてみましょう。,,2026-06-19
page.makeShift.aiRefill.toolbarTitle,web,page.makeShift.aiRefill.toolbarTitle,page.makeShift,makeShift,accessibility,imported,,,,,,,,,근무표를 채우고 확정해 주세요,Fill and confirm the schedule,勤務表を入力して確定してください,,2026-06-19
page.makeShift.aiRefill.viewAll,web,page.makeShift.aiRefill.viewAll,page.makeShift,makeShift,text,imported,,,,,,,,,전체 보기,View all,すべて表示,,2026-06-19
page.makeShift.calendar.carried,web,page.makeShift.calendar.carried,page.makeShift,makeShift,text,imported,,,,,,,,,이월,Carry,繰越,,2026-06-10
page.makeShift.calendar.clearCell,web,page.makeShift.calendar.clearCell,page.makeShift,makeShift,text,imported,,,,,,,,,비우기,Clear,クリア,,2026-06-10
page.makeShift.calendar.closePopover,web,page.makeShift.calendar.closePopover,page.makeShift,makeShift,button,imported,,,,,,,,,팝업 닫기,Close popover,ポップアップを閉じる,,2026-06-10
page.makeShift.calendar.fullDayLabel,web,page.makeShift.calendar.fullDayLabel,page.makeShift,makeShift,accessibility,imported,,,,,,,,,{{day}}일 전체,Day {{day}} · all,{{day}}日 全体,,2026-06-10
page.makeShift.calendar.name,web,page.makeShift.calendar.name,page.makeShift,makeShift,text,imported,,,,,,,,,이름,Name,名前,,2026-06-10
page.makeShift.calendar.nurseDayLabel,web,page.makeShift.calendar.nurseDayLabel,page.makeShift,makeShift,accessibility,imported,,,,,,,,,{{name}} · {{day}}일,{{name}} · day {{day}},{{name}} · {{day}}日,,2026-06-10
page.makeShift.calendar.previousShifts,web,page.makeShift.calendar.previousShifts,page.makeShift,makeShift,text,imported,,,,,,,,,전달 근무,Prev,前月,,2026-06-10
page.makeShift.calendar.shiftTypeDropdownAria,web,page.makeShift.calendar.shiftTypeDropdownAria,page.makeShift,makeShift,accessibility,imported,,,,,,,,,근무유형 선택,Select shift type,勤務区分を選択,,2026-06-10
page.makeShift.calendar.violationDialogAria,web,page.makeShift.calendar.violationDialogAria,page.makeShift,makeShift,accessibility,imported,,,,,,,,,제약조건 위반 {{count}}개,Constraint issues: {{count}},制約の問題 {{count}}件,,2026-06-10
page.makeShift.confirmedShifts.editAction,web,page.makeShift.confirmedShifts.editAction,page.makeShift,makeShift,button,imported,,,,,,,,,수정하기,Edit,編集する,,2026-06-19
page.makeShift.confirmedShifts.empty,web,page.makeShift.confirmedShifts.empty,page.makeShift,makeShift,text,imported,,,,,,,,,확정된 근무표가 아직 없어요,No confirmed schedule yet,確定済みの勤務表はまだありません,,2026-06-19
page.makeShift.confirmedShifts.error,web,page.makeShift.confirmedShifts.error,page.makeShift,makeShift,feedback,imported,,,,,,,,,확정 근무표를 불러오지 못했어요,Failed to load the confirmed schedule,確定勤務表を読み込めませんでした,,2026-06-19
page.makeShift.confirmedShifts.fallbackTeamName,web,page.makeShift.confirmedShifts.fallbackTeamName,page.makeShift,makeShift,text,imported,,,,,,,,,선택한 팀,Selected team,選択したチーム,,2026-06-19
page.makeShift.confirmedShifts.hint,web,page.makeShift.confirmedShifts.hint,page.makeShift,makeShift,description,imported,,,,,,,,,병동과 연동한 간호사는 앱에서 확정 근무표를 바로 볼 수 있어요!,Nurses connected to this ward can see the confirmed schedule in the app right away!,病棟と連携している看護師は、アプリで確定勤務表をすぐに確認できます！,,2026-06-19
page.makeShift.confirmedShifts.imageAction,web,page.makeShift.confirmedShifts.imageAction,page.makeShift,makeShift,button,imported,,,,,,,,,이미지 다운로드,Download image,画像をダウンロード,,2026-06-19
page.makeShift.confirmedShifts.imageActionLoading,web,page.makeShift.confirmedShifts.imageActionLoading,page.makeShift,makeShift,button,imported,,,,,,,,,이미지 다운로드 중,Downloading image,画像をダウンロード中,,2026-06-19
page.makeShift.confirmedShifts.loading,web,page.makeShift.confirmedShifts.loading,page.makeShift,makeShift,text,imported,,,,,,,,,확정 근무표를 불러오는 중이에요,Loading the confirmed schedule,確定勤務表を読み込み中です,,2026-06-19
page.makeShift.confirmedShifts.title,web,page.makeShift.confirmedShifts.title,page.makeShift,makeShift,accessibility,imported,,,,,,,,,{{teamName}}의 {{month}}월 근무표예요,{{teamName}}'s {{month}} schedule,{{teamName}}の{{month}}月勤務表です,,2026-06-19
page.makeShift.confirmedShifts.wardCodeGuideAction,web,page.makeShift.confirmedShifts.wardCodeGuideAction,page.makeShift,makeShift,button,imported,,,,,,,,,병동코드 안내 보기,Open ward code guide,病棟コード案内を見る,,2026-06-19
page.makeShift.constraints.action.add,web,page.makeShift.constraints.action.add,page.makeShift,makeShift,button,imported,,,,,,,,,제약 조건 추가,Add constraint,制約条件を追加,,2026-06-19
page.makeShift.constraints.action.reset,web,page.makeShift.constraints.action.reset,page.makeShift,makeShift,button,imported,,,,,,,,,초기화,Reset,初期化,,2026-06-10
page.makeShift.constraints.category.combination,web,page.makeShift.constraints.category.combination,page.makeShift,makeShift,text,imported,,,,,,,,,근무자 조합,Worker pairing,看護師の組み合わせ,,2026-06-10
page.makeShift.constraints.category.forbidden,web,page.makeShift.constraints.category.forbidden,page.makeShift,makeShift,text,imported,,,,,,,,,금지 패턴,Forbidden patterns,禁止パターン,,2026-06-10
page.makeShift.constraints.category.personal,web,page.makeShift.constraints.category.personal,page.makeShift,makeShift,text,imported,,,,,,,,,사람별 제한,Person limits,看護師別制限,,2026-06-10
page.makeShift.constraints.category.recommended,web,page.makeShift.constraints.category.recommended,page.makeShift,makeShift,text,imported,,,,,,,,,권장,Recommended,推奨,,2026-06-10
page.makeShift.constraints.category.skill,web,page.makeShift.constraints.category.skill,page.makeShift,makeShift,text,imported,,,,,,,,,숙련도,Skill level,習熟度,,2026-06-10
page.makeShift.constraints.category.staffing,web,page.makeShift.constraints.category.staffing,page.makeShift,makeShift,text,imported,,,,,,,,,인원수,Staffing,人数,,2026-06-10
page.makeShift.constraints.category.workRest,web,page.makeShift.constraints.category.workRest,page.makeShift,makeShift,text,imported,,,,,,,,,연속 근무/휴식,Work/rest,連続勤務/休息,,2026-06-10
page.makeShift.constraints.count,web,page.makeShift.constraints.count,page.makeShift,makeShift,text,imported,,,,,,,,,{{count}}개,{{count}},{{count}}件,,2026-06-10
page.makeShift.constraints.dragHandleAria,web,page.makeShift.constraints.dragHandleAria,page.makeShift,makeShift,accessibility,imported,,,,,,,,,드래그하여 위치를 변경,Drag to reorder,ドラッグして順序を変更,,2026-06-10
page.makeShift.constraints.empty,web,page.makeShift.constraints.empty,page.makeShift,makeShift,text,imported,,,,,,,,,제약조건을 추가하면 여기에 보여요.,No constraints to show.,制約条件を追加するとここに表示されます。,,2026-06-10
page.makeShift.constraints.exclude,web,page.makeShift.constraints.exclude,page.makeShift,makeShift,text,imported,,,,,,,,,제외,Exclude,除外,,2026-06-10
page.makeShift.constraints.excludeRuleAria,web,page.makeShift.constraints.excludeRuleAria,page.makeShift,makeShift,accessibility,imported,,,,,,,,,이 제약 조건 적용 해제,Disable this constraint,この制約条件の適用を解除,,2026-06-10
page.makeShift.constraints.import.cancel,web,page.makeShift.constraints.import.cancel,page.makeShift,makeShift,button,imported,,,,,,,,,취소,Cancel,キャンセル,,2026-06-10
page.makeShift.constraints.import.confirm,web,page.makeShift.constraints.import.confirm,page.makeShift,makeShift,text,imported,,,,,,,,,불러오기,Import,読み込む,,2026-06-10
page.makeShift.constraints.import.currentTeam,web,page.makeShift.constraints.import.currentTeam,page.makeShift,makeShift,text,imported,,,,,,,,,현재 팀: {{teamName}},Current team: {{teamName}},現在のチーム: {{teamName}},,2026-06-10
page.makeShift.constraints.import.disabledTitle,web,page.makeShift.constraints.import.disabledTitle,page.makeShift,makeShift,accessibility,imported,,,,,,,,,팀이 2개 이상일 때 사용할 수 있어요,Available when there are at least two teams,チームが2つ以上ある場合に使用できます,,2026-06-10
page.makeShift.constraints.import.loading,web,page.makeShift.constraints.import.loading,page.makeShift,makeShift,text,imported,,,,,,,,,불러오는 중,Importing,読み込み中,,2026-06-10
page.makeShift.constraints.import.modalTitle,web,page.makeShift.constraints.import.modalTitle,page.makeShift,makeShift,accessibility,imported,,,,,,,,,제약조건 불러오기,Import constraints,制約条件を読み込む,,2026-06-10
page.makeShift.constraints.import.selectedTeamFallback,web,page.makeShift.constraints.import.selectedTeamFallback,page.makeShift,makeShift,text,imported,,,,,,,,,선택된 팀,Selected team,選択中のチーム,,2026-06-10
page.makeShift.constraints.import.sourceTeamFallback,web,page.makeShift.constraints.import.sourceTeamFallback,page.makeShift,makeShift,text,imported,,,,,,,,,다른 팀,Another team,別チーム,,2026-06-10
page.makeShift.constraints.import.teamLabel,web,page.makeShift.constraints.import.teamLabel,page.makeShift,makeShift,accessibility,imported,,,,,,,,,불러올 팀,Team to import,読み込むチーム,,2026-06-10
page.makeShift.constraints.import.title,web,page.makeShift.constraints.import.title,page.makeShift,makeShift,accessibility,imported,,,,,,,,,다른 팀 제약조건 불러오기,Import constraints from another team,別チームの制約条件を読み込む,,2026-06-10
page.makeShift.constraints.important.ariaMark,web,page.makeShift.constraints.important.ariaMark,page.makeShift,makeShift,accessibility,imported,,,,,,,,,중요 표시,Mark as Important,重要マークを付ける,,2026-06-19
page.makeShift.constraints.important.ariaRemove,web,page.makeShift.constraints.important.ariaRemove,page.makeShift,makeShift,accessibility,imported,,,,,,,,,중요 표시 해제,Remove Important mark,重要マークを外す,,2026-06-19
page.makeShift.constraints.important.label,web,page.makeShift.constraints.important.label,page.makeShift,makeShift,accessibility,imported,,,,,,,,,중요,Important,重要,,2026-06-19
page.makeShift.constraints.important.recommendedTitle,web,page.makeShift.constraints.important.recommendedTitle,page.makeShift,makeShift,accessibility,imported,,,,,,,,,권장 중요 사항,Recommended Important constraint,推奨の重要条件,,2026-06-19
page.makeShift.constraints.info,web,page.makeShift.constraints.info,page.makeShift,makeShift,description,imported,,,,,,,,,꼭 지켜야 할 조건은 중요 표시를 켜 주세요,Mark must-follow constraints as Important.,必ず守る条件には重要マークを付けてください,,2026-06-19
page.makeShift.constraints.infoTooltipAria,web,page.makeShift.constraints.infoTooltipAria,page.makeShift,makeShift,accessibility,imported,,,,,,,,,제약 조건 중요 표시 안내,About Important constraints,制約条件の重要マークについて,,2026-06-19
page.makeShift.constraints.listTitle,web,page.makeShift.constraints.listTitle,page.makeShift,makeShift,accessibility,imported,,,,,,,,,제약조건,Constraints,制約条件,,2026-06-10
page.makeShift.constraints.modal.addAria,web,page.makeShift.constraints.modal.addAria,page.makeShift,makeShift,accessibility,imported,,,,,,,,,제약 조건 추가,Add constraint,制約条件を追加,,2026-06-10
page.makeShift.constraints.modal.addTitle,web,page.makeShift.constraints.modal.addTitle,page.makeShift,makeShift,accessibility,imported,,,,,,,,,추가,Add,追加,,2026-06-10
page.makeShift.constraints.modal.close,web,page.makeShift.constraints.modal.close,page.makeShift,makeShift,button,imported,,,,,,,,,닫기,Close,閉じる,,2026-06-10
page.makeShift.constraints.modal.description,web,page.makeShift.constraints.modal.description,page.makeShift,makeShift,description,imported,,,,,,,,,근무표 상황에 따라 일부 조건은 반영되지 않을 수 있어요.,Some constraints may not be applied depending on the schedule.,勤務表の状況によって、一部の条件は反映されない場合があります。,,2026-06-19
page.makeShift.constraints.modal.title,web,page.makeShift.constraints.modal.title,page.makeShift,makeShift,accessibility,imported,,,,,,,,,제약조건 추가,Add constraint,制約条件を追加,,2026-06-10
page.makeShift.constraints.option.all,web,page.makeShift.constraints.option.all,page.makeShift,makeShift,text,imported,,,,,,,,,모든,All,すべて,,2026-06-10
page.makeShift.constraints.option.allDays,web,page.makeShift.constraints.option.allDays,page.makeShift,makeShift,text,imported,,,,,,,,,모든날,All days,全日,,2026-06-10
page.makeShift.constraints.option.allPeople,web,page.makeShift.constraints.option.allPeople,page.makeShift,makeShift,text,imported,,,,,,,,,모든사람,Everyone,全員,,2026-06-10
page.makeShift.constraints.option.dayLabel,web,page.makeShift.constraints.option.dayLabel,page.makeShift,makeShift,accessibility,imported,,,,,,,,,{{day}}일,Day {{day}},{{day}}日,,2026-06-10
page.makeShift.constraints.phrase.day,web,page.makeShift.constraints.phrase.day,page.makeShift,makeShift,text,imported,,,,,,,,,일,days,日,,2026-06-10
page.makeShift.constraints.phrase.gte,web,page.makeShift.constraints.phrase.gte,page.makeShift,makeShift,text,imported,,,,,,,,,이상,or more,以上,,2026-06-10
page.makeShift.constraints.phrase.lte,web,page.makeShift.constraints.phrase.lte,page.makeShift,makeShift,text,imported,,,,,,,,,이하,or less,以下,,2026-06-10
page.makeShift.constraints.phrase.max,web,page.makeShift.constraints.phrase.max,page.makeShift,makeShift,text,imported,,,,,,,,,최대,Max,最大,,2026-06-10
page.makeShift.constraints.phrase.min,web,page.makeShift.constraints.phrase.min,page.makeShift,makeShift,text,imported,,,,,,,,,최소,Min,最小,,2026-06-10
page.makeShift.constraints.rule.excludeCertainWorkTypes.label,web,page.makeShift.constraints.rule.excludeCertainWorkTypes.label,page.makeShift,makeShift,accessibility,imported,,,,,,,,,ND / ED / NE / NOD 근무 패턴 피하기,Avoid ND / ED / NE / NOD patterns,ND / ED / NE / NOD勤務パターンを避ける,,2026-06-10
page.makeShift.constraints.rule.excludeNightBeforeReqOff.label,web,page.makeShift.constraints.rule.excludeNightBeforeReqOff.label,page.makeShift,makeShift,accessibility,imported,,,,,,,,,신청 오프 전날 나이트 피하기,Avoid night before requested OFF,休み希望前日の夜勤を避ける,,2026-06-10
page.makeShift.constraints.rule.maxContinuousNight.label,web,page.makeShift.constraints.rule.maxContinuousNight.label,page.makeShift,makeShift,accessibility,imported,,,,,,,,,연속 나이트,Max consecutive nights,連続夜勤,,2026-06-10
page.makeShift.constraints.rule.maxContinuousWork.label,web,page.makeShift.constraints.rule.maxContinuousWork.label,page.makeShift,makeShift,accessibility,imported,,,,,,,,,연속 근무 수,Max consecutive work days,連続勤務日数,,2026-06-10
page.makeShift.constraints.rule.minContinuousNight.label,web,page.makeShift.constraints.rule.minContinuousNight.label,page.makeShift,makeShift,accessibility,imported,,,,,,,,,연속 나이트,Min consecutive nights,連続夜勤,,2026-06-10
page.makeShift.constraints.rule.minNightInterval.label,web,page.makeShift.constraints.rule.minNightInterval.label,page.makeShift,makeShift,accessibility,imported,,,,,,,,,나이트 간격,Min interval between nights,夜勤間隔,,2026-06-10
page.makeShift.constraints.rule.minOffAssignAfterNight.label,web,page.makeShift.constraints.rule.minOffAssignAfterNight.label,page.makeShift,makeShift,accessibility,imported,,,,,,,,,나이트 근무 후 오프 배정,Recommended OFF after night,夜勤後の休み割り当て,,2026-06-10
page.makeShift.constraints.ruleAction.deleteAria,web,page.makeShift.constraints.ruleAction.deleteAria,page.makeShift,makeShift,accessibility,imported,,,,,,,,,제약 조건 삭제,Delete constraint,制約条件を削除,,2026-06-10
page.makeShift.constraints.section.strong,web,page.makeShift.constraints.section.strong,page.makeShift,makeShift,text,imported,,,,,,,,,강 제약 조건,Hard constraints,強制約,,2026-06-10
page.makeShift.constraints.section.weak,web,page.makeShift.constraints.section.weak,page.makeShift,makeShift,text,imported,,,,,,,,,약 제약 조건,Soft constraints,弱制約,,2026-06-10
page.makeShift.constraints.state.loadError,web,page.makeShift.constraints.state.loadError,page.makeShift,makeShift,feedback,imported,,,,,,,,,제약조건을 불러오지 못했어요. 잠시 후 다시 시도해 주세요.,Could not load constraints. Please try again shortly.,制約条件を読み込めませんでした。しばらくしてからもう一度お試しください。,,2026-06-10
page.makeShift.constraints.state.loading,web,page.makeShift.constraints.state.loading,page.makeShift,makeShift,text,imported,,,,,,,,,제약조건 불러오는 중,Loading constraints,制約条件を読み込んでいます,,2026-06-10
page.makeShift.constraints.state.teamRequired,web,page.makeShift.constraints.state.teamRequired,page.makeShift,makeShift,text,imported,,,,,,,,,근무팀을 먼저 선택해 주세요.,Select a shift team first.,先に勤務チームを選択してください。,,2026-06-10
page.makeShift.constraints.templates.IMPORTANT_FORBIDDEN_DUTY_PATTERNS.label,web,page.makeShift.constraints.templates.IMPORTANT_FORBIDDEN_DUTY_PATTERNS.label,page.makeShift,makeShift,accessibility,imported,,,,,,,,,중요 기본 조건,Default Important constraint,重要な基本条件,,2026-06-19
page.makeShift.constraints.templates.IMPORTANT_FORBIDDEN_DUTY_PATTERNS.sentence,web,page.makeShift.constraints.templates.IMPORTANT_FORBIDDEN_DUTY_PATTERNS.sentence,page.makeShift,makeShift,text,imported,,,,,,,,,ND / ED / NE / NOD 근무 패턴은 피해요,Avoid ND / ED / NE / NOD shift patterns,ND / ED / NE / NODの勤務パターンを避けます,,2026-06-10
page.makeShift.constraints.templates.IMPORTANT_MAX_NIGHT_STREAK.label,web,page.makeShift.constraints.templates.IMPORTANT_MAX_NIGHT_STREAK.label,page.makeShift,makeShift,accessibility,imported,,,,,,,,,중요 기본 조건,Default Important constraint,重要な基本条件,,2026-06-19
page.makeShift.constraints.templates.IMPORTANT_MAX_NIGHT_STREAK.sentence,web,page.makeShift.constraints.templates.IMPORTANT_MAX_NIGHT_STREAK.sentence,page.makeShift,makeShift,text,imported,,,,,,,,,N 근무를 {days}일까지 연속으로 할 수 있어요,N shifts can be assigned up to {days} days in a row,N勤務は連続{days}日まで可能です,,2026-06-10
page.makeShift.constraints.templates.IMPORTANT_MAX_SAME_DUTY_STREAK.label,web,page.makeShift.constraints.templates.IMPORTANT_MAX_SAME_DUTY_STREAK.label,page.makeShift,makeShift,accessibility,imported,,,,,,,,,중요 기본 조건,Default Important constraint,重要な基本条件,,2026-06-19
page.makeShift.constraints.templates.IMPORTANT_MAX_SAME_DUTY_STREAK.sentence,web,page.makeShift.constraints.templates.IMPORTANT_MAX_SAME_DUTY_STREAK.sentence,page.makeShift,makeShift,text,imported,,,,,,,,,같은 근무를 연속으로 {days}일까지 할 수 있어요,The same shift can be assigned up to {days} days in a row,同じ勤務は連続{days}日まで可能です,,2026-06-10
page.makeShift.constraints.templates.IMPORTANT_MAX_WORK_STREAK.label,web,page.makeShift.constraints.templates.IMPORTANT_MAX_WORK_STREAK.label,page.makeShift,makeShift,accessibility,imported,,,,,,,,,중요 기본 조건,Default Important constraint,重要な基本条件,,2026-06-19
page.makeShift.constraints.templates.IMPORTANT_MAX_WORK_STREAK.sentence,web,page.makeShift.constraints.templates.IMPORTANT_MAX_WORK_STREAK.sentence,page.makeShift,makeShift,text,imported,,,,,,,,,연속 근무는 {days}일까지 할 수 있어요,Consecutive work is allowed up to {days} days,連続勤務は{days}日まで可能です,,2026-06-10
page.makeShift.constraints.templates.IMPORTANT_MIN_NIGHT_INTERVAL.label,web,page.makeShift.constraints.templates.IMPORTANT_MIN_NIGHT_INTERVAL.label,page.makeShift,makeShift,accessibility,imported,,,,,,,,,중요 기본 조건,Default Important constraint,重要な基本条件,,2026-06-19
page.makeShift.constraints.templates.IMPORTANT_MIN_NIGHT_INTERVAL.sentence,web,page.makeShift.constraints.templates.IMPORTANT_MIN_NIGHT_INTERVAL.sentence,page.makeShift,makeShift,text,imported,,,,,,,,,N 근무는 {days}일 이상 간격을 두어야 해요,N shifts need at least {days} days between assignments,N勤務は{days}日以上の間隔を空けてください,,2026-06-10
page.makeShift.constraints.templates.IMPORTANT_NO_NIGHT_BEFORE_REQUEST_OFF.label,web,page.makeShift.constraints.templates.IMPORTANT_NO_NIGHT_BEFORE_REQUEST_OFF.label,page.makeShift,makeShift,accessibility,imported,,,,,,,,,중요 기본 조건,Default Important constraint,重要な基本条件,,2026-06-19
page.makeShift.constraints.templates.IMPORTANT_NO_NIGHT_BEFORE_REQUEST_OFF.sentence,web,page.makeShift.constraints.templates.IMPORTANT_NO_NIGHT_BEFORE_REQUEST_OFF.sentence,page.makeShift,makeShift,text,imported,,,,,,,,,신청 OFF 전날에는 N 근무를 피해요,Avoid N shifts on the day before a requested OFF,休み希望の前日はN勤務を避けます,,2026-06-10
page.makeShift.constraints.templates.IMPORTANT_OFF_AFTER_NIGHT.label,web,page.makeShift.constraints.templates.IMPORTANT_OFF_AFTER_NIGHT.label,page.makeShift,makeShift,accessibility,imported,,,,,,,,,중요 기본 조건,Default Important constraint,重要な基本条件,,2026-06-19
page.makeShift.constraints.templates.IMPORTANT_OFF_AFTER_NIGHT.sentence,web,page.makeShift.constraints.templates.IMPORTANT_OFF_AFTER_NIGHT.sentence,page.makeShift,makeShift,text,imported,,,,,,,,,N 근무 후에는 {days}일 이상 쉬어야(OFF) 해요,"After an N shift, assign at least {days} OFF day",N勤務後は{days}日以上休みが必要です,,2026-06-10
page.makeShift.constraints.templates.SOFT_MAX_CONSECUTIVE_N.label,web,page.makeShift.constraints.templates.SOFT_MAX_CONSECUTIVE_N.label,page.makeShift,makeShift,accessibility,imported,,,,,,,,,금지 패턴 규칙,Forbidden pattern constraint,禁止パターン条件,,2026-06-19
page.makeShift.constraints.templates.SOFT_MAX_CONSECUTIVE_N.sentence,web,page.makeShift.constraints.templates.SOFT_MAX_CONSECUTIVE_N.sentence,page.makeShift,makeShift,text,imported,,,,,,,,,{target}은 연속으로 N을 {count}번까지 할 수 있어요,{target} can work N up to {count} times consecutively,{target}はN勤務を連続{count}回までにします,,2026-06-10
page.makeShift.constraints.templates.SOFT_MAX_CONSECUTIVE_WORK.label,web,page.makeShift.constraints.templates.SOFT_MAX_CONSECUTIVE_WORK.label,page.makeShift,makeShift,accessibility,imported,,,,,,,,,연속 근무 / 휴식 규칙,Work/rest constraint,連続勤務/休息条件,,2026-06-19
page.makeShift.constraints.templates.SOFT_MAX_CONSECUTIVE_WORK.sentence,web,page.makeShift.constraints.templates.SOFT_MAX_CONSECUTIVE_WORK.sentence,page.makeShift,makeShift,text,imported,,,,,,,,,{target}은 한 달에 {days}일까지 연속으로 근무할 수 있어요,{target} can work up to {days} consecutive days in a month,{target}は1か月に連続{days}日まで勤務できます,,2026-06-10
page.makeShift.constraints.templates.SOFT_MAX_STAFF_BY_DUTY.label,web,page.makeShift.constraints.templates.SOFT_MAX_STAFF_BY_DUTY.label,page.makeShift,makeShift,accessibility,imported,,,,,,,,,인원수 규칙,Staffing constraint,人数条件,,2026-06-19
page.makeShift.constraints.templates.SOFT_MAX_STAFF_BY_DUTY.sentence,web,page.makeShift.constraints.templates.SOFT_MAX_STAFF_BY_DUTY.sentence,page.makeShift,makeShift,text,imported,,,,,,,,,{duty} 근무에는 최대 {count}명까지만 배정할 수 있어요,{duty} shifts can have at most {count} people,{duty}勤務は最大{count}人まで割り当てできます,,2026-06-10
page.makeShift.constraints.templates.SOFT_MIN_MONTHLY_OFF.label,web,page.makeShift.constraints.templates.SOFT_MIN_MONTHLY_OFF.label,page.makeShift,makeShift,accessibility,imported,,,,,,,,,연속 근무 / 휴식 규칙,Work/rest constraint,連続勤務/休息条件,,2026-06-19
page.makeShift.constraints.templates.SOFT_MIN_MONTHLY_OFF.sentence,web,page.makeShift.constraints.templates.SOFT_MIN_MONTHLY_OFF.sentence,page.makeShift,makeShift,text,imported,,,,,,,,,{target}은 한 달에 최소 {days}일 OFF가 있어야 해요,{target} needs at least {days} OFF days per month,{target}は1か月に最低{days}日の休みが必要です,,2026-06-10
page.makeShift.constraints.templates.SOFT_MIN_SKILL_IN_DUTY.label,web,page.makeShift.constraints.templates.SOFT_MIN_SKILL_IN_DUTY.label,page.makeShift,makeShift,accessibility,imported,,,,,,,,,신규 / 경력 / 숙련도 규칙,New nurse / skill constraint,新人/経験/習熟度条件,,2026-06-19
page.makeShift.constraints.templates.SOFT_MIN_SKILL_IN_DUTY.sentence,web,page.makeShift.constraints.templates.SOFT_MIN_SKILL_IN_DUTY.sentence,page.makeShift,makeShift,text,imported,,,,,,,,,{duty} 근무에는 {level} 이상 간호사가 {count}명 이상 있어야 해요,{duty} shifts need at least {count} nurses at {level} or higher,{duty}勤務には{level}以上の看護師が{count}人以上必要です,,2026-06-10
page.makeShift.constraints.templates.SOFT_MIN_STAFF_BY_DATE_DUTY.label,web,page.makeShift.constraints.templates.SOFT_MIN_STAFF_BY_DATE_DUTY.label,page.makeShift,makeShift,accessibility,imported,,,,,,,,,인원수 규칙,Staffing constraint,人数条件,,2026-06-19
page.makeShift.constraints.templates.SOFT_MIN_STAFF_BY_DATE_DUTY.sentence,web,page.makeShift.constraints.templates.SOFT_MIN_STAFF_BY_DATE_DUTY.sentence,page.makeShift,makeShift,text,imported,,,,,,,,,{date}에는 {duty} 근무에 최소 {count}명이 필요해요,"On {date}, {duty} shifts need at least {count} people",{date}には{duty}勤務で最低{count}人が必要です,,2026-06-10
page.makeShift.constraints.templates.SOFT_MIN_STAFF_BY_DUTY.label,web,page.makeShift.constraints.templates.SOFT_MIN_STAFF_BY_DUTY.label,page.makeShift,makeShift,accessibility,imported,,,,,,,,,인원수 규칙,Staffing constraint,人数条件,,2026-06-19
page.makeShift.constraints.templates.SOFT_MIN_STAFF_BY_DUTY.sentence,web,page.makeShift.constraints.templates.SOFT_MIN_STAFF_BY_DUTY.sentence,page.makeShift,makeShift,text,imported,,,,,,,,,{duty} 근무에는 최소 {count}명이 있어야 해요,{duty} shifts need at least {count} people,{duty}勤務には最低{count}人が必要です,,2026-06-10
page.makeShift.constraints.templates.SOFT_MIN_STAFF_WEEKEND_HOLIDAY.label,web,page.makeShift.constraints.templates.SOFT_MIN_STAFF_WEEKEND_HOLIDAY.label,page.makeShift,makeShift,accessibility,imported,,,,,,,,,인원수 규칙,Staffing constraint,人数条件,,2026-06-19
page.makeShift.constraints.templates.SOFT_MIN_STAFF_WEEKEND_HOLIDAY.sentence,web,page.makeShift.constraints.templates.SOFT_MIN_STAFF_WEEKEND_HOLIDAY.sentence,page.makeShift,makeShift,text,imported,,,,,,,,,주말/공휴일에는 {duty} 근무에 최소 {count}명이 필요해요,"On weekends and holidays, {duty} shifts need at least {count} people",週末/祝日は{duty}勤務で最低{count}人が必要です,,2026-06-10
page.makeShift.constraints.templates.SOFT_NEED_OFF_AFTER_CONSECUTIVE.label,web,page.makeShift.constraints.templates.SOFT_NEED_OFF_AFTER_CONSECUTIVE.label,page.makeShift,makeShift,accessibility,imported,,,,,,,,,연속 근무 / 휴식 규칙,Work/rest constraint,連続勤務/休息条件,,2026-06-19
page.makeShift.constraints.templates.SOFT_NEED_OFF_AFTER_CONSECUTIVE.sentence,web,page.makeShift.constraints.templates.SOFT_NEED_OFF_AFTER_CONSECUTIVE.sentence,page.makeShift,makeShift,text,imported,,,,,,,,,{target}은 {days}일 연속 근무 후에는 OFF가 필요해요,{target} needs OFF after {days} consecutive work days,{target}は{days}日連続勤務後に休みが必要です,,2026-06-10
page.makeShift.constraints.templates.SOFT_NEED_OFF_AFTER_N.label,web,page.makeShift.constraints.templates.SOFT_NEED_OFF_AFTER_N.label,page.makeShift,makeShift,accessibility,imported,,,,,,,,,연속 근무 / 휴식 규칙,Work/rest constraint,連続勤務/休息条件,,2026-06-19
page.makeShift.constraints.templates.SOFT_NEED_OFF_AFTER_N.sentence,web,page.makeShift.constraints.templates.SOFT_NEED_OFF_AFTER_N.sentence,page.makeShift,makeShift,text,imported,,,,,,,,,{target}은 N 근무 후 최소 {days}일 OFF가 필요해요,{target} needs at least {days} OFF day after an N shift,{target}はN勤務後、最低{days}日の休みが必要です,,2026-06-10
page.makeShift.constraints.templates.SOFT_NEWBIE_NO_SOLO_N.label,web,page.makeShift.constraints.templates.SOFT_NEWBIE_NO_SOLO_N.label,page.makeShift,makeShift,accessibility,imported,,,,,,,,,신규 / 경력 / 숙련도 규칙,New nurse / skill constraint,新人/経験/習熟度条件,,2026-06-19
page.makeShift.constraints.templates.SOFT_NEWBIE_NO_SOLO_N.sentence,web,page.makeShift.constraints.templates.SOFT_NEWBIE_NO_SOLO_N.sentence,page.makeShift,makeShift,text,imported,,,,,,,,,{nurse}은 (신규) 혼자 N 근무를 피해요,Avoid solo N shifts for {nurse} as a new nurse,{nurse}は新人として単独N勤務を避けます,,2026-06-10
page.makeShift.constraints.templates.SOFT_NO_E_TO_D.label,web,page.makeShift.constraints.templates.SOFT_NO_E_TO_D.label,page.makeShift,makeShift,accessibility,imported,,,,,,,,,금지 패턴 규칙,Forbidden pattern constraint,禁止パターン条件,,2026-06-19
page.makeShift.constraints.templates.SOFT_NO_E_TO_D.sentence,web,page.makeShift.constraints.templates.SOFT_NO_E_TO_D.sentence,page.makeShift,makeShift,text,imported,,,,,,,,,{target}은 E 다음날 D 근무를 피해요,Avoid D the day after E for {target},{target}はEの翌日のD勤務を避けます,,2026-06-10
page.makeShift.constraints.templates.SOFT_NO_N_TO_D.label,web,page.makeShift.constraints.templates.SOFT_NO_N_TO_D.label,page.makeShift,makeShift,accessibility,imported,,,,,,,,,금지 패턴 규칙,Forbidden pattern constraint,禁止パターン条件,,2026-06-19
page.makeShift.constraints.templates.SOFT_NO_N_TO_D.sentence,web,page.makeShift.constraints.templates.SOFT_NO_N_TO_D.sentence,page.makeShift,makeShift,text,imported,,,,,,,,,{target}은 N 다음날 D 근무를 피해요,Avoid D the day after N for {target},{target}はNの翌日のD勤務を避けます,,2026-06-10
page.makeShift.constraints.templates.SOFT_NO_N_TO_E.label,web,page.makeShift.constraints.templates.SOFT_NO_N_TO_E.label,page.makeShift,makeShift,accessibility,imported,,,,,,,,,금지 패턴 규칙,Forbidden pattern constraint,禁止パターン条件,,2026-06-19
page.makeShift.constraints.templates.SOFT_NO_N_TO_E.sentence,web,page.makeShift.constraints.templates.SOFT_NO_N_TO_E.sentence,page.makeShift,makeShift,text,imported,,,,,,,,,{target}은 N 다음날 E 근무를 피해요,Avoid E the day after N for {target},{target}はNの翌日のE勤務を避けます,,2026-06-10
page.makeShift.constraints.templates.SOFT_NO_SAME_DUTY_PAIR.label,web,page.makeShift.constraints.templates.SOFT_NO_SAME_DUTY_PAIR.label,page.makeShift,makeShift,accessibility,imported,,,,,,,,,근무자 조합,Worker pairing,看護師の組み合わせ,,2026-06-10
page.makeShift.constraints.templates.SOFT_NO_SAME_DUTY_PAIR.sentence,web,page.makeShift.constraints.templates.SOFT_NO_SAME_DUTY_PAIR.sentence,page.makeShift,makeShift,text,imported,,,,,,,,,{nurseA}과 {nurseB}은 같은 근무를 피해요,Avoid assigning {nurseA} and {nurseB} to the same shift,{nurseA}と{nurseB}は同じ勤務を避けます,,2026-06-10
page.makeShift.constraints.templates.SOFT_NO_WEEKEND_FOR_NURSE.label,web,page.makeShift.constraints.templates.SOFT_NO_WEEKEND_FOR_NURSE.label,page.makeShift,makeShift,accessibility,imported,,,,,,,,,사람별 근무 제한,Person-specific constraint,看護師別勤務条件,,2026-06-19
page.makeShift.constraints.templates.SOFT_NO_WEEKEND_FOR_NURSE.sentence,web,page.makeShift.constraints.templates.SOFT_NO_WEEKEND_FOR_NURSE.sentence,page.makeShift,makeShift,text,imported,,,,,,,,,{nurse}은 주말 근무를 피해요,Avoid weekend shifts for {nurse},{nurse}は週末勤務を避けます,,2026-06-10
page.makeShift.constraints.templates.SOFT_PREFER_SAME_DUTY_PAIR.label,web,page.makeShift.constraints.templates.SOFT_PREFER_SAME_DUTY_PAIR.label,page.makeShift,makeShift,accessibility,imported,,,,,,,,,근무자 조합,Worker pairing,看護師の組み合わせ,,2026-06-10
page.makeShift.constraints.templates.SOFT_PREFER_SAME_DUTY_PAIR.sentence,web,page.makeShift.constraints.templates.SOFT_PREFER_SAME_DUTY_PAIR.sentence,page.makeShift,makeShift,text,imported,,,,,,,,,{nurseA}은 {nurseB}과 같은 근무를 하는 것이 좋아요,Prefer assigning {nurseA} and {nurseB} to the same shift,{nurseA}は{nurseB}と同じ勤務が望ましいです,,2026-06-10
page.makeShift.constraints.toast.added,web,page.makeShift.constraints.toast.added,page.makeShift,makeShift,feedback,imported,,,,,,,,,제약조건을 추가했어요.,Constraint added.,制約条件を追加しました。,,2026-06-10
page.makeShift.constraints.toast.duplicatesRemoved,web,page.makeShift.constraints.toast.duplicatesRemoved,page.makeShift,makeShift,feedback,imported,,,,,,,,,중복 제약조건 {{count}}개를 정리했어요.,Cleaned up {{count}} duplicate constraints.,重複する制約条件{{count}}件を整理しました。,,2026-06-10
page.makeShift.constraints.toast.importantUnmarked,web,page.makeShift.constraints.toast.importantUnmarked,page.makeShift,makeShift,feedback,imported,,,,,,,,,중요 표시를 해제했어요.,Important mark removed.,重要マークを外しました。,,2026-06-19
page.makeShift.constraints.toast.imported,web,page.makeShift.constraints.toast.imported,page.makeShift,makeShift,feedback,imported,,,,,,,,,{{teamName}} 제약조건을 그대로 불러왔어요.,Imported constraints from {{teamName}}.,{{teamName}}の制約条件を読み込みました。,,2026-06-10
page.makeShift.constraints.toast.importFailed,web,page.makeShift.constraints.toast.importFailed,page.makeShift,makeShift,feedback,imported,,,,,,,,,제약조건을 불러오지 못했어요. 잠시 후 다시 시도해 주세요.,Could not import constraints. Please try again shortly.,制約条件を読み込めませんでした。しばらくしてからもう一度お試しください。,,2026-06-10
page.makeShift.constraints.toast.saveFailed,web,page.makeShift.constraints.toast.saveFailed,page.makeShift,makeShift,feedback,imported,,,,,,,,,제약조건을 저장하지 못했어요. 잠시 후 다시 시도해 주세요.,Could not save constraints. Please try again shortly.,制約条件を保存できませんでした。しばらくしてからもう一度お試しください。,,2026-06-16
page.makeShift.constraints.toast.recommendedDeleted,web,page.makeShift.constraints.toast.recommendedDeleted,page.makeShift,makeShift,feedback,imported,,,,,,,,,권장 조건을 삭제했어요.,Recommended constraint deleted.,推奨条件を削除しました。,,2026-06-19
page.makeShift.constraints.toast.resetDefaults,web,page.makeShift.constraints.toast.resetDefaults,page.makeShift,makeShift,feedback,imported,,,,,,,,,권장 조건 {{count}}개로 초기화했어요.,Reset to {{count}} recommended constraints.,推奨条件{{count}}件に初期化しました。,,2026-06-19
page.makeShift.constraints.violationCount,web,page.makeShift.constraints.violationCount,page.makeShift,makeShift,text,imported,,,,,,,,,{{count}}개,{{count}},{{count}}件,,2026-06-10
page.makeShift.constraints.warning.deleteConfirm,web,page.makeShift.constraints.warning.deleteConfirm,page.makeShift,makeShift,button,imported,,,,,,,,,삭제하기,Delete,削除する,,2026-06-10
page.makeShift.constraints.warning.deleteDescription,web,page.makeShift.constraints.warning.deleteDescription,page.makeShift,makeShift,button,imported,,,,,,,,,그래도 목록에서 삭제할까요?,Do you still want to remove it from the list?,それでも一覧から削除しますか？,,2026-06-10
page.makeShift.constraints.warning.deleteTitle,web,page.makeShift.constraints.warning.deleteTitle,page.makeShift,makeShift,accessibility,imported,,,,,,,,,권장 조건을 삭제할까요?,Delete this recommended constraint?,推奨条件を削除しますか？,,2026-06-19
page.makeShift.constraints.warning.description,web,page.makeShift.constraints.warning.description,page.makeShift,makeShift,description,imported,,,,,,,,,이 조건은 안정적인 근무표를 위해 기본으로 권장하는 중요 사항이에요.,This default Important constraint helps keep the schedule stable.,この条件は安定した勤務表のために、基本の重要条件として推奨されています。,,2026-06-19
page.makeShift.constraints.warning.keep,web,page.makeShift.constraints.warning.keep,page.makeShift,makeShift,text,imported,,,,,,,,,유지하기,Keep,維持する,,2026-06-10
page.makeShift.constraints.warning.unmarkConfirm,web,page.makeShift.constraints.warning.unmarkConfirm,page.makeShift,makeShift,text,imported,,,,,,,,,중요 표시 빼기,Remove mark,重要マークを外す,,2026-06-19
page.makeShift.constraints.warning.unmarkDescription,web,page.makeShift.constraints.warning.unmarkDescription,page.makeShift,makeShift,description,imported,,,,,,,,,그래도 중요 표시를 해제할까요?,Do you still want to remove the Important mark?,それでも重要マークを外しますか？,,2026-06-19
page.makeShift.constraints.warning.unmarkTitle,web,page.makeShift.constraints.warning.unmarkTitle,page.makeShift,makeShift,accessibility,imported,,,,,,,,,중요 표시를 뺄까요?,Remove the Important mark?,重要マークを外しますか？,,2026-06-19
page.makeShift.fixedShifts.empty,web,page.makeShift.fixedShifts.empty,page.makeShift,makeShift,text,imported,,,,,,,,,이번 달 근무표가 아직 없어요,No schedule exists for this month yet,今月の勤務表はまだありません,,2026-06-19
page.makeShift.fixedShifts.error,web,page.makeShift.fixedShifts.error,page.makeShift,makeShift,feedback,imported,,,,,,,,,고정 근무 데이터를 불러오지 못했어요,Failed to load fixed shift data,固定勤務データを読み込めませんでした,,2026-06-19
page.makeShift.fixedShifts.hint,web,page.makeShift.fixedShifts.hint,page.makeShift,makeShift,description,imported,,,,,,,,,연수·교육·공가처럼 이미 정해진 일정이나 반드시 지켜야 할 배치만 고정해 주세요.,"Fix only already-set items like training, education, or official leave, plus assignments that must not change.",研修・教育・公休のようにすでに決まっている予定や必ず守る配置だけを固定してください。,,2026-06-19
page.makeShift.fixedShifts.loading,web,page.makeShift.fixedShifts.loading,page.makeShift,makeShift,text,imported,,,,,,,,,근무표를 불러오는 중이에요,Loading the duty schedule,勤務表を読み込み中です,,2026-06-19
page.makeShift.fixedShifts.lockedToast,web,page.makeShift.fixedShifts.lockedToast,page.makeShift,makeShift,feedback,imported,,,,,,,,,고정 근무는 고정근무 탭에서만 수정할 수 있어요,Fixed shifts can only be edited from the Fixed Shifts tab,固定勤務は固定勤務タブでのみ編集できます,,2026-06-19
page.makeShift.fixedShifts.saveFailed,web,page.makeShift.fixedShifts.saveFailed,page.makeShift,makeShift,feedback,imported,,,,,,,,,저장하지 못했어요. 잠시 후 다시 시도해 주세요.,Failed to save. Please try again shortly.,保存できませんでした。少し待ってからもう一度お試しください。,,2026-06-19
page.makeShift.fixedShifts.title,web,page.makeShift.fixedShifts.title,page.makeShift,makeShift,accessibility,imported,,,,,,,,,고정할 일정만 입력해 주세요,Enter only items that should stay fixed,固定する予定だけ入力してください,,2026-06-19
page.makeShift.monthRangeDescription,web,page.makeShift.monthRangeDescription,page.makeShift,makeShift,description,imported,,,,,,,,,듀팅에서는 이번 달과 다음 달의 근무표만 생성할 수 있어요.,"On Dutying, you can only create schedules for this month and the next month.",Dutyingでは今月と来月の勤務表のみ作成できます。,,2026-06-10
page.makeShift.monthRangeTitle,web,page.makeShift.monthRangeTitle,page.makeShift,makeShift,accessibility,imported,,,,,,,,,이 기간에는 근무표를 만들 수 없어요,You can’t create a schedule for this period,この期間の勤務表は作成できません,,2026-06-10
page.makeShift.navigation.complete,web,page.makeShift.navigation.complete,page.makeShift,makeShift,text,imported,,,,,,,,,완료,Complete,完了,,2026-06-10
page.makeShift.navigation.moving,web,page.makeShift.navigation.moving,page.makeShift,makeShift,text,imported,,,,,,,,,이동 중…,Moving…,移動中...,,2026-06-10
page.makeShift.navigation.next,web,page.makeShift.navigation.next,page.makeShift,makeShift,text,imported,,,,,,,,,다음,Next,次へ,,2026-06-10
page.makeShift.navigation.previous,web,page.makeShift.navigation.previous,page.makeShift,makeShift,text,imported,,,,,,,,,이전,Previous,戻る,,2026-06-10
page.makeShift.navigation.saving,web,page.makeShift.navigation.saving,page.makeShift,makeShift,text,imported,,,,,,,,,저장 중…,Saving…,保存中…,,2026-06-10
page.makeShift.navigation.sequentialRequired,web,page.makeShift.navigation.sequentialRequired,page.makeShift,makeShift,text,imported,,,,,,,,,앞 단계부터 차례대로 진행해 주세요.,Please complete the steps in order.,前のステップから順番に進めてください。,,2026-06-10
page.makeShift.navigation.workerRequired,web,page.makeShift.navigation.workerRequired,page.makeShift,makeShift,text,imported,,,,,,,,,근무표에 포함할 간호사가 한 명 이상 필요해요.,At least one nurse must be included to create a schedule.,勤務表に含める看護師が1名以上必要です。,,2026-06-10
page.makeShift.overview.checking,web,page.makeShift.overview.checking,page.makeShift,makeShift,text,imported,,,,,,,,,근무표 상태를 확인하고 있어요.,Checking schedule status.,勤務表の状態を確認しています。,,2026-06-10
page.makeShift.overview.continueShift,web,page.makeShift.overview.continueShift,page.makeShift,makeShift,text,imported,,,,,,,,,계속 만들기,Continue editing,続けて作成,,2026-06-10
page.makeShift.overview.createShift,web,page.makeShift.overview.createShift,page.makeShift,makeShift,text,imported,,,,,,,,,{{month}}월 근무표 만들기,Create {{month}} schedule,{{month}}月の勤務表を作成,,2026-06-10
page.makeShift.overview.error,web,page.makeShift.overview.error,page.makeShift,makeShift,feedback,imported,,,,,,,,,근무표 상태를 확인하지 못했어요.,Failed to check the schedule status.,勤務表の状態を確認できませんでした。,,2026-06-10
page.makeShift.overview.fullyAssignedCantStart,web,page.makeShift.overview.fullyAssignedCantStart,page.makeShift,makeShift,text,imported,,,,,,,,,이번 달 근무표가 모두 채워져 있어 여기서는 만들기를 진행할 수 없어요.,This month's schedule is fully filled. You can't start the creation flow here.,今月の勤務表はすべて埋まっているため、ここでは作成を進められません。,,2026-06-10
page.makeShift.overview.loading,web,page.makeShift.overview.loading,page.makeShift,makeShift,text,imported,,,,,,,,,근무표를 불러오고 있어요...,Loading duty schedule...,勤務表を読み込んでいます...,,2026-06-10
page.makeShift.overview.noTeamsDescription,web,page.makeShift.overview.noTeamsDescription,page.makeShift,makeShift,description,imported,,,,,,,,,근무팀을 먼저 만들거나 병동 설정을 확인해 주세요.,Create a shift team first or check ward settings.,先に勤務チームを作成するか、病棟設定を確認してください。,,2026-06-10
page.makeShift.overview.noTeamsLabel,web,page.makeShift.overview.noTeamsLabel,page.makeShift,makeShift,accessibility,imported,,,,,,,,,근무팀 없음,No shift teams,勤務チームなし,,2026-06-10
page.makeShift.overview.noTeamsTitle,web,page.makeShift.overview.noTeamsTitle,page.makeShift,makeShift,accessibility,imported,,,,,,,,,근무팀을 만들면 시작할 수 있어요.,No shift teams found.,勤務チームを作成すると開始できます。,,2026-06-10
page.makeShift.overview.selectedTeamFallback,web,page.makeShift.overview.selectedTeamFallback,page.makeShift,makeShift,text,imported,,,,,,,,,선택한 팀,Selected team,選択したチーム,,2026-06-10
page.makeShift.overview.shiftDraft,web,page.makeShift.overview.shiftDraft,page.makeShift,makeShift,text,imported,,,,,,,,,<team>{{teamName}}</team>의 <month>{{month}}월</month> 근무표를 만들고 있었어요,You were creating <team>{{teamName}}</team>'s <month>{{month}}</month> schedule.,<team>{{teamName}}</team>の<month>{{month}}月</month>勤務表を作成中でした,,2026-06-10
page.makeShift.overview.shiftDraftDescription,web,page.makeShift.overview.shiftDraftDescription,page.makeShift,makeShift,description,imported,,,,,,,,,아직 완성 전이에요. 이전에 저장된 내용 그대로 이어서 만들 수 있어요.,It is not complete yet. Continue with your previously saved edits restored.,まだ完成前です。以前保存した内容から続けて作成できます。,,2026-06-10
page.makeShift.overview.shiftEmpty,web,page.makeShift.overview.shiftEmpty,page.makeShift,makeShift,text,imported,,,,,,,,,<team>{{teamName}}</team>의 <month>{{month}}월</month> 근무표가 아직 없어요,<team>{{teamName}}</team>'s <month>{{month}}</month> schedule does not exist yet.,<team>{{teamName}}</team>の<month>{{month}}月</month>勤務表はまだありません,,2026-06-10
page.makeShift.overview.shiftExists,web,page.makeShift.overview.shiftExists,page.makeShift,makeShift,text,imported,,,,,,,,,{{teamName}}의 {{month}}월 근무표가 이미 있어요.,{{teamName}} has a schedule for {{month}}.,{{teamName}}の{{month}}月の勤務表がすでにあります。,,2026-06-10
page.makeShift.overview.shiftPartialFill,web,page.makeShift.overview.shiftPartialFill,page.makeShift,makeShift,text,imported,,,,,,,,,{{teamName}}의 {{month}}월 근무표에 빈 칸이 남아 있어요,{{teamName}}'s {{month}} schedule still has empty slots.,{{teamName}}の{{month}}月の勤務表に空欄が残っています,,2026-06-10
page.makeShift.overview.viewShift,web,page.makeShift.overview.viewShift,page.makeShift,makeShift,text,imported,,,,,,,,,{{month}}월 근무표 보러가기,View {{month}} duty schedule,{{month}}月の勤務表を見る,,2026-06-10
page.makeShift.progress.ariaLabel,web,page.makeShift.progress.ariaLabel,page.makeShift,makeShift,accessibility,imported,,,,,,,,,근무표 만들기 진행 단계,Create schedule progress,勤務表作成の進行ステップ,,2026-06-10
page.makeShift.progress.current,web,page.makeShift.progress.current,page.makeShift,makeShift,text,imported,,,,,,,,,{{current}}/{{total}}단계 · {{label}},Step {{current}}/{{total}} · {{label}},{{current}}/{{total}}ステップ · {{label}},,2026-06-10
page.makeShift.progress.eyebrow,web,page.makeShift.progress.eyebrow,page.makeShift,makeShift,text,imported,,,,,,,,,근무표 만들기,Create schedule,勤務表作成,,2026-06-10
page.makeShift.progress.state.available,web,page.makeShift.progress.state.available,page.makeShift,makeShift,text,imported,,,,,,,,,이동 가능,Available,移動可能,,2026-06-10
page.makeShift.progress.state.current,web,page.makeShift.progress.state.current,page.makeShift,makeShift,text,imported,,,,,,,,,진행 중,In progress,進行中,,2026-06-10
page.makeShift.progress.state.done,web,page.makeShift.progress.state.done,page.makeShift,makeShift,text,imported,,,,,,,,,완료,Done,完了,,2026-06-10
page.makeShift.progress.state.locked,web,page.makeShift.progress.state.locked,page.makeShift,makeShift,text,imported,,,,,,,,,잠김,Locked,ロック中,,2026-06-10
page.makeShift.requests.action.accept,web,page.makeShift.requests.action.accept,page.makeShift,makeShift,button,imported,,,,,,,,,수락,Accept,承認,,2026-06-19
page.makeShift.requests.action.hold,web,page.makeShift.requests.action.hold,page.makeShift,makeShift,button,imported,,,,,,,,,보류,Hold,保留,,2026-06-19
page.makeShift.requests.action.reject,web,page.makeShift.requests.action.reject,page.makeShift,makeShift,button,imported,,,,,,,,,거절,Reject,却下,,2026-06-19
page.makeShift.requests.badge.accepted,web,page.makeShift.requests.badge.accepted,page.makeShift,makeShift,text,imported,,,,,,,,,수락한 신청,Accepted requests,承認した申請,,2026-06-19
page.makeShift.requests.badge.pending,web,page.makeShift.requests.badge.pending,page.makeShift,makeShift,text,imported,,,,,,,,,대기 중인 신청,Pending requests,待機中の申請,,2026-06-19
page.makeShift.requests.badge.rejected,web,page.makeShift.requests.badge.rejected,page.makeShift,makeShift,text,imported,,,,,,,,,거절된 신청,Rejected requests,却下した申請,,2026-06-19
page.makeShift.requests.count,web,page.makeShift.requests.count,page.makeShift,makeShift,text,imported,,,,,,,,,{{count}}개,{{count}},{{count}}件,,2026-06-19
page.makeShift.requests.descriptionHighlight,web,page.makeShift.requests.descriptionHighlight,page.makeShift,makeShift,description,imported,,,,,,,,,근무표에 고정,locked into the schedule,勤務表に固定,,2026-06-19
page.makeShift.requests.descriptionLine,web,page.makeShift.requests.descriptionLine,page.makeShift,makeShift,description,imported,,,,,,,,,"반영할 신청은 수락하고, 제외할 신청은 거절해 주세요","Accept requests to reflect, and reject requests to exclude.",反映する申請は承認し、除外する申請は却下してください。,,2026-06-19
page.makeShift.requests.descriptionPrefix,web,page.makeShift.requests.descriptionPrefix,page.makeShift,makeShift,description,imported,,,,,,,,,반영된 스케줄은,Accepted requests are,承認済みのスケジュールは,,2026-06-19
page.makeShift.requests.descriptionSuffix,web,page.makeShift.requests.descriptionSuffix,page.makeShift,makeShift,description,imported,,,,,,,,,해요.,.,されます。,,2026-06-19
page.makeShift.requests.empty,web,page.makeShift.requests.empty,page.makeShift,makeShift,text,imported,,,,,,,,,이번 달 신청 근무표가 아직 없어요,There is no requested shift schedule for this month yet,今月の勤務希望表はまだありません,,2026-06-19
page.makeShift.requests.emptyAccepted,web,page.makeShift.requests.emptyAccepted,page.makeShift,makeShift,text,imported,,,,,,,,,수락한 신청이 생기면 여기에 보여요.,No accepted requests.,承認した申請があるとここに表示されます。,,2026-06-19
page.makeShift.requests.emptyPending,web,page.makeShift.requests.emptyPending,page.makeShift,makeShift,text,imported,,,,,,,,,검토할 신청이 생기면 여기에 보여요.,No requests to review.,確認が必要な申請があるとここに表示されます。,,2026-06-19
page.makeShift.requests.emptyRejected,web,page.makeShift.requests.emptyRejected,page.makeShift,makeShift,text,imported,,,,,,,,,거절한 신청이 생기면 여기에 보여요.,No rejected requests.,却下した申請があるとここに表示されます。,,2026-06-19
page.makeShift.requests.error,web,page.makeShift.requests.error,page.makeShift,makeShift,feedback,imported,,,,,,,,,신청 근무 데이터를 불러오지 못했어요,Failed to load requested shift data,勤務希望データを読み込めませんでした,,2026-06-19
page.makeShift.requests.itemLabel,web,page.makeShift.requests.itemLabel,page.makeShift,makeShift,accessibility,imported,,,,,,,,,{{name}} / {{date}}일,{{name}} / {{date}},{{name}} / {{date}}日,,2026-06-19
page.makeShift.requests.loading,web,page.makeShift.requests.loading,page.makeShift,makeShift,text,imported,,,,,,,,,신청 근무 데이터를 불러오는 중이에요,Loading requested shift data,勤務希望データを読み込み中です,,2026-06-19
page.makeShift.requests.lockedToast,web,page.makeShift.requests.lockedToast,page.makeShift,makeShift,feedback,imported,,,,,,,,,신청 근무는 신청근무 탭에서만 수정할 수 있어요,Requested shifts can only be edited from the Requests tab,勤務希望は勤務希望タブでのみ編集できます,,2026-06-19
page.makeShift.requests.panelTitle,web,page.makeShift.requests.panelTitle,page.makeShift,makeShift,accessibility,imported,,,,,,,,,검토할 신청,Requests to review,確認する申請,,2026-06-19
page.makeShift.requests.section.accepted,web,page.makeShift.requests.section.accepted,page.makeShift,makeShift,text,imported,,,,,,,,,수락한 신청,Accepted,承認済み,,2026-06-19
page.makeShift.requests.section.pending,web,page.makeShift.requests.section.pending,page.makeShift,makeShift,text,imported,,,,,,,,,대기 중,Pending,待機中,,2026-06-19
page.makeShift.requests.section.rejected,web,page.makeShift.requests.section.rejected,page.makeShift,makeShift,text,imported,,,,,,,,,거절됨,Rejected,却下済み,,2026-06-19
page.makeShift.requests.summary.accepted,web,page.makeShift.requests.summary.accepted,page.makeShift,makeShift,text,imported,,,,,,,,,수락,Accepted,承認,,2026-06-19
page.makeShift.requests.summary.pending,web,page.makeShift.requests.summary.pending,page.makeShift,makeShift,text,imported,,,,,,,,,대기,Pending,待機,,2026-06-19
page.makeShift.requests.summary.rejected,web,page.makeShift.requests.summary.rejected,page.makeShift,makeShift,text,imported,,,,,,,,,거절,Rejected,却下,,2026-06-19
page.makeShift.requests.summaryCountsAria,web,page.makeShift.requests.summaryCountsAria,page.makeShift,makeShift,accessibility,imported,,,,,,,,,"수락, 대기, 거절 신청 건수 요약","Summary of accepted, pending, and rejected requests",承認、待機、却下申請件数の概要,,2026-06-19
page.makeShift.requests.table.name,web,page.makeShift.requests.table.name,page.makeShift,makeShift,text,imported,,,,,,,,,이름,Name,名前,,2026-06-19
page.makeShift.requests.title,web,page.makeShift.requests.title,page.makeShift,makeShift,accessibility,imported,,,,,,,,,신청 근무를 확정해 주세요,Confirm requested shifts,勤務希望を確定してください,,2026-06-19
page.makeShift.requests.updateFailed,web,page.makeShift.requests.updateFailed,page.makeShift,makeShift,feedback,imported,,,,,,,,,신청 상태를 바꾸지 못했어요. 다시 시도해 주세요.,Could not update the request. Please try again.,申請状態を変更できませんでした。もう一度お試しください。,,2026-06-19
page.makeShift.stepContent.importantBadge,web,page.makeShift.stepContent.importantBadge,page.makeShift,makeShift,text,imported,,,,,,,,,중요,Important,重要,,2026-06-10
page.makeShift.stepContent.importantPrefix,web,page.makeShift.stepContent.importantPrefix,page.makeShift,makeShift,text,imported,,,,,,,,,꼭 지켜야 할 조건은,Turn on,必ず守る条件は,,2026-06-10
page.makeShift.stepContent.importantSuffix,web,page.makeShift.stepContent.importantSuffix,page.makeShift,makeShift,text,imported,,,,,,,,,버튼을 켜 주세요.,for conditions that must be followed.,ボタンをオンにしてください。,,2026-06-10
page.makeShift.stepLoadFailed,web,page.makeShift.stepLoadFailed,page.makeShift,makeShift,feedback,imported,,,,,,,,,진행 단계를 불러오지 못했어요,Failed to load this step,進行ステップを読み込めませんでした,,2026-06-10
page.makeShift.steps.aiAutofill.caption,web,page.makeShift.steps.aiAutofill.caption,page.makeShift,makeShift,text,imported,,,,,,,,,남은 빈칸을 채우고 최종 확정해요,Fill the remaining cells and confirm the schedule,残りの空欄を埋めて最終確定します,,2026-06-10
page.makeShift.steps.aiAutofill.label,web,page.makeShift.steps.aiAutofill.label,page.makeShift,makeShift,accessibility,imported,,,,,,,,,근무표 작성하기,Autofill,勤務表を作成,,2026-06-10
page.makeShift.steps.confirmedShifts.caption,web,page.makeShift.steps.confirmedShifts.caption,page.makeShift,makeShift,text,imported,,,,,,,,,완성된 근무표를 확인해요,Review the completed schedule,完成した勤務表を確認します,,2026-06-10
page.makeShift.steps.confirmedShifts.label,web,page.makeShift.steps.confirmedShifts.label,page.makeShift,makeShift,accessibility,imported,,,,,,,,,확정 근무표,Confirmed schedule,確定勤務表,,2026-06-10
page.makeShift.steps.constraints.caption,web,page.makeShift.steps.constraints.caption,page.makeShift,makeShift,text,imported,,,,,,,,,제약 조건을 정의해요,Set hard and soft scheduling rules,制約条件を設定します,,2026-06-10
page.makeShift.steps.constraints.introDescription,web,page.makeShift.steps.constraints.introDescription,page.makeShift,makeShift,description,imported,,,,,,,,,꼭 지켜야 할 조건은 중요 버튼을 켜 주세요.,"Hard rules must be satisfied
Soft rules are applied when possible",必ず守る条件は重要ボタンをオンにしてください。,,2026-06-10
page.makeShift.steps.constraints.introTitle,web,page.makeShift.steps.constraints.introTitle,page.makeShift,makeShift,accessibility,imported,,,,,,,,,제약할 조건을 정해 주세요,Review scheduling rules,制約する条件を設定してください,,2026-06-10
page.makeShift.steps.constraints.label,web,page.makeShift.steps.constraints.label,page.makeShift,makeShift,accessibility,imported,,,,,,,,,제약조건,Rules,制約条件,,2026-06-10
page.makeShift.steps.fixedShifts.caption,web,page.makeShift.steps.fixedShifts.caption,page.makeShift,makeShift,text,imported,,,,,,,,,미리 일부 근무를 고정해요,Lock shifts that should not change,一部の勤務を事前に固定します,,2026-06-10
page.makeShift.steps.fixedShifts.label,web,page.makeShift.steps.fixedShifts.label,page.makeShift,makeShift,accessibility,imported,,,,,,,,,고정 근무,Fixed shifts,固定シフト,,2026-06-10
page.makeShift.steps.requests.caption,web,page.makeShift.steps.requests.caption,page.makeShift,makeShift,text,imported,,,,,,,,,간호사가 보낸 신청근무 요청을 수락하거나 거절해요,Accept or reject wanted and off requests,看護師から送られた勤務希望を承認または却下します,,2026-06-10
page.makeShift.steps.requests.label,web,page.makeShift.steps.requests.label,page.makeShift,makeShift,accessibility,imported,,,,,,,,,신청 근무 확정,Requested shifts,勤務希望確定,,2026-06-10
page.makeShift.steps.workers.caption,web,page.makeShift.steps.workers.caption,page.makeShift,makeShift,text,imported,,,,,,,,,근무에 투입될 간호사를 확인해요,Review who will be placed and in what order,勤務に入る看護師を確認します,,2026-06-10
page.makeShift.steps.workers.introDescription,web,page.makeShift.steps.workers.introDescription,page.makeShift,makeShift,description,imported,,,,,,,,,"빠진 인원이 없는지 확인해 주세요
수정이 필요하면 근무자 관리에서 변경할 수 있어요","Check that no one is missing
Make changes from Worker Management if needed","抜けている看護師がいないか確認してください
変更が必要な場合は看護師管理で編集できます",,2026-06-10
page.makeShift.steps.workers.introTitle,web,page.makeShift.steps.workers.introTitle,page.makeShift,makeShift,accessibility,imported,,,,,,,,,근무투입 인원을 확인해 주세요,Review included workers,勤務に入る人数を確認してください,,2026-06-10
page.makeShift.steps.workers.label,web,page.makeShift.steps.workers.label,page.makeShift,makeShift,accessibility,imported,,,,,,,,,근무자 확인,Workers,看護師確認,,2026-06-10
page.makeShift.tutorial.aiAutofill.info,web,page.makeShift.tutorial.aiAutofill.info,page.makeShift,makeShift,description,imported,,,,,,,,,"AI 자동 채우기를 여러 번 실행해 원하는 근무표에 빠르게 가까워질 수 있어요.
결과는 관리자가 한 번 더 확인하고 수정해 주세요.","Run AI autofill multiple times to move quickly toward the schedule you want.
An admin should review and adjust the result.","AI自動入力を複数回実行して、希望する勤務表に素早く近づけます。
結果は管理者が必ず確認して調整してください。",,2026-06-10
page.makeShift.tutorial.aiAutofill.title,web,page.makeShift.tutorial.aiAutofill.title,page.makeShift,makeShift,accessibility,imported,,,,,,,,,AI 자동 채우기,AI autofill,AI自動入力,,2026-06-10
page.makeShift.tutorial.constraints.info,web,page.makeShift.tutorial.constraints.info,page.makeShift,makeShift,description,imported,,,,,,,,,"권장 제약조건 7개 외에도 필요한 조건을 추가할 수 있어요.
조건이 많을수록 배정이 어려워질 수 있어요.","You can add custom rules beyond the seven recommended constraints.
More rules can make scheduling harder.","推奨制約7件以外にも必要な条件を追加できます。
条件が多いほど割り当てが難しくなる場合があります。",,2026-06-10
page.makeShift.tutorial.constraints.title,web,page.makeShift.tutorial.constraints.title,page.makeShift,makeShift,accessibility,imported,,,,,,,,,제약조건 추가하기,Add constraints,制約条件を追加,,2026-06-10
page.makeShift.tutorial.fixedShifts.info,web,page.makeShift.tutorial.fixedShifts.info,page.makeShift,makeShift,description,imported,,,,,,,,,"셀을 선택하고 키보드로 근무 약자를 입력해요.
D, E, N, O처럼 병동에서 쓰는 약자를 누르면 바로 반영돼요.","Select a cell and type the shift abbreviation.
Ward abbreviations such as D, E, N, and O apply immediately.","セルを選択して勤務略称をキーボードで入力します。
D、E、N、Oなど病棟で使う略称はすぐ反映されます。",,2026-06-10
page.makeShift.tutorial.fixedShifts.title,web,page.makeShift.tutorial.fixedShifts.title,page.makeShift,makeShift,accessibility,imported,,,,,,,,,고정 근무 입력하기,Enter fixed shifts,固定勤務を入力,,2026-06-10
page.makeShift.tutorial.requests.info,web,page.makeShift.tutorial.requests.info,page.makeShift,makeShift,description,imported,,,,,,,,,"남아 있는 신청근무 요청을 확인해요.
대기만 보기를 켜면 아직 처리하지 않은 요청만 볼 수 있어요.","Review remaining requests.
Turn on pending-only view to see requests that still need a decision.","残っている勤務希望を確認します。
未処理のみ表示をオンにすると、まだ判断していないリクエストだけ確認できます。",,2026-06-10
page.makeShift.tutorial.requests.title,web,page.makeShift.tutorial.requests.title,page.makeShift,makeShift,accessibility,imported,,,,,,,,,신청 근무 확정하기,Confirm requested shifts,勤務希望を確定,,2026-06-10
page.makeShift.tutorial.stepper.info,web,page.makeShift.tutorial.stepper.info,page.makeShift,makeShift,description,imported,,,,,,,,,진행선을 보면서 5단계를 차례대로 진행해요.,Follow the progress bar and complete the five steps in order.,進行バーを見ながら5つのステップを順番に進めます。,,2026-06-10
page.makeShift.tutorial.stepper.title,web,page.makeShift.tutorial.stepper.title,page.makeShift,makeShift,accessibility,imported,,,,,,,,,근무표 만들기,Create schedule,勤務表を作成,,2026-06-10
page.makeShift.tutorial.tools.info,web,page.makeShift.tutorial.tools.info,page.makeShift,makeShift,description,imported,,,,,,,,,보기 옵션과 되돌리기·다시 실행을 활용해 근무표를 더 쉽게 다듬어 보세요.,"Use view options, undo, and redo to refine the schedule more easily.",表示オプションや元に戻す・やり直しを使って、勤務表をより簡単に整えられます。,,2026-06-10
page.makeShift.tutorial.tools.title,web,page.makeShift.tutorial.tools.title,page.makeShift,makeShift,accessibility,imported,,,,,,,,,보조 도구 활용하기,Use helper tools,補助ツールを活用,,2026-06-10
page.makeShift.workers.activeCount,web,page.makeShift.workers.activeCount,page.makeShift,makeShift,text,imported,,,,,,,,,투입 {{count}}명,{{count}} included,投入 {{count}}名,,2026-06-10
page.makeShift.workers.column.isWorker,web,page.makeShift.workers.column.isWorker,page.makeShift,makeShift,text,imported,,,,,,,,,근무투입,Included,勤務投入,,2026-06-10
page.makeShift.workers.column.level,web,page.makeShift.workers.column.level,page.makeShift,makeShift,text,imported,,,,,,,,,숙련도,Level,熟練度,,2026-06-10
page.makeShift.workers.column.memo,web,page.makeShift.workers.column.memo,page.makeShift,makeShift,text,imported,,,,,,,,,비고,Memo,メモ,,2026-06-10
page.makeShift.workers.column.name,web,page.makeShift.workers.column.name,page.makeShift,makeShift,text,imported,,,,,,,,,이름,Name,名前,,2026-06-10
page.makeShift.workers.column.preceptee,web,page.makeShift.workers.column.preceptee,page.makeShift,makeShift,text,imported,,,,,,,,,프리셉티,Preceptee,プリセプティ,,2026-06-10
page.makeShift.workers.column.preceptor,web,page.makeShift.workers.column.preceptor,page.makeShift,makeShift,text,imported,,,,,,,,,프리셉터,Preceptor,プリセプター,,2026-06-10
page.makeShift.workers.column.shiftTypes,web,page.makeShift.workers.column.shiftTypes,page.makeShift,makeShift,text,imported,,,,,,,,,가능 근무,Available shifts,可能勤務,,2026-06-10
page.makeShift.workers.dragHandleAria,web,page.makeShift.workers.dragHandleAria,page.makeShift,makeShift,accessibility,imported,,,,,,,,,드래그하여 순서 변경,Drag to reorder,ドラッグして順序を変更,,2026-06-10
page.makeShift.workers.emptyDescription,web,page.makeShift.workers.emptyDescription,page.makeShift,makeShift,description,imported,,,,,,,,,근무 투입이 설정된 인원을 먼저 확인해 주세요.,Check the staff marked for duty first.,勤務投入に設定された人数を先に確認してください。,,2026-06-10
page.makeShift.workers.emptyTitle,web,page.makeShift.workers.emptyTitle,page.makeShift,makeShift,accessibility,imported,,,,,,,,,근무자를 확정하면 시작할 수 있어요.,No confirmed workers yet.,看護師を確定すると開始できます。,,2026-06-10
page.makeShift.workers.goMemberManagement,web,page.makeShift.workers.goMemberManagement,page.makeShift,makeShift,text,imported,,,,,,,,,근무자 관리로 이동,Go to member management,看護師管理へ移動,,2026-06-10
page.makeShift.workers.noNurseDescription,web,page.makeShift.workers.noNurseDescription,page.makeShift,makeShift,description,imported,,,,,,,,,근무표를 만들려면 먼저 간호사를 추가해 주세요. 근무자 관리에서 바로 시작할 수 있어요,Add nurses before creating a schedule. You can start from member management.,勤務表を作成するには、先に看護師を追加してください。看護師管理からすぐに開始できます。,,2026-06-10
page.makeShift.workers.noNurseTitle,web,page.makeShift.workers.noNurseTitle,page.makeShift,makeShift,accessibility,imported,,,,,,,,,{{teamName}}에는 아직 간호사가 없어요,{{teamName}} has no nurses yet,{{teamName}}にはまだ看護師がいません,,2026-06-10
page.makeShift.workers.preceptorActive,web,page.makeShift.workers.preceptorActive,page.makeShift,makeShift,text,imported,,,,,,,,,해당,Yes,該当,,2026-06-10
page.makeShift.workers.sortByName,web,page.makeShift.workers.sortByName,page.makeShift,makeShift,text,imported,,,,,,,,,가나다순,Name,五十音順,,2026-06-10
page.makeShift.workers.sortBySavedOrder,web,page.makeShift.workers.sortBySavedOrder,page.makeShift,makeShift,button,imported,,,,,,,,,임의순,Custom order,任意順,,2026-06-10
page.makeShift.workers.sortBySkill,web,page.makeShift.workers.sortBySkill,page.makeShift,makeShift,text,imported,,,,,,,,,숙련도 순,Skill level,熟練度順,,2026-06-10
page.makeShift.workers.sortListMenuAria,web,page.makeShift.workers.sortListMenuAria,page.makeShift,makeShift,accessibility,imported,,,,,,,,,근무자 정렬 기준 열기,Open worker sort options,看護師の並び順を開く,,2026-06-10
page.makeShift.workers.totalCount,web,page.makeShift.workers.totalCount,page.makeShift,makeShift,text,imported,,,,,,,,,총 {{count}}명,Total {{count}},合計 {{count}}名,,2026-06-10
page.member.addFirstNurse,web,page.member.addFirstNurse,page.member,member,text,imported,,,,,,,,,첫 간호사 추가하기,Add the first nurse,最初の看護師を追加,,2026-06-10
page.member.addingNurse,web,page.member.addingNurse,page.member,member,text,imported,,,,,,,,,간호사 추가 중…,Adding nurse…,看護師を追加中…,,2026-06-10
page.member.addNurse,web,page.member.addNurse,page.member,member,text,imported,,,,,,,,,간호사 추가하기,Add nurse,看護師を追加,,2026-06-10
page.member.addTeam,web,page.member.addTeam,page.member,member,text,imported,,,,,,,,,팀 추가하기,Add team,チームを追加,,2026-06-10
page.member.canMakeDuty,web,page.member.canMakeDuty,page.member,member,text,imported,,,,,,,,,근무표 작성,Duty schedule,勤務表作成,,2026-06-10
page.member.canMakeDutyTooltip,web,page.member.canMakeDutyTooltip,page.member,member,text,imported,,,,,,,,,선택된 사람만 근무표를 작성할 수 있어요.,Only selected people can create the duty schedule.,選択された人だけが勤務表を作成できます。,,2026-06-10
page.member.common.cancel,web,page.member.common.cancel,page.member,member,button,imported,,,,,,,,,취소,Cancel,キャンセル,,2026-06-10
page.member.common.close,web,page.member.common.close,page.member,member,button,imported,,,,,,,,,닫기,Close,閉じる,,2026-06-10
page.member.common.complete,web,page.member.common.complete,page.member,member,text,imported,,,,,,,,,완료,Complete,完了,,2026-06-10
page.member.common.deleteAction,web,page.member.common.deleteAction,page.member,member,button,imported,,,,,,,,,삭제하기,Delete,削除する,,2026-06-10
page.member.common.discard,web,page.member.common.discard,page.member,member,text,imported,,,,,,,,,저장 안 함,Do not save,保存しない,,2026-06-10
page.member.common.disconnectAction,web,page.member.common.disconnectAction,page.member,member,button,imported,,,,,,,,,연동 끊기,Disconnect,連携を解除,,2026-06-10
page.member.common.nurseFallback,web,page.member.common.nurseFallback,page.member,member,text,imported,,,,,,,,,간호사,Nurse,看護師,,2026-06-10
page.member.common.previous,web,page.member.common.previous,page.member,member,text,imported,,,,,,,,,이전,Previous,戻る,,2026-06-10
page.member.common.previousStep,web,page.member.common.previousStep,page.member,member,text,imported,,,,,,,,,이전 단계,Previous step,前のステップ,,2026-06-10
page.member.common.processing,web,page.member.common.processing,page.member,member,text,imported,,,,,,,,,처리 중,Processing,処理中,,2026-06-10
page.member.common.processingEllipsis,web,page.member.common.processingEllipsis,page.member,member,text,imported,,,,,,,,,처리 중...,Processing...,処理中...,,2026-06-10
page.member.common.retry,web,page.member.common.retry,page.member,member,button,imported,,,,,,,,,다시 시도,Try again,再試行,,2026-06-10
page.member.common.saveAndLeave,web,page.member.common.saveAndLeave,page.member,member,button,imported,,,,,,,,,저장 후 나가기,Save and leave,保存して移動,,2026-06-10
page.member.common.selectedNurse,web,page.member.common.selectedNurse,page.member,member,text,imported,,,,,,,,,선택한 간호사,Selected nurse,選択した看護師,,2026-06-10
page.member.common.selectedTeam,web,page.member.common.selectedTeam,page.member,member,text,imported,,,,,,,,,선택한 팀,Selected team,選択したチーム,,2026-06-10
page.member.confirmDeleteTeam,web,page.member.confirmDeleteTeam,page.member,member,button,imported,,,,,,,,,{{teamName}} 팀을 삭제할까요? 팀에 속한 간호사도 함께 삭제해요.,Delete team {{teamName}}? Nurses in the team will be removed together.,{{teamName}}チームを削除しますか？チーム内の看護師も一緒に削除されます。,,2026-06-10
page.member.connectionManage.complete.viewOtherRequests,web,page.member.connectionManage.complete.viewOtherRequests,page.member,member,text,imported,,,,,,,,,다른 요청 보기,View other requests,他のリクエストを見る,,2026-06-10
page.member.connectionManage.method.add,web,page.member.connectionManage.method.add,page.member,member,text,imported,,,,,,,,,팀에 새로 추가,Add to a team,チームに新規追加,,2026-06-10
page.member.connectionManage.method.link,web,page.member.connectionManage.method.link,page.member,member,text,imported,,,,,,,,,기존 간호사에 연동,Link to existing nurse,既存の看護師に連携,,2026-06-10
page.member.connectionManage.method.title,web,page.member.connectionManage.method.title,page.member,member,accessibility,imported,,,,,,,,,연동 방식을 선택해 주세요,Choose how to connect this nurse,連携方法を選択してください,,2026-06-10
page.member.connectionManage.result.failure.addDescription,web,page.member.connectionManage.result.failure.addDescription,page.member,member,description,imported,,,,,,,,,{{waitingNurseName}}{{objectParticle}} {{targetLabel}}에 추가하지 못했어요. 다시 시도하거나 이전 단계로 돌아가 주세요.,Could not add {{waitingNurseName}} to {{targetLabel}}. Please try again or go back to the previous step.,{{waitingNurseName}}さんを{{targetLabel}}に追加できませんでした。もう一度試すか、前のステップに戻ってください。,,2026-06-10
page.member.connectionManage.result.failure.addTitle,web,page.member.connectionManage.result.failure.addTitle,page.member,member,accessibility,imported,,,,,,,,,팀에 추가하지 못했어요,Could not add to the team,チームに追加できませんでした,,2026-06-10
page.member.connectionManage.result.failure.linkDescription,web,page.member.connectionManage.result.failure.linkDescription,page.member,member,description,imported,,,,,,,,,{{targetLabel}} 계정에 연결하지 못했어요. 다시 시도해 주세요.,Could not link to {{targetLabel}}. Please try again.,{{targetLabel}}アカウントに連携できませんでした。もう一度お試しください。,,2026-06-10
page.member.connectionManage.result.failure.linkNoTargetDescription,web,page.member.connectionManage.result.failure.linkNoTargetDescription,page.member,member,description,imported,,,,,,,,,선택한 간호사 계정에 연결하지 못했어요. 다시 시도해 주세요.,Could not link to the selected nurse account. Please try again.,選択した看護師アカウントに連携できませんでした。もう一度お試しください。,,2026-06-10
page.member.connectionManage.result.failure.linkTeamDescription,web,page.member.connectionManage.result.failure.linkTeamDescription,page.member,member,description,imported,,,,,,,,,{{targetTeamName}}의 {{targetNurseName}} 계정에 연결하지 못했어요. 다시 시도해 주세요.,Could not link to {{targetNurseName}} in {{targetTeamName}}. Please try again.,{{targetTeamName}}の{{targetNurseName}}アカウントに連携できませんでした。もう一度お試しください。,,2026-06-10
page.member.connectionManage.result.failure.linkTitle,web,page.member.connectionManage.result.failure.linkTitle,page.member,member,accessibility,imported,,,,,,,,,기존 계정과 연결하지 못했어요,Could not link to the existing account,既存アカウントと連携できませんでした,,2026-06-10
page.member.connectionManage.result.loading.addDescription,web,page.member.connectionManage.result.loading.addDescription,page.member,member,description,imported,,,,,,,,,{{waitingNurseName}}님을 {{targetLabel}} 팀으로 추가하고 있어요. 팀과 관계 변경이 반영될 때까지 잠시만 기다려 주세요.,Adding {{waitingNurseName}} to team {{targetLabel}}. Team and role changes may take a moment.,{{waitingNurseName}}さんを{{targetLabel}}チームに追加しています。チームと関係変更の反映までしばらくお待ちください。,,2026-06-10
page.member.connectionManage.result.loading.addTitle,web,page.member.connectionManage.result.loading.addTitle,page.member,member,accessibility,imported,,,,,,,,,선택한 팀으로 추가하고 있어요,Adding to the selected team,選択したチームに追加しています,,2026-06-10
page.member.connectionManage.result.loading.linkDescription,web,page.member.connectionManage.result.loading.linkDescription,page.member,member,description,imported,,,,,,,,,{{waitingNurseName}} 신청 정보를 {{targetLabel}} 계정에 연결하고 있어요. 잠시만 기다려 주세요.,Linking {{waitingNurseName}} to {{targetLabel}}. Please wait.,{{waitingNurseName}}の申請情報を{{targetLabel}}アカウントに連携しています。しばらくお待ちください。,,2026-06-10
page.member.connectionManage.result.loading.linkTitle,web,page.member.connectionManage.result.loading.linkTitle,page.member,member,accessibility,imported,,,,,,,,,기존 계정에 연결하고 있어요,Linking to the existing account,既存アカウントに連携しています,,2026-06-10
page.member.connectionManage.result.success.addTitle,web,page.member.connectionManage.result.success.addTitle,page.member,member,accessibility,imported,,,,,,,,,{{waitingNurseName}}님을 {{targetLabel}}에 추가했어요,Added {{waitingNurseName}} to {{targetLabel}},{{waitingNurseName}}さんを{{targetLabel}}に追加しました,,2026-06-10
page.member.connectionManage.result.success.linkDescription,web,page.member.connectionManage.result.success.linkDescription,page.member,member,feedback,imported,,,,,,,,,{{waitingNurseName}} 신청을 {{targetLabel}} 계정에 연결했어요. 이어서 확인할 수 있어요.,Linked {{waitingNurseName}} to {{targetLabel}}. You can continue reviewing requests.,{{waitingNurseName}}の申請を{{targetLabel}}アカウントに連携しました。続けて確認できます。,,2026-06-10
page.member.connectionManage.result.success.linkTitle,web,page.member.connectionManage.result.success.linkTitle,page.member,member,accessibility,imported,,,,,,,,,기존 계정과 연결했어요,Linked to the existing account,既存アカウントと連携しました,,2026-06-10
page.member.connectionManage.target.addTitle,web,page.member.connectionManage.target.addTitle,page.member,member,accessibility,imported,,,,,,,,,{{nurseName}}님이 소속될 팀을 선택해 주세요,Select the team for {{nurseName}},{{nurseName}}さんが所属するチームを選択してください,,2026-06-10
page.member.connectionManage.target.all,web,page.member.connectionManage.target.all,page.member,member,text,imported,,,,,,,,,전체,All,すべて,,2026-06-10
page.member.connectionManage.target.emptySearch,web,page.member.connectionManage.target.emptySearch,page.member,member,text,imported,,,,,,,,,검색어를 바꾸면 간호사를 찾을 수 있어요.,Try changing the search term.,検索語を変更すると看護師を見つけられます。,,2026-06-10
page.member.connectionManage.target.emptyTeam,web,page.member.connectionManage.target.emptyTeam,page.member,member,text,imported,,,,,,,,,팀에 간호사를 추가하면 선택할 수 있어요.,Add a nurse to a team before selecting.,チームに看護師を追加すると選択できます。,,2026-06-10
page.member.connectionManage.target.linkTitle,web,page.member.connectionManage.target.linkTitle,page.member,member,accessibility,imported,,,,,,,,,연결할 기존 간호사를 선택해 주세요,Select an existing nurse to link,連携する既存の看護師を選択してください,,2026-06-10
page.member.connectionManage.target.searchPlaceholder,web,page.member.connectionManage.target.searchPlaceholder,page.member,member,input,imported,,,,,,,,,이름 또는 전화번호로 검색,Search by name or phone,名前または電話番号で検索,,2026-06-10
page.member.connectionManage.waiting.accept,web,page.member.connectionManage.waiting.accept,page.member,member,text,imported,,,,,,,,,수락,Accept,承認,,2026-06-10
page.member.connectionManage.waiting.description,web,page.member.connectionManage.waiting.description,page.member,member,description,imported,,,,,,,,,수락하면 병동 소속 간호사로 등록돼요.,Accepting registers them as a nurse in this ward.,承認すると病棟所属の看護師として登録されます。,,2026-06-10
page.member.connectionManage.waiting.empty,web,page.member.connectionManage.waiting.empty,page.member,member,text,imported,,,,,,,,,연동 요청이 들어오면 여기에 보여요.,Connection requests will appear here.,連携リクエストが入るとここに表示されます。,,2026-06-10
page.member.connectionManage.waiting.reject,web,page.member.connectionManage.waiting.reject,page.member,member,text,imported,,,,,,,,,거절,Reject,拒否,,2026-06-10
page.member.connectionManage.waiting.title,web,page.member.connectionManage.waiting.title,page.member,member,accessibility,imported,,,,,,,,,간호사가 병동 연동을 요청했어요,A nurse requested ward access,看護師が病棟連携をリクエストしました,,2026-06-10
page.member.deleteTeam,web,page.member.deleteTeam,page.member,member,button,imported,,,,,,,,,팀 삭제하기,Delete team,チームを削除,,2026-06-10
page.member.description,web,page.member.description,page.member,member,description,imported,,,,,,,,,팀별 근무자와 숙련도를 한 화면에서 관리할 수 있어요.,"Manage nurses, availability, and skill levels for each team in one place.",チーム別の看護師と習熟度を一つの画面で管理できます。,,2026-06-10
page.member.detail.cancel,web,page.member.detail.cancel,page.member,member,button,imported,,,,,,,,,닫기,Cancel,閉じる,,2026-06-10
page.member.detail.canMakeDuty,web,page.member.detail.canMakeDuty,page.member,member,text,imported,,,,,,,,,작성 가능,Can create,作成可能,,2026-06-10
page.member.detail.cannotMakeDuty,web,page.member.detail.cannotMakeDuty,page.member,member,text,imported,,,,,,,,,작성 제한,Cannot create,作成制限,,2026-06-10
page.member.detail.close,web,page.member.detail.close,page.member,member,button,imported,,,,,,,,,근무자 패널 닫기,Close nurse panel,看護師パネルを閉じる,,2026-06-10
page.member.detail.closeAction,web,page.member.detail.closeAction,page.member,member,button,imported,,,,,,,,,닫기,Close,閉じる,,2026-06-10
page.member.detail.connected,web,page.member.detail.connected,page.member,member,text,imported,,,,,,,,,연동됨,Connected,連携済み,,2026-06-10
page.member.detail.connection,web,page.member.detail.connection,page.member,member,text,imported,,,,,,,,,연동,Connection,連携,,2026-06-10
page.member.detail.connectionStatusAria,web,page.member.detail.connectionStatusAria,page.member,member,accessibility,imported,,,,,,,,,{{nurseName}} 연동 상태,Connection status for {{nurseName}},{{nurseName}}の連携状態,,2026-06-10
page.member.detail.delete,web,page.member.detail.delete,page.member,member,button,imported,,,,,,,,,간호사 삭제,Delete nurse,看護師を削除,,2026-06-10
page.member.detail.deleting,web,page.member.detail.deleting,page.member,member,text,imported,,,,,,,,,삭제 중…,Deleting…,削除中…,,2026-06-10
page.member.detail.disconnected,web,page.member.detail.disconnected,page.member,member,text,imported,,,,,,,,,연동 안 됨,Not connected,未連携,,2026-06-10
page.member.detail.disconnectedTooltip,web,page.member.detail.disconnectedTooltip,page.member,member,text,imported,,,,,,,,,연동이 안 되고 있어요.,This nurse is not connected.,連携されていません。,,2026-06-10
page.member.detail.employmentDate,web,page.member.detail.employmentDate,page.member,member,text,imported,,,,,,,,,입사 년도,Employment date,入職年度,,2026-06-10
page.member.detail.employmentDateHint,web,page.member.detail.employmentDateHint,page.member,member,description,imported,,,,,,,,,숙련도 자동 배정 기준으로 활용돼요,Used as the basis for auto skill assignment,習熟度の自動配分基準として使用されます,,2026-06-10
page.member.detail.emptyDescription,web,page.member.detail.emptyDescription,page.member,member,description,imported,,,,,,,,,왼쪽 목록에서 사람을 선택하면 상세 정보를 편집할 수 있어요.,Choose a person from the list on the left to edit the detailed information.,左の一覧から人を選択すると詳細情報を編集できます。,,2026-06-10
page.member.detail.emptyPinnedDescription,web,page.member.detail.emptyPinnedDescription,page.member,member,description,imported,,,,,,,,,간호사를 선택하면 상세 정보가 여기에 고정되어 보여요.,Select a nurse to keep their details pinned here.,看護師を選択すると詳細情報がここに固定表示されます。,,2026-06-10
page.member.detail.emptyTitle,web,page.member.detail.emptyTitle,page.member,member,accessibility,imported,,,,,,,,,근무자를 선택해 주세요,Select a nurse,看護師を選択してください,,2026-06-10
page.member.detail.genderToggle,web,page.member.detail.genderToggle,page.member,member,text,imported,,,,,,,,,성별 변경,Change gender,性別を変更,,2026-06-10
page.member.detail.isDutyManager,web,page.member.detail.isDutyManager,page.member,member,text,imported,,,,,,,,,근무표 작성,Duty schedule,勤務表作成,,2026-06-10
page.member.detail.isWorker,web,page.member.detail.isWorker,page.member,member,text,imported,,,,,,,,,근무 투입,Include in duty,勤務投入,,2026-06-10
page.member.detail.isWorkerOff,web,page.member.detail.isWorkerOff,page.member,member,text,imported,,,,,,,,,제외,Excluded,対象外,,2026-06-10
page.member.detail.isWorkerOn,web,page.member.detail.isWorkerOn,page.member,member,text,imported,,,,,,,,,근무표 포함,Included,対象,,2026-06-10
page.member.detail.memo,web,page.member.detail.memo,page.member,member,text,imported,,,,,,,,,비고,Note,メモ,,2026-06-10
page.member.detail.memoHint,web,page.member.detail.memoHint,page.member,member,description,imported,,,,,,,,,근무자의 특이사항을 작성해 주세요,Write down anything teammates should know,看護師の特記事項を入力してください,,2026-06-10
page.member.detail.moveTargetTeam,web,page.member.detail.moveTargetTeam,page.member,member,text,imported,,,,,,,,,이동할 팀,Move to team,移動先チーム,,2026-06-10
page.member.detail.moveTeam,web,page.member.detail.moveTeam,page.member,member,text,imported,,,,,,,,,팀 이동,Move team,チーム移動,,2026-06-10
page.member.detail.phone,web,page.member.detail.phone,page.member,member,text,imported,,,,,,,,,전화 번호,Phone number,電話番号,,2026-06-10
page.member.detail.phoneHint,web,page.member.detail.phoneHint,page.member,member,description,imported,,,,,,,,,비상 연락망으로 사용돼요,Used for emergency contact,緊急連絡網として使用されます,,2026-06-10
page.member.detail.preceptee,web,page.member.detail.preceptee,page.member,member,text,imported,,,,,,,,,프리셉티,Preceptee,プリセプティ,,2026-06-10
page.member.detail.preceptor,web,page.member.detail.preceptor,page.member,member,text,imported,,,,,,,,,프리셉터,Preceptor,プリセプター,,2026-06-10
page.member.detail.rolesAndPermissions,web,page.member.detail.rolesAndPermissions,page.member,member,text,imported,,,,,,,,,역할 및 권한,Roles and permissions,役割と権限,,2026-06-10
page.member.detail.save,web,page.member.detail.save,page.member,member,button,imported,,,,,,,,,저장,Save,保存,,2026-06-10
page.member.detail.saveAction,web,page.member.detail.saveAction,page.member,member,button,imported,,,,,,,,,저장하기,Save,保存する,,2026-06-10
page.member.detail.saving,web,page.member.detail.saving,page.member,member,text,imported,,,,,,,,,저장 중…,Saving…,保存中…,,2026-06-10
page.member.detail.shiftTypes,web,page.member.detail.shiftTypes,page.member,member,text,imported,,,,,,,,,가능 근무,Available shifts,可能勤務,,2026-06-10
page.member.detail.shiftTypesHelpAria,web,page.member.detail.shiftTypesHelpAria,page.member,member,accessibility,imported,,,,,,,,,가능 근무 안내,Available shifts guide,可能勤務の案内,,2026-06-10
page.member.detail.shiftTypesHint,web,page.member.detail.shiftTypesHint,page.member,member,description,imported,,,,,,,,,가능한 근무를 모두 선택해 주세요,Select every shift this person can work,可能な勤務をすべて選択してください,,2026-06-10
page.member.detail.worker,web,page.member.detail.worker,page.member,member,text,imported,,,,,,,,,근무투입,Included,勤務投入,,2026-06-10
page.member.drawer.deleteConfirm,web,page.member.drawer.deleteConfirm,page.member,member,button,imported,,,,,,,,,{{nurseName}} 간호사를 삭제할까요? 삭제 후에는 되돌릴 수 없어요.,Delete nurse {{nurseName}}? This cannot be undone.,{{nurseName}}看護師を削除しますか？削除後は元に戻せません。,,2026-06-10
page.member.emptyTeamDescription,web,page.member.emptyTeamDescription,page.member,member,description,imported,,,,,,,,,간호사를 추가해주세요,Please add a nurse.,看護師を追加してください,,2026-06-10
page.member.emptyTeamTitle,web,page.member.emptyTeamTitle,page.member,member,accessibility,imported,,,,,,,,,간호사가 없어요,There are no nurses.,看護師がいません,,2026-06-10
page.member.emptyTeamsDescription,web,page.member.emptyTeamsDescription,page.member,member,description,reviewed,,,,,,,,,팀을 만든 뒤 간호사를 추가할 수 있어요.,Create a team before adding nurses.,チームを作成すると看護師を追加できます。,,2026-06-14
page.member.emptyTeamsTitle,web,page.member.emptyTeamsTitle,page.member,member,accessibility,reviewed,,,,,,,,,먼저 팀을 만들어 주세요,Create a team first,先にチームを作成してください,,2026-06-14
page.member.modal.deleteNurseDescriptionSuffix,web,page.member.modal.deleteNurseDescriptionSuffix,page.member,member,button,imported,,,,,,,,, 삭제 후에는 되돌릴 수 없어요., will be deleted permanently., 削除後は元に戻せません。,,2026-06-10
page.member.modal.deleteNurseTitle,web,page.member.modal.deleteNurseTitle,page.member,member,accessibility,imported,,,,,,,,,간호사를 삭제할까요?,Delete this nurse?,看護師を削除しますか？,,2026-06-10
page.member.modal.deleteTeamDescriptionSuffix,web,page.member.modal.deleteTeamDescriptionSuffix,page.member,member,button,imported,,,,,,,,, 팀을 삭제하면 소속 간호사 {{count}}명도 함께 삭제돼요., team and its {{count}} nurses will be deleted.,チームを削除すると所属看護師{{count}}名も一緒に削除されます。,,2026-06-10
page.member.modal.deleteTeamTitle,web,page.member.modal.deleteTeamTitle,page.member,member,accessibility,imported,,,,,,,,,팀을 삭제할까요?,Delete this team?,チームを削除しますか？,,2026-06-10
page.member.modal.disconnectDescriptionSuffix,web,page.member.modal.disconnectDescriptionSuffix,page.member,member,description,imported,,,,,,,,, 의 앱 연동을 끊어요., will be disconnected from the app., のアプリ連携を解除します。,,2026-06-10
page.member.modal.disconnectTitle,web,page.member.modal.disconnectTitle,page.member,member,accessibility,imported,,,,,,,,,연동을 끊을까요?,Disconnect this account?,連携を解除しますか？,,2026-06-10
page.member.modal.unsavedExitDescription,web,page.member.modal.unsavedExitDescription,page.member,member,button,imported,,,,,,,,,변경사항이 저장되지 않을 수 있어요.,Your changes may not be saved.,変更内容が保存されない可能性があります。,,2026-06-10
page.member.modal.unsavedExitTitle,web,page.member.modal.unsavedExitTitle,page.member,member,accessibility,imported,,,,,,,,,저장하지 않고 나갈까요?,Leave without saving?,保存せずに移動しますか？,,2026-06-10
page.member.nurseDrawerFeedback.create.description,web,page.member.nurseDrawerFeedback.create.description,page.member,member,description,imported,,,,,,,,,이름과 연락처를 입력한 뒤 저장해 주세요.,"Enter a name and contact information, then save.",名前と連絡先を入力して保存してください。,,2026-06-10
page.member.nurseDrawerFeedback.create.title,web,page.member.nurseDrawerFeedback.create.title,page.member,member,accessibility,imported,,,,,,,,,새 간호사를 추가했어요,New nurse added,新しい看護師を追加しました,,2026-06-10
page.member.nurseDrawerFeedback.dirty.description,web,page.member.nurseDrawerFeedback.dirty.description,page.member,member,description,imported,,,,,,,,,저장하지 않고 닫으면 수정한 내용이 사라져요.,Closing without saving will discard the edits.,保存せずに閉じると修正内容が失われます。,,2026-06-10
page.member.nurseDrawerFeedback.dirty.title,web,page.member.nurseDrawerFeedback.dirty.title,page.member,member,accessibility,imported,,,,,,,,,변경 사항이 있어요,You have changes,変更があります,,2026-06-10
page.member.nurseDrawerFeedback.error.description,web,page.member.nurseDrawerFeedback.error.description,page.member,member,feedback,imported,,,,,,,,,입력한 내용은 그대로 남아 있어요. 내용을 확인한 뒤 다시 저장해 주세요.,Your input is still here. Check the details and try saving again.,入力内容は残っています。内容を確認してもう一度保存してください。,,2026-06-10
page.member.nurseDrawerFeedback.error.title,web,page.member.nurseDrawerFeedback.error.title,page.member,member,accessibility,imported,,,,,,,,,저장하지 못했어요,Could not save,保存できませんでした,,2026-06-10
page.member.nurseDrawerFeedback.idle.description,web,page.member.nurseDrawerFeedback.idle.description,page.member,member,description,imported,,,,,,,,,변경된 내용이 생기면 저장 버튼이 활성화돼요.,The save button will activate when something changes.,変更が発生すると保存ボタンが有効になります。,,2026-06-10
page.member.nurseDrawerFeedback.idle.title,web,page.member.nurseDrawerFeedback.idle.title,page.member,member,accessibility,imported,,,,,,,,,수정할 항목을 확인해 주세요,Review editable fields,編集する項目を確認してください,,2026-06-10
page.member.nurseDrawerFeedback.saving.description,web,page.member.nurseDrawerFeedback.saving.description,page.member,member,description,imported,,,,,,,,,입력한 내용을 반영하고 있어요. 저장이 끝날 때까지 잠시만 기다려 주세요.,Applying the entered details. Please wait until saving finishes.,入力内容を反映しています。保存が終わるまでしばらくお待ちください。,,2026-06-10
page.member.nurseDrawerFeedback.saving.title,web,page.member.nurseDrawerFeedback.saving.title,page.member,member,accessibility,imported,,,,,,,,,저장 중이에요,Saving,保存中です,,2026-06-10
page.member.nurseDrawerFeedback.success.description,web,page.member.nurseDrawerFeedback.success.description,page.member,member,feedback,imported,,,,,,,,,간호사 정보를 반영했어요. 더 수정할 내용이 없다면 닫아도 괜찮아요.,Nurse information has been applied. You can close this if no more edits are needed.,看護師情報を反映しました。追加で編集する内容がなければ閉じても問題ありません。,,2026-06-10
page.member.nurseDrawerFeedback.success.title,web,page.member.nurseDrawerFeedback.success.title,page.member,member,accessibility,imported,,,,,,,,,저장을 마쳤어요,Saved,保存しました,,2026-06-10
page.member.roleHelp.aria,web,page.member.roleHelp.aria,page.member,member,accessibility,imported,,,,,,,,,{{label}} 설명,{{label}} description,{{label}}の説明,,2026-06-10
page.member.roleHelp.preceptee.description,web,page.member.roleHelp.preceptee.description,page.member,member,description,imported,,,,,,,,,프리셉터에게 교육과 적응 지원을 받는 신규 또는 저연차 간호사예요.,A new or junior nurse who receives adaptation and training support from a preceptor.,プリセプターから教育と適応支援を受ける新人または経験の浅い看護師です。,,2026-06-10
page.member.roleHelp.preceptee.label,web,page.member.roleHelp.preceptee.label,page.member,member,accessibility,imported,,,,,,,,,프리셉티,Preceptee,プリセプティ,,2026-06-10
page.member.roleHelp.preceptor.description,web,page.member.roleHelp.preceptor.description,page.member,member,description,imported,,,,,,,,,신규 또는 저연차 간호사의 적응과 교육을 도와주는 담당 간호사예요.,A nurse who helps new or junior nurses adapt and learn.,新人または経験の浅い看護師の適応と教育を支援する担当看護師です。,,2026-06-10
page.member.roleHelp.preceptor.label,web,page.member.roleHelp.preceptor.label,page.member,member,accessibility,imported,,,,,,,,,프리셉터,Preceptor,プリセプター,,2026-06-10
page.member.row.connectionStatusAria,web,page.member.row.connectionStatusAria,page.member,member,accessibility,imported,,,,,,,,,{{nurseName}} 연동 상태 안내,Connection status for {{nurseName}},{{nurseName}}の連携状態案内,,2026-06-10
page.member.row.dragAria,web,page.member.row.dragAria,page.member,member,accessibility,imported,,,,,,,,,드래그해서 순서 변경,Drag to change order,ドラッグして順序を変更,,2026-06-10
page.member.row.precepteeAria,web,page.member.row.precepteeAria,page.member,member,accessibility,imported,,,,,,,,,{{nurseName}} 프리셉티,{{nurseName}} preceptee,{{nurseName}} プリセプティ,,2026-06-10
page.member.row.preceptorAria,web,page.member.row.preceptorAria,page.member,member,accessibility,imported,,,,,,,,,{{nurseName}} 프리셉터,{{nurseName}} preceptor,{{nurseName}} プリセプター,,2026-06-10
page.member.row.unselectedSkill,web,page.member.row.unselectedSkill,page.member,member,text,imported,,,,,,,,,선택안함,Unselected,未選択,,2026-06-10
page.member.row.workerAria,web,page.member.row.workerAria,page.member,member,accessibility,imported,,,,,,,,,{{nurseName}} 근무투입,{{nurseName}} included in duty,{{nurseName}} 勤務投入,,2026-06-10
page.member.shiftTeamList.addTeam,web,page.member.shiftTeamList.addTeam,page.member,member,text,imported,,,,,,,,,팀 추가하기,Add team,チームを追加,,2026-06-10
page.member.shiftTeamList.card.addDividerAria,web,page.member.shiftTeamList.card.addDividerAria,page.member,member,accessibility,imported,,,,,,,,,{{nurseName}} 아래에 구분선 추가,Add divider below {{nurseName}},{{nurseName}}の下に区切り線を追加,,2026-06-10
page.member.shiftTeamList.card.addNurse,web,page.member.shiftTeamList.card.addNurse,page.member,member,text,imported,,,,,,,,,간호사 만들기,Create nurse,看護師を作成,,2026-06-10
page.member.shiftTeamList.card.addNurseTooltip,web,page.member.shiftTeamList.card.addNurseTooltip,page.member,member,text,imported,,,,,,,,,초대하지 않아도 가상의 간호사를 만들어 관리할 수 있어요. 언제든 초대해서 연동할 수 있어요.,You can manage a virtual nurse without sending an invite first. You can invite and connect them at any time.,招待しなくても仮想の看護師を作成して管理できます。いつでも招待して連携できます。,,2026-06-10
page.member.shiftTeamList.card.deleteTeam,web,page.member.shiftTeamList.card.deleteTeam,page.member,member,button,imported,,,,,,,,,팀 삭제하기,Delete team,チームを削除,,2026-06-10
page.member.shiftTeamList.card.divider,web,page.member.shiftTeamList.card.divider,page.member,member,text,imported,,,,,,,,,구분선,Divider,区切り線,,2026-06-10
page.member.shiftTeamList.card.editTeamNameAria,web,page.member.shiftTeamList.card.editTeamNameAria,page.member,member,accessibility,imported,,,,,,,,,{{teamName}} 팀 이름 수정,Edit team name for {{teamName}},{{teamName}}チーム名を編集,,2026-06-10
page.member.shiftTeamList.card.empty,web,page.member.shiftTeamList.card.empty,page.member,member,text,imported,,,,,,,,,간호사를 추가하면 여기에 보여요.,There are no nurses yet!,看護師を追加するとここに表示されます。,,2026-06-10
page.member.shiftTeamList.card.openMenuAria,web,page.member.shiftTeamList.card.openMenuAria,page.member,member,accessibility,imported,,,,,,,,,{{teamName}} 팀 메뉴 열기,Open menu for {{teamName}},{{teamName}}チームメニューを開く,,2026-06-10
page.member.shiftTeamList.card.removeDividerAria,web,page.member.shiftTeamList.card.removeDividerAria,page.member,member,accessibility,imported,,,,,,,,,{{nurseName}} 아래 구분선 제거,Remove divider below {{nurseName}},{{nurseName}}の下の区切り線を削除,,2026-06-10
page.member.shiftTeamList.card.selectNurseAria,web,page.member.shiftTeamList.card.selectNurseAria,page.member,member,accessibility,imported,,,,,,,,,{{nurseName}} 간호사 선택,Select nurse {{nurseName}},{{nurseName}}看護師を選択,,2026-06-10
page.member.shiftTeamList.card.viewShift,web,page.member.shiftTeamList.card.viewShift,page.member,member,text,imported,,,,,,,,,근무표 보러가기,View duty schedule,勤務表を見る,,2026-06-10
page.member.shiftTeamList.card.virtualNurseTooltip,web,page.member.shiftTeamList.card.virtualNurseTooltip,page.member,member,text,imported,,,,,,,,,아직 앱과 연동하지 않은 가상의 간호사예요.,This is a virtual nurse that is not connected.,まだアプリと連携していない仮想の看護師です。,,2026-06-10
page.member.shiftTeamList.subtitle,web,page.member.shiftTeamList.subtitle,page.member,member,accessibility,imported,,,,,,,,,팀마다 근무표를 1개씩 만들 수 있어요.,You can create one duty schedule per team.,チームごとに勤務表を1つ作成できます。,,2026-06-10
page.member.shiftTeamList.title,web,page.member.shiftTeamList.title,page.member,member,accessibility,imported,,,,,,,,,팀,Team,チーム,,2026-06-10
page.member.skillLevelModal.autoAssign,web,page.member.skillLevelModal.autoAssign,page.member,member,text,imported,,,,,,,,,자동 배정,Auto assign,自動配分,,2026-06-10
page.member.skillLevelModal.autoAssignTooltip,web,page.member.skillLevelModal.autoAssignTooltip,page.member,member,text,imported,,,,,,,,,등록된 간호사 목록을 단계별로 등분해서 자동으로 1차 배정해요,We will evenly distribute registered nurses by level for the initial setup.,登録された看護師を段階別に分配して初期配分します,,2026-06-10
page.member.skillLevelModal.autoAssignTooltipAria,web,page.member.skillLevelModal.autoAssignTooltipAria,page.member,member,accessibility,imported,,,,,,,,,자동 배정 설명 보기,Show auto assign description,自動配分の説明を見る,,2026-06-10
page.member.skillLevelModal.categoryLabel,web,page.member.skillLevelModal.categoryLabel,page.member,member,accessibility,imported,,,,,,,,,구분,Category,区分,,2026-06-10
page.member.skillLevelModal.close,web,page.member.skillLevelModal.close,page.member,member,button,imported,,,,,,,,,숙련도 설정 닫기,Close skill settings,習熟度設定を閉じる,,2026-06-10
page.member.skillLevelModal.colorLabel,web,page.member.skillLevelModal.colorLabel,page.member,member,accessibility,imported,,,,,,,,,색상,Color,色,,2026-06-10
page.member.skillLevelModal.complete,web,page.member.skillLevelModal.complete,page.member,member,text,imported,,,,,,,,,완료,Complete,完了,,2026-06-10
page.member.skillLevelModal.description,web,page.member.skillLevelModal.description,page.member,member,description,imported,,,,,,,,,"숙련도 기준, 단계, 용어, 색상은 자유롭게 맞춤 설정할 수 있어요",You can define the criteria freely.,習熟度の基準、段階、名称、色は自由に設定できます,,2026-06-10
page.member.skillLevelModal.disableAction,web,page.member.skillLevelModal.disableAction,page.member,member,button,imported,,,,,,,,,숙련도 사용하지 않기,Turn off skill levels,習熟度を使用しない,,2026-06-10
page.member.skillLevelModal.disableConfirmAction,web,page.member.skillLevelModal.disableConfirmAction,page.member,member,button,imported,,,,,,,,,사용하지 않기,Turn off,使用しない,,2026-06-10
page.member.skillLevelModal.disableConfirmDescription,web,page.member.skillLevelModal.disableConfirmDescription,page.member,member,description,imported,,,,,,,,,"끄면 숙련도 표시, 선택, 정렬을 잠시 멈춰요.","Skill display, selection, and sorting will pause while this is off.",オフにすると習熟度の表示、選択、並び替えを一時停止します。,,2026-06-10
page.member.skillLevelModal.disableConfirmTitle,web,page.member.skillLevelModal.disableConfirmTitle,page.member,member,accessibility,imported,,,,,,,,,숙련도 기능을 끌까요?,Turn off skill levels?,習熟度機能をオフにしますか？,,2026-06-10
page.member.skillLevelModal.high,web,page.member.skillLevelModal.high,page.member,member,text,imported,,,,,,,,,높음,High,高い,,2026-06-10
page.member.skillLevelModal.levelCountOption,web,page.member.skillLevelModal.levelCountOption,page.member,member,text,imported,,,,,,,,,{{levelCount}}단계,{{levelCount}} levels,{{levelCount}}段階,,2026-06-10
page.member.skillLevelModal.levelDisplay,web,page.member.skillLevelModal.levelDisplay,page.member,member,text,imported,,,,,,,,,LV. {{level}},LV. {{level}},LV. {{level}},,2026-06-10
page.member.skillLevelModal.levelLabel,web,page.member.skillLevelModal.levelLabel,page.member,member,accessibility,imported,,,,,,,,,숙련도,Skill,習熟度,,2026-06-10
page.member.skillLevelModal.low,web,page.member.skillLevelModal.low,page.member,member,text,imported,,,,,,,,,낮음,Low,低い,,2026-06-10
page.member.skillLevelModal.temporarySave,web,page.member.skillLevelModal.temporarySave,page.member,member,button,imported,,,,,,,,,임시 저장,Save for now,一時保存,,2026-06-10
page.member.skillLevelModal.title,web,page.member.skillLevelModal.title,page.member,member,accessibility,imported,,,,,,,,,숙련도 단계 설정,Set skill levels,習熟度段階設定,,2026-06-10
page.member.skillSettings,web,page.member.skillSettings,page.member,member,text,imported,,,,,,,,,간호사 숙련도 설정하기,Set nurse skill levels,看護師の習熟度を設定,,2026-06-10
page.member.sort.manual,web,page.member.sort.manual,page.member,member,text,imported,,,,,,,,,임의순,Custom order,任意順,,2026-06-10
page.member.sort.name,web,page.member.sort.name,page.member,member,text,imported,,,,,,,,,가나다순,Name order,名前順,,2026-06-10
page.member.sort.skill,web,page.member.sort.skill,page.member,member,text,imported,,,,,,,,,숙련도 순,Skill order,習熟度順,,2026-06-10
page.member.sortByPriorityOrder,web,page.member.sortByPriorityOrder,page.member,member,text,imported,,,,,,,,,저장된 순서,Saved order,保存順,,2026-06-10
page.member.sortBySkill,web,page.member.sortBySkill,page.member,member,text,imported,,,,,,,,,숙련도 순,Sort by skill,習熟度順,,2026-06-10
page.member.sortListMenuAria,web,page.member.sortListMenuAria,page.member,member,accessibility,imported,,,,,,,,,목록 정렬 기준 열기,Open list sort options,並び替え基準を開く,,2026-06-10
page.member.summary.connected,web,page.member.summary.connected,page.member,member,text,imported,,,,,,,,,연동됨,Connected,連携済み,,2026-06-10
page.member.summary.connectionManage,web,page.member.summary.connectionManage,page.member,member,text,imported,,,,,,,,,연동관리,Connections,連携管理,,2026-06-10
page.member.summary.copyWardCodeAria,web,page.member.summary.copyWardCodeAria,page.member,member,accessibility,imported,,,,,,,,,병동 코드 복사,Copy ward code,病棟コードをコピー,,2026-06-10
page.member.summary.totalNurses,web,page.member.summary.totalNurses,page.member,member,text,imported,,,,,,,,,전체 인원,Total,総人数,,2026-06-10
page.member.summary.unconnected,web,page.member.summary.unconnected,page.member,member,text,imported,,,,,,,,,미연동,Not connected,未連携,,2026-06-10
page.member.summary.wardCode,web,page.member.summary.wardCode,page.member,member,text,imported,,,,,,,,,병동 코드,Ward code,病棟コード,,2026-06-10
page.member.summary.wardCodeGuideAria,web,page.member.summary.wardCodeGuideAria,page.member,member,accessibility,imported,,,,,,,,,병동코드 {{wardCode}} 안내 보기,Show guide for ward code {{wardCode}},病棟コード{{wardCode}}の案内を表示,,2026-06-10
page.member.table.connection,web,page.member.table.connection,page.member,member,text,imported,,,,,,,,,연동,Connected,連携,,2026-06-10
page.member.table.isDutyManager,web,page.member.table.isDutyManager,page.member,member,text,imported,,,,,,,,,근무표 작성,Can create duty,勤務表作成,,2026-06-10
page.member.table.isWorker,web,page.member.table.isWorker,page.member,member,text,imported,,,,,,,,,근무 투입,Included,勤務投入,,2026-06-10
page.member.table.level,web,page.member.table.level,page.member,member,text,imported,,,,,,,,,숙련도,Skill,習熟度,,2026-06-10
page.member.table.memo,web,page.member.table.memo,page.member,member,text,imported,,,,,,,,,비고,Note,備考,,2026-06-10
page.member.table.name,web,page.member.table.name,page.member,member,text,imported,,,,,,,,,이름,Name,名前,,2026-06-10
page.member.table.shiftTypes,web,page.member.table.shiftTypes,page.member,member,text,imported,,,,,,,,,가능 근무,Available shifts,可能勤務,,2026-06-10
page.member.teamMenu,web,page.member.teamMenu,page.member,member,text,imported,,,,,,,,,팀 메뉴 열기,Open team menu,チームメニューを開く,,2026-06-10
page.member.title,web,page.member.title,page.member,member,accessibility,imported,,,,,,,,,근무자 관리,Member Management,看護師管理,,2026-06-10
page.member.toast.copyWardCode,web,page.member.toast.copyWardCode,page.member,member,feedback,imported,,,,,,,,,병동 코드를 복사했어요.,Copied the ward code.,病棟コードをコピーしました。,,2026-06-10
page.member.toast.createTeam,web,page.member.toast.createTeam,page.member,member,feedback,imported,,,,,,,,,간호사 {{teamNumber}}팀을 추가했어요.,Added Nurse Team {{teamNumber}}.,看護師{{teamNumber}}チームを追加しました。,,2026-06-10
page.member.toast.deleteTeam,web,page.member.toast.deleteTeam,page.member,member,feedback,imported,,,,,,,,,{{teamName}} 팀을 삭제했어요.,Deleted team {{teamName}}.,{{teamName}}チームを削除しました。,,2026-06-10
page.member.toast.maxNursesPerTeam,web,page.member.toast.maxNursesPerTeam,page.member,member,feedback,imported,,,,,,,,,한 팀에는 간호사를 최대 {{count}}명까지 추가할 수 있어요.,You can add up to {{count}} nurses to one team.,1チームに追加できる看護師は最大{{count}}名です。,,2026-06-10
page.member.toast.maxTeams,web,page.member.toast.maxTeams,page.member,member,feedback,imported,,,,,,,,,팀은 최대 {{count}}개까지 추가할 수 있어요.,You can add up to {{count}} teams.,チームは最大{{count}}個まで追加できます。,,2026-06-10
page.member.toast.moveNurse,web,page.member.toast.moveNurse,page.member,member,feedback,imported,,,,,,,,,{{nurseName}}를 {{teamName}} 팀으로 이동했어요.,Moved {{nurseName}} to team {{teamName}}.,{{nurseName}}を{{teamName}}チームへ移動しました。,,2026-06-10
page.member.toast.saveNurseInfo,web,page.member.toast.saveNurseInfo,page.member,member,feedback,imported,,,,,,,,,근무자 정보를 저장했어요.,Saved member information.,看護師情報を保存しました。,,2026-06-10
page.member.tutorial.add.info,web,page.member.tutorial.add.info,page.member,member,description,imported,,,,,,,,,"팀을 선택하고 간호사 추가하기를 누르면 새 간호사가 만들어져요.
추가한 뒤 이름과 근무 정보를 바로 입력할 수 있어요.","Select a team and add a nurse to create a new profile.
You can enter their name and duty information right away.","チームを選択して看護師追加を押すと新しい看護師が作成されます。
追加後すぐに名前と勤務情報を入力できます。",,2026-06-10
page.member.tutorial.add.title,web,page.member.tutorial.add.title,page.member,member,accessibility,imported,,,,,,,,,간호사 추가하기,Add nurses,看護師を追加する,,2026-06-10
page.member.tutorial.edit.info,web,page.member.tutorial.edit.info,page.member,member,description,imported,,,,,,,,,"오른쪽 패널에서 이름, 숙련도, 가능한 근무, 역할·권한, 메모를 바로 수정할 수 있어요.","Use the right panel to edit name, skill, available shifts, roles, permissions, and notes.",右側パネルで名前、習熟度、設定可能な勤務、役割・権限、メモをすぐ編集できます。,,2026-06-10
page.member.tutorial.edit.title,web,page.member.tutorial.edit.title,page.member,member,accessibility,imported,,,,,,,,,간호사 정보 수정하기,Edit nurse details,看護師情報を編集する,,2026-06-10
page.member.tutorial.skill.info,web,page.member.tutorial.skill.info,page.member,member,description,imported,,,,,,,,,숙련도 기능을 쓰려면 병원·병동 기준에 맞춰 단계와 색상을 설정해 주세요.,Configure levels and colors to match your hospital and ward standards.,習熟度機能を使うには、病院・病棟の基準に合わせて段階と色を設定してください。,,2026-06-10
page.member.tutorial.skill.title,web,page.member.tutorial.skill.title,page.member,member,accessibility,imported,,,,,,,,,숙련도 설정하기,Set skill levels,習熟度を設定する,,2026-06-10
page.member.tutorial.team.info,web,page.member.tutorial.team.info,page.member,member,description,imported,,,,,,,,,"근무팀별 간호사 목록을 한눈에 볼 수 있어요.
팀명을 두 번 클릭하면 팀 이름도 바꿀 수 있어요.","See nurses in each duty team at a glance.
Double-click a team name to rename it.","勤務チーム別の看護師一覧を一目で確認できます。
チーム名をダブルクリックすると名前も変更できます。",,2026-06-10
page.member.tutorial.team.title,web,page.member.tutorial.team.title,page.member,member,accessibility,imported,,,,,,,,,팀별 간호사 보기,View nurses by team,チーム別に看護師を見る,,2026-06-10
page.member.wardInfo.connectionStatus,web,page.member.wardInfo.connectionStatus,page.member,member,description,imported,,,,,,,,,연동 상태,Connection status,連携状態,,2026-06-10
page.member.wardInfo.copyError,web,page.member.wardInfo.copyError,page.member,member,feedback,imported,,,,,,,,,복사하지 못했어요.,Could not copy.,コピーできませんでした。,,2026-06-10
page.member.wardInfo.copying,web,page.member.wardInfo.copying,page.member,member,description,imported,,,,,,,,,복사하고 있어요...,Copying...,コピーしています...,,2026-06-10
page.member.wardInfo.copySuccess,web,page.member.wardInfo.copySuccess,page.member,member,feedback,imported,,,,,,,,,복사 완료!,Copied!,コピーしました！,,2026-06-10
page.member.wardInfo.hospital,web,page.member.wardInfo.hospital,page.member,member,description,imported,,,,,,,,,병원,Hospital,病院,,2026-06-10
page.member.wardInfo.hospitalInfo,web,page.member.wardInfo.hospitalInfo,page.member,member,description,imported,,,,,,,,,병원 정보,Hospital info,病院情報,,2026-06-10
page.member.wardInfo.personUnit,web,page.member.wardInfo.personUnit,page.member,member,description,imported,,,,,,,,,명,people,名,,2026-06-10
page.member.wardInfo.ward,web,page.member.wardInfo.ward,page.member,member,description,imported,,,,,,,,,병동,Ward,病棟,,2026-06-10
page.navigationBar.ariaLabel,web,page.navigationBar.ariaLabel,page.navigationBar,navigationBar,accessibility,imported,,,,,,,,,주요 메뉴,Primary navigation,メインメニュー,,2026-06-10
page.navigationBar.expandAria,web,page.navigationBar.expandAria,page.navigationBar,navigationBar,accessibility,imported,,,,,,,,,사이드바 펼치기,Expand sidebar,サイドバーを開く,,2026-06-10
page.navigationBar.foldAria,web,page.navigationBar.foldAria,page.navigationBar,navigationBar,accessibility,imported,,,,,,,,,사이드바 접기,Collapse sidebar,サイドバーを閉じる,,2026-06-10
page.navigationBar.home,web,page.navigationBar.home,page.navigationBar,navigationBar,text,imported,,,,,,,,,홈,Home,ホーム,,2026-06-18
page.navigationBar.items.account,web,page.navigationBar.items.account,page.navigationBar,navigationBar,text,imported,,,,,,,,,마이페이지,Account,マイページ,,2026-06-10
page.navigationBar.items.board,web,page.navigationBar.items.board,page.navigationBar,navigationBar,text,imported,,,,,,,,,게시판,Board,掲示板,,2026-06-10
page.navigationBar.items.dutying,web,page.navigationBar.items.dutying,page.navigationBar,navigationBar,text,imported,,,,,,,,,듀팅,Dutying,Dutying,,2026-06-19
page.navigationBar.items.make,web,page.navigationBar.items.make,page.navigationBar,navigationBar,text,imported,,,,,,,,,근무표 만들기,Create schedule,勤務表作成,,2026-06-18
page.navigationBar.items.member,web,page.navigationBar.items.member,page.navigationBar,navigationBar,text,imported,,,,,,,,,근무자 관리,Members,看護師管理,,2026-06-10
page.navigationBar.items.request,web,page.navigationBar.items.request,page.navigationBar,navigationBar,text,imported,,,,,,,,,신청 근무,Shift requests,勤務希望,,2026-06-10
page.navigationBar.items.wardAdmins,web,page.navigationBar.items.wardAdmins,page.navigationBar,navigationBar,text,imported,,,,,,,,,병동 관리자,Ward admins,病棟管理者,,2026-06-10
page.navigationBar.items.wardInfoSettings,web,page.navigationBar.items.wardInfoSettings,page.navigationBar,navigationBar,description,imported,,,,,,,,,병동 설정,Ward settings,病棟設定,,2026-06-10
page.navigationBar.items.wardSettings,web,page.navigationBar.items.wardSettings,page.navigationBar,navigationBar,text,imported,,,,,,,,,근무 설정,Duty settings,勤務設定,,2026-06-10
page.navigationBar.landingAria,web,page.navigationBar.landingAria,page.navigationBar,navigationBar,accessibility,imported,,,,,,,,,랜딩 페이지로 이동,Go to landing page,ランディングページへ移動,,2026-06-10
page.navigationBar.sections.operations,web,page.navigationBar.sections.operations,page.navigationBar,navigationBar,text,imported,,,,,,,,,병동,Operations,勤務管理,,2026-06-10
page.navigationBar.sections.schedule,web,page.navigationBar.sections.schedule,page.navigationBar,navigationBar,text,imported,,,,,,,,,근무표,Schedule,勤務表,,2026-06-10
page.navigationBar.sections.settings,web,page.navigationBar.sections.settings,page.navigationBar,navigationBar,text,imported,,,,,,,,,설정,Settings,病棟設定,,2026-06-10
page.navigationBar.wardCodeGuideAria,web,page.navigationBar.wardCodeGuideAria,page.navigationBar,navigationBar,accessibility,imported,,,,,,,,,병동코드 {{wardCode}} 안내 보기,Open ward code {{wardCode}} guide,病棟コード{{wardCode}}の案内を開く,,2026-06-10
page.onboardingJoinWard.backToWardSelect,web,page.onboardingJoinWard.backToWardSelect,page.onboardingJoinWard,onboardingJoinWard,text,imported,,,,,,,,,병동 선택으로,Back to ward selection,病棟選択へ,,2026-06-10
page.onboardingJoinWard.checkingPermission,web,page.onboardingJoinWard.checkingPermission,page.onboardingJoinWard,onboardingJoinWard,text,imported,,,,,,,,,입장 권한을 확인하는 중이에요.,Checking access permission.,参加権限を確認しています。,,2026-06-10
page.onboardingJoinWard.codeDigitAria,web,page.onboardingJoinWard.codeDigitAria,page.onboardingJoinWard,onboardingJoinWard,accessibility,imported,,,,,,,,,병동 코드 {{index}}번째 자리,Ward code character {{index}},病棟コード{{index}}文字目,,2026-06-10
page.onboardingJoinWard.codeInputAria,web,page.onboardingJoinWard.codeInputAria,page.onboardingJoinWard,onboardingJoinWard,accessibility,imported,,,,,,,,,병동 코드 입력,Ward code input,病棟コード入力,,2026-06-10
page.onboardingJoinWard.description,web,page.onboardingJoinWard.description,page.onboardingJoinWard,onboardingJoinWard,description,imported,,,,,,,,,병동 오너가 공유한 6자리 코드를 입력하면 권한 확인 후 바로 입장해요.,Enter the 6-character code shared by the ward owner to verify access and join.,病棟のオーナーが共有した6桁のコードを入力すると、権限確認後すぐに参加できます。,,2026-06-19
page.onboardingJoinWard.invalidCode,web,page.onboardingJoinWard.invalidCode,page.onboardingJoinWard,onboardingJoinWard,text,imported,,,,,,,,,존재하지 않는 병동 코드예요. 코드를 다시 확인해 주세요.,This ward code does not exist. Check the code and try again.,存在しない病棟コードです。コードを確認してください。,,2026-06-10
page.onboardingJoinWard.permission.close,web,page.onboardingJoinWard.permission.close,page.onboardingJoinWard,onboardingJoinWard,button,imported,,,,,,,,,닫기,Close,閉じる,,2026-06-10
page.onboardingJoinWard.permission.confirm,web,page.onboardingJoinWard.permission.confirm,page.onboardingJoinWard,onboardingJoinWard,text,imported,,,,,,,,,확인,OK,確認,,2026-06-10
page.onboardingJoinWard.permission.description,web,page.onboardingJoinWard.permission.description,page.onboardingJoinWard,onboardingJoinWard,description,imported,,,,,,,,,병동 코드는 확인됐지만 현재 계정에는 관리자 권한이 없어요. 최고 관리자(오너)가 현재 계정의 이메일을 관리자로 등록해 둬야 입장할 수 있어요.,"The ward code was found, but this account does not have admin permission. The owner must register this account email as an admin before you can enter.",病棟コードは確認できましたが、現在のアカウントには管理者権限がありません。オーナーが現在のアカウントのメールアドレスを管理者として登録しておく必要があります。,,2026-06-19
page.onboardingJoinWard.permission.descriptionWithWard,web,page.onboardingJoinWard.permission.descriptionWithWard,page.onboardingJoinWard,onboardingJoinWard,description,imported,,,,,,,,,병동 코드는 확인됐지만 현재 계정에는 관리자 권한이 없어요. {{hospitalName}} {{wardName}} 최고 관리자(오너)가 현재 계정의 이메일을 관리자로 등록해 둬야 입장할 수 있어요.,"The ward code was found, but this account does not have admin permission. The owner of {{hospitalName}} {{wardName}} must register this account email as an admin before you can enter.",病棟コードは確認できましたが、現在のアカウントには管理者権限がありません。{{hospitalName}} {{wardName}}のオーナーが現在のアカウントのメールアドレスを管理者として登録しておく必要があります。,,2026-06-19
page.onboardingJoinWard.permission.eyebrow,web,page.onboardingJoinWard.permission.eyebrow,page.onboardingJoinWard,onboardingJoinWard,text,imported,,,,,,,,,관리자 권한 필요,Admin permission required,管理者権限が必要です,,2026-06-10
page.onboardingJoinWard.permission.title,web,page.onboardingJoinWard.permission.title,page.onboardingJoinWard,onboardingJoinWard,accessibility,imported,,,,,,,,,병동 관리자에게 요청해 주세요,Ask a ward admin for access,病棟管理者に依頼してください,,2026-06-10
page.onboardingJoinWard.permission.titleWithWard,web,page.onboardingJoinWard.permission.titleWithWard,page.onboardingJoinWard,onboardingJoinWard,accessibility,imported,,,,,,,,,{{hospitalName}} {{wardName}} 관리자에게 요청해 주세요,Ask an admin of {{hospitalName}} {{wardName}} for access,{{hospitalName}} {{wardName}}の管理者に依頼してください,,2026-06-10
page.onboardingJoinWard.state.accountErrorDescription,web,page.onboardingJoinWard.state.accountErrorDescription,page.onboardingJoinWard,onboardingJoinWard,feedback,imported,,,,,,,,,잠시 후 다시 시도해 주세요. 문제가 계속되면 다시 로그인해 주세요.,"Please try again shortly. If the problem continues, sign in again.",しばらくしてから再度お試しください。問題が続く場合は再ログインしてください。,,2026-06-10
page.onboardingJoinWard.state.accountErrorTitle,web,page.onboardingJoinWard.state.accountErrorTitle,page.onboardingJoinWard,onboardingJoinWard,accessibility,imported,,,,,,,,,계정 정보를 불러오지 못했어요,Could not load account information,アカウント情報を読み込めませんでした,,2026-06-10
page.onboardingJoinWard.state.retry,web,page.onboardingJoinWard.state.retry,page.onboardingJoinWard,onboardingJoinWard,button,imported,,,,,,,,,다시 시도,Retry,再試行,,2026-06-10
page.onboardingJoinWard.title,web,page.onboardingJoinWard.title,page.onboardingJoinWard,onboardingJoinWard,accessibility,imported,,,,,,,,,병동 코드를 입력해요,Enter the ward code,病棟コードを入力してください,,2026-06-10
page.onboardingJoinWard.toast.joinFailed,web,page.onboardingJoinWard.toast.joinFailed,page.onboardingJoinWard,onboardingJoinWard,feedback,imported,,,,,,,,,병동에 들어가지 못했어요. 코드를 다시 확인해 주세요.,Could not join the ward. Check the code and try again.,病棟に参加できませんでした。コードを確認してください。,,2026-06-10
page.onboardingWardCreate.action.complete,web,page.onboardingWardCreate.action.complete,page.onboardingWardCreate,onboardingWardCreate,button,imported,,,,,,,,,완료,Complete,完了,,2026-06-10
page.onboardingWardCreate.action.created,web,page.onboardingWardCreate.action.created,page.onboardingWardCreate,onboardingWardCreate,button,imported,,,,,,,,,생성 완료,Created,作成完了,,2026-06-10
page.onboardingWardCreate.action.creating,web,page.onboardingWardCreate.action.creating,page.onboardingWardCreate,onboardingWardCreate,button,imported,,,,,,,,,생성 중...,Creating...,作成中...,,2026-06-10
page.onboardingWardCreate.action.next,web,page.onboardingWardCreate.action.next,page.onboardingWardCreate,onboardingWardCreate,button,imported,,,,,,,,,다음,Next,次へ,,2026-06-10
page.onboardingWardCreate.action.previous,web,page.onboardingWardCreate.action.previous,page.onboardingWardCreate,onboardingWardCreate,button,imported,,,,,,,,,이전,Previous,戻る,,2026-06-10
page.onboardingWardCreate.action.saving,web,page.onboardingWardCreate.action.saving,page.onboardingWardCreate,onboardingWardCreate,button,imported,,,,,,,,,저장 중...,Saving...,保存中…,,2026-06-10
page.onboardingWardCreate.action.skip,web,page.onboardingWardCreate.action.skip,page.onboardingWardCreate,onboardingWardCreate,button,imported,,,,,,,,,건너뛰기,Skip,スキップ,,2026-06-10
page.onboardingWardCreate.backToWardSelect,web,page.onboardingWardCreate.backToWardSelect,page.onboardingWardCreate,onboardingWardCreate,text,imported,,,,,,,,,병동 선택으로,Back to ward selection,病棟選択へ,,2026-06-10
page.onboardingWardCreate.blocked.default,web,page.onboardingWardCreate.blocked.default,page.onboardingWardCreate,onboardingWardCreate,text,imported,,,,,,,,,입력 정보를 확인해 주세요.,Check the entered information.,入力情報を確認してください。,,2026-06-10
page.onboardingWardCreate.blocked.duplicateShiftType,web,page.onboardingWardCreate.blocked.duplicateShiftType,page.onboardingWardCreate,onboardingWardCreate,text,imported,,,,,,,,,약자의 첫 글자가 중복돼요.,Abbreviation first letters must be unique.,略称の最初の文字が重複しています。,,2026-06-10
page.onboardingWardCreate.blocked.emptyTeam,web,page.onboardingWardCreate.blocked.emptyTeam,page.onboardingWardCreate,onboardingWardCreate,text,imported,,,,,,,,,팀을 추가하면 병동을 만들 수 있어요.,Add a team before creating the ward.,チームを追加すると病棟を作成できます。,,2026-06-10
page.onboardingWardCreate.blocked.emptyTeamNurses,web,page.onboardingWardCreate.blocked.emptyTeamNurses,page.onboardingWardCreate,onboardingWardCreate,text,imported,,,,,,,,,간호사 없는 팀이 있어요. 간호사를 추가하거나 팀을 삭제해 주세요.,Some teams have no nurses. Add a nurse or delete the team.,看護師がいないチームがあります。看護師を追加するかチームを削除してください。,,2026-06-10
page.onboardingWardCreate.blocked.invalidNurseName,web,page.onboardingWardCreate.blocked.invalidNurseName,page.onboardingWardCreate,onboardingWardCreate,text,imported,,,,,,,,,간호사 이름을 확인해 주세요.,Check the nurse names.,看護師名を確認してください。,,2026-06-10
page.onboardingWardCreate.blocked.scheduleMissingNurseName,web,page.onboardingWardCreate.blocked.scheduleMissingNurseName,page.onboardingWardCreate,onboardingWardCreate,text,imported,,,,,,,,,근무가 입력된 행에는 간호사 이름을 입력해 주세요.,Enter a nurse name for each row with shifts.,勤務が入力された行には看護師名を入力してください。,,2026-06-18
page.onboardingWardCreate.blocked.invalidShiftTime,web,page.onboardingWardCreate.blocked.invalidShiftTime,page.onboardingWardCreate,onboardingWardCreate,text,imported,,,,,,,,,근무 시간을 확인해 주세요.,Check the shift times.,勤務時間を確認してください。,,2026-06-10
page.onboardingWardCreate.blocked.invalidShiftType,web,page.onboardingWardCreate.blocked.invalidShiftType,page.onboardingWardCreate,onboardingWardCreate,text,imported,,,,,,,,,근무 유형 정보를 확인해 주세요.,Check the shift type information.,勤務区分情報を確認してください。,,2026-06-10
page.onboardingWardCreate.blocked.invalidWardIdentity,web,page.onboardingWardCreate.blocked.invalidWardIdentity,page.onboardingWardCreate,onboardingWardCreate,text,imported,,,,,,,,,"입력값은 한글, 영문, 숫자, 공백만 1~20자로 입력해 주세요.","Use Korean, English, Japanese, numbers, and spaces only, within 1-20 characters.",入力値は韓国語、英語、日本語、数字、スペースのみ1〜20文字で入力してください。,,2026-06-10
page.onboardingWardCreate.blocked.missingHospitalName,web,page.onboardingWardCreate.blocked.missingHospitalName,page.onboardingWardCreate,onboardingWardCreate,text,imported,,,,,,,,,병원명을 입력해 주세요.,Enter a hospital name.,病院名を入力してください。,,2026-06-10
page.onboardingWardCreate.blocked.submitting,web,page.onboardingWardCreate.blocked.submitting,page.onboardingWardCreate,onboardingWardCreate,button,imported,,,,,,,,,병동을 생성하고 있어요. 잠시만 기다려 주세요.,Creating the ward. Please wait.,病棟を作成しています。しばらくお待ちください。,,2026-06-10
page.onboardingWardCreate.blocked.success,web,page.onboardingWardCreate.blocked.success,page.onboardingWardCreate,onboardingWardCreate,feedback,imported,,,,,,,,,이미 병동 생성을 마쳤어요.,Ward creation is already complete.,病棟作成はすでに完了しています。,,2026-06-10
page.onboardingWardCreate.deleteTeamAction,web,page.onboardingWardCreate.deleteTeamAction,page.onboardingWardCreate,onboardingWardCreate,button,imported,,,,,,,,,팀 삭제하기,Delete team,チームを削除,,2026-06-10
page.onboardingWardCreate.fallback.newTeam,web,page.onboardingWardCreate.fallback.newTeam,page.onboardingWardCreate,onboardingWardCreate,text,imported,,,,,,,,,새 팀,New team,新しいチーム,,2026-06-10
page.onboardingWardCreate.fallback.selectedTeam,web,page.onboardingWardCreate.fallback.selectedTeam,page.onboardingWardCreate,onboardingWardCreate,text,imported,,,,,,,,,선택한 팀,Selected team,選択したチーム,,2026-06-10
page.onboardingWardCreate.fallback.wardName,web,page.onboardingWardCreate.fallback.wardName,page.onboardingWardCreate,onboardingWardCreate,text,imported,,,,,,,,,듀팅 병동,Dutying ward,デューティング病棟,,2026-06-10
page.onboardingWardCreate.defaults.newNurseName,web,page.onboardingWardCreate.defaults.newNurseName,page.onboardingWardCreate,onboardingWardCreate,text,imported,,,,,,,,,신규 간호사 {{index}},New nurse {{index}},新規看護師 {{index}},,2026-06-19
page.onboardingWardCreate.defaults.sampleNurse.first,web,page.onboardingWardCreate.defaults.sampleNurse.first,page.onboardingWardCreate,onboardingWardCreate,text,imported,,,,,,,,,홍길동,Alex Kim,佐藤花子,,2026-06-19
page.onboardingWardCreate.defaults.sampleNurse.second,web,page.onboardingWardCreate.defaults.sampleNurse.second,page.onboardingWardCreate,onboardingWardCreate,text,imported,,,,,,,,,김하늘,Jamie Lee,田中美咲,,2026-06-19
page.onboardingWardCreate.defaults.sampleNurse.skilled,web,page.onboardingWardCreate.defaults.sampleNurse.skilled,page.onboardingWardCreate,onboardingWardCreate,text,imported,,,,,,,,,이서윤,Morgan Park,高橋結衣,,2026-06-19
page.onboardingWardCreate.defaults.sampleNurse.off,web,page.onboardingWardCreate.defaults.sampleNurse.off,page.onboardingWardCreate,onboardingWardCreate,text,imported,,,,,,,,,박연우,Taylor Choi,鈴木葵,,2026-06-19
page.onboardingWardCreate.identity.hospitalName,web,page.onboardingWardCreate.identity.hospitalName,page.onboardingWardCreate,onboardingWardCreate,text,imported,,,,,,,,,병원명,Hospital name,病院名,,2026-06-10
page.onboardingWardCreate.identity.hospitalNamePlaceholder,web,page.onboardingWardCreate.identity.hospitalNamePlaceholder,page.onboardingWardCreate,onboardingWardCreate,input,imported,,,,,,,,,병원명을 입력해 주세요,Enter hospital name,病院名を入力してください,,2026-06-10
page.onboardingWardCreate.identity.wardName,web,page.onboardingWardCreate.identity.wardName,page.onboardingWardCreate,onboardingWardCreate,text,imported,,,,,,,,,병동명,Ward name,病棟名,,2026-06-10
page.onboardingWardCreate.identity.wardNameOptional,web,page.onboardingWardCreate.identity.wardNameOptional,page.onboardingWardCreate,onboardingWardCreate,text,imported,,,,,,,,,(선택) 병동명,(Optional) Ward name,（任意）病棟名,,2026-06-10
page.onboardingWardCreate.identity.wardNamePlaceholder,web,page.onboardingWardCreate.identity.wardNamePlaceholder,page.onboardingWardCreate,onboardingWardCreate,input,imported,,,,,,,,,병동명을 입력해 주세요,Enter ward name,病棟名を入力してください,,2026-06-10
page.onboardingWardCreate.modal.deleteTeamDescriptionSuffix,web,page.onboardingWardCreate.modal.deleteTeamDescriptionSuffix,page.onboardingWardCreate,onboardingWardCreate,button,imported,,,,,,,,, 팀을 삭제하면 소속 간호사 {{count}}명도 함께 삭제돼요., team and its {{count}} nurses will be deleted.,チームを削除すると所属看護師{{count}}名も一緒に削除されます。,,2026-06-10
page.onboardingWardCreate.modal.deleteTeamTitle,web,page.onboardingWardCreate.modal.deleteTeamTitle,page.onboardingWardCreate,onboardingWardCreate,accessibility,imported,,,,,,,,,팀을 삭제할까요?,Delete this team?,チームを削除しますか？,,2026-06-10
page.onboardingWardCreate.nurse.deleteNurseAria,web,page.onboardingWardCreate.nurse.deleteNurseAria,page.onboardingWardCreate,onboardingWardCreate,accessibility,imported,,,,,,,,,{{nurseName}} 삭제,Delete {{nurseName}},{{nurseName}}を削除,,2026-06-10
page.onboardingWardCreate.nurse.dragAria,web,page.onboardingWardCreate.nurse.dragAria,page.onboardingWardCreate,onboardingWardCreate,accessibility,imported,,,,,,,,,드래그하여 순서 변경,Drag to change order,ドラッグして順序を変更,,2026-06-10
page.onboardingWardCreate.nurse.skillAria,web,page.onboardingWardCreate.nurse.skillAria,page.onboardingWardCreate,onboardingWardCreate,accessibility,imported,,,,,,,,,{{nurseName}} 숙련도,Skill level for {{nurseName}},{{nurseName}}の習熟度,,2026-06-10
page.onboardingWardCreate.nurse.skillUnselectedBadge,web,page.onboardingWardCreate.nurse.skillUnselectedBadge,page.onboardingWardCreate,onboardingWardCreate,text,imported,,,,,,,,,-,-,-,,2026-06-10
page.onboardingWardCreate.nurse.skillUnselectedOption,web,page.onboardingWardCreate.nurse.skillUnselectedOption,page.onboardingWardCreate,onboardingWardCreate,text,imported,,,,,,,,,미선택,Unselected,未選択,,2026-06-10
page.onboardingWardCreate.nurse.emptyTeamsDescription,web,page.onboardingWardCreate.nurse.emptyTeamsDescription,page.onboardingWardCreate,onboardingWardCreate,description,reviewed,,,,,,,,,팀을 만든 뒤 간호사를 등록할 수 있어요.,Create a team before registering nurses.,チームを作成すると看護師を登録できます。,,2026-06-14
page.onboardingWardCreate.nurse.emptyTeamsTitle,web,page.onboardingWardCreate.nurse.emptyTeamsTitle,page.onboardingWardCreate,onboardingWardCreate,accessibility,reviewed,,,,,,,,,먼저 팀을 추가해 주세요.,Add a team first.,先にチームを追加してください。,,2026-06-14
page.onboardingWardCreate.nurse.sort.manual,web,page.onboardingWardCreate.nurse.sort.manual,page.onboardingWardCreate,onboardingWardCreate,text,imported,,,,,,,,,수동순,Manual order,手動順,,2026-06-10
page.onboardingWardCreate.nurse.sort.name,web,page.onboardingWardCreate.nurse.sort.name,page.onboardingWardCreate,onboardingWardCreate,text,imported,,,,,,,,,가나다순,Name order,名前順,,2026-06-10
page.onboardingWardCreate.nurse.sort.skill,web,page.onboardingWardCreate.nurse.sort.skill,page.onboardingWardCreate,onboardingWardCreate,text,imported,,,,,,,,,숙련도순,Skill order,習熟度順,,2026-06-10
page.onboardingWardCreate.nurse.sortAria,web,page.onboardingWardCreate.nurse.sortAria,page.onboardingWardCreate,onboardingWardCreate,accessibility,imported,,,,,,,,,간호사 정렬,Sort nurses,看護師を並び替え,,2026-06-10
page.onboardingWardCreate.nurse.sortOptionsAria,web,page.onboardingWardCreate.nurse.sortOptionsAria,page.onboardingWardCreate,onboardingWardCreate,accessibility,imported,,,,,,,,,간호사 정렬 옵션,Nurse sort options,看護師の並び替えオプション,,2026-06-10
page.onboardingWardCreate.schedule.addRow,web,page.onboardingWardCreate.schedule.addRow,page.onboardingWardCreate,onboardingWardCreate,text,imported,,,,,,,,,행 추가,Add row,行を追加,,2026-06-10
page.onboardingWardCreate.schedule.deleteRowAria,web,page.onboardingWardCreate.schedule.deleteRowAria,page.onboardingWardCreate,onboardingWardCreate,accessibility,imported,,,,,,,,,{{rowLabel}} 삭제,Delete {{rowLabel}},{{rowLabel}}を削除,,2026-06-10
page.onboardingWardCreate.schedule.monthLabel,web,page.onboardingWardCreate.schedule.monthLabel,page.onboardingWardCreate,onboardingWardCreate,accessibility,imported,,,,,,,,,{{year}}년 {{month}}월,{{year}}-{{month}},{{year}}年{{month}}月,,2026-06-10
page.onboardingWardCreate.schedule.nextMonth,web,page.onboardingWardCreate.schedule.nextMonth,page.onboardingWardCreate,onboardingWardCreate,text,imported,,,,,,,,,다음 달,Next month,次の月,,2026-06-10
page.onboardingWardCreate.schedule.nurseNameAria,web,page.onboardingWardCreate.schedule.nurseNameAria,page.onboardingWardCreate,onboardingWardCreate,accessibility,imported,,,,,,,,,{{rowNumber}}행 간호사 이름,Nurse name in row {{rowNumber}},{{rowNumber}}行目の看護師名,,2026-06-10
page.onboardingWardCreate.schedule.previousMonth,web,page.onboardingWardCreate.schedule.previousMonth,page.onboardingWardCreate,onboardingWardCreate,text,imported,,,,,,,,,이전 달,Previous month,前の月,,2026-06-10
page.onboardingWardCreate.schedule.rowFallback,web,page.onboardingWardCreate.schedule.rowFallback,page.onboardingWardCreate,onboardingWardCreate,text,imported,,,,,,,,,{{rowNumber}}행,Row {{rowNumber}},{{rowNumber}}行目,,2026-06-10
page.onboardingWardCreate.schedule.shiftCellAria,web,page.onboardingWardCreate.schedule.shiftCellAria,page.onboardingWardCreate,onboardingWardCreate,accessibility,imported,,,,,,,,,{{rowNumber}}행 {{day}}일 근무,"Shift for row {{rowNumber}}, day {{day}}",{{rowNumber}}行目 {{day}}日の勤務,,2026-06-10
page.onboardingWardCreate.section.identity.description,web,page.onboardingWardCreate.section.identity.description,page.onboardingWardCreate,onboardingWardCreate,description,imported,,,ko|en|ja,,,,,,,,,,2026-06-10
page.onboardingWardCreate.section.identity.highlightHospitalName,web,page.onboardingWardCreate.section.identity.highlightHospitalName,page.onboardingWardCreate,onboardingWardCreate,text,imported,,,,,,,,,병원명,hospital,病院名,,2026-06-13
page.onboardingWardCreate.section.identity.highlightWardName,web,page.onboardingWardCreate.section.identity.highlightWardName,page.onboardingWardCreate,onboardingWardCreate,text,imported,,,,,,,,,병동명,ward,病棟名,,2026-06-13
page.onboardingWardCreate.section.identity.title,web,page.onboardingWardCreate.section.identity.title,page.onboardingWardCreate,onboardingWardCreate,accessibility,imported,,,,,,,,,병원명과 병동명을 입력해 주세요,Enter hospital and ward names,病院名と病棟名を入力してください,,2026-06-10
page.onboardingWardCreate.section.nurse.description,web,page.onboardingWardCreate.section.nurse.description,page.onboardingWardCreate,onboardingWardCreate,description,imported,,,,,,,,,"매월 팀당 하나의 근무표를 만들 수 있어요. 언제든 수정, 추가 가능해요",You can create one schedule per team each month. You can edit or add nurses anytime.,毎月チームごとに1つの勤務表を作成できます,,2026-06-10
page.onboardingWardCreate.section.nurse.highlight,web,page.onboardingWardCreate.section.nurse.highlight,page.onboardingWardCreate,onboardingWardCreate,text,imported,,,,,,,,,간호사,nurses,看護師,,2026-06-13
page.onboardingWardCreate.section.nurse.title,web,page.onboardingWardCreate.section.nurse.title,page.onboardingWardCreate,onboardingWardCreate,accessibility,imported,,,,,,,,,간호사를 등록해 주세요,Register nurses,看護師を登録してください,,2026-06-10
page.onboardingWardCreate.section.schedule.description,web,page.onboardingWardCreate.section.schedule.description,page.onboardingWardCreate,onboardingWardCreate,description,imported,,,ko|en|ja,,,,,,,,,,2026-06-10
page.onboardingWardCreate.section.schedule.highlight,web,page.onboardingWardCreate.section.schedule.highlight,page.onboardingWardCreate,onboardingWardCreate,text,imported,,,,,,,,,가장 최근에 사용한 근무표,the most recent schedule,直近で使用した勤務表,,2026-06-13
page.onboardingWardCreate.section.schedule.title,web,page.onboardingWardCreate.section.schedule.title,page.onboardingWardCreate,onboardingWardCreate,accessibility,imported,,,,,,,,,"병동과 근무표 설정을 위해
가장 최근에 사용한 근무표를 입력해 주세요","Enter the most recent schedule
for ward and schedule setup","病棟と勤務表設定のため
直近で使用した勤務表を入力してください",,2026-06-10
page.onboardingWardCreate.section.shiftType.description,web,page.onboardingWardCreate.section.shiftType.description,page.onboardingWardCreate,onboardingWardCreate,description,imported,,,,,,,,,나중에도 수정할 수 있어요,You can edit these later,後からでも編集できます,,2026-06-10
page.onboardingWardCreate.section.shiftType.highlight,web,page.onboardingWardCreate.section.shiftType.highlight,page.onboardingWardCreate,onboardingWardCreate,text,imported,,,,,,,,,근무 유형,shift types,勤務区分,,2026-06-13
page.onboardingWardCreate.section.shiftType.title,web,page.onboardingWardCreate.section.shiftType.title,page.onboardingWardCreate,onboardingWardCreate,accessibility,imported,,,,,,,,,병동의 근무 유형을 설정해 주세요,Set ward shift types,病棟の勤務区分を設定してください,,2026-06-10
page.onboardingWardCreate.shiftType.add,web,page.onboardingWardCreate.shiftType.add,page.onboardingWardCreate,onboardingWardCreate,text,imported,,,,,,,,,근무 유형 추가하기,Add shift type,勤務区分を追加,,2026-06-10
page.onboardingWardCreate.shiftType.color,web,page.onboardingWardCreate.shiftType.color,page.onboardingWardCreate,onboardingWardCreate,text,imported,,,,,,,,,색상,Color,色,,2026-06-10
page.onboardingWardCreate.shiftType.colorOptionAria,web,page.onboardingWardCreate.shiftType.colorOptionAria,page.onboardingWardCreate,onboardingWardCreate,accessibility,imported,,,,,,,,,{{color}} 선택,Select {{color}},{{color}}を選択,,2026-06-10
page.onboardingWardCreate.shiftType.colorSelectAria,web,page.onboardingWardCreate.shiftType.colorSelectAria,page.onboardingWardCreate,onboardingWardCreate,accessibility,imported,,,,,,,,,{{shiftName}} 색상 선택,Select color for {{shiftName}},{{shiftName}}の色を選択,,2026-06-10
page.onboardingWardCreate.shiftType.deleteAria,web,page.onboardingWardCreate.shiftType.deleteAria,page.onboardingWardCreate,onboardingWardCreate,accessibility,imported,,,,,,,,,{{shiftName}} 삭제,Delete {{shiftName}},{{shiftName}}を削除,,2026-06-10
page.onboardingWardCreate.shiftType.leave,web,page.onboardingWardCreate.shiftType.leave,page.onboardingWardCreate,onboardingWardCreate,text,imported,,,,,,,,,휴무,Leave,休み,,2026-06-10
page.onboardingWardCreate.shiftType.name,web,page.onboardingWardCreate.shiftType.name,page.onboardingWardCreate,onboardingWardCreate,text,imported,,,,,,,,,근무명,Shift name,勤務名,,2026-06-10
page.onboardingWardCreate.shiftType.shortName,web,page.onboardingWardCreate.shiftType.shortName,page.onboardingWardCreate,onboardingWardCreate,text,imported,,,,,,,,,약자,Abbr.,略称,,2026-06-10
page.onboardingWardCreate.shiftType.type,web,page.onboardingWardCreate.shiftType.type,page.onboardingWardCreate,onboardingWardCreate,text,imported,,,,,,,,,유형,Type,区分,,2026-06-10
page.onboardingWardCreate.shiftType.validation.nameDuplicate,web,page.onboardingWardCreate.shiftType.validation.nameDuplicate,page.onboardingWardCreate,onboardingWardCreate,text,imported,,,,,,,,,다른 근무명을 입력해 주세요.,Use a different shift name.,別の勤務名を入力してください。,,2026-06-10
page.onboardingWardCreate.shiftType.validation.nameRequired,web,page.onboardingWardCreate.shiftType.validation.nameRequired,page.onboardingWardCreate,onboardingWardCreate,text,imported,,,,,,,,,근무명을 입력해 주세요.,Enter a shift name.,勤務名を入力してください。,,2026-06-10
page.onboardingWardCreate.shiftType.validation.shortNameDuplicate,web,page.onboardingWardCreate.shiftType.validation.shortNameDuplicate,page.onboardingWardCreate,onboardingWardCreate,text,imported,,,,,,,,,약자의 첫 글자가 겹치지 않게 입력해 주세요.,Use a different first letter.,略称の最初の文字が重ならないようにしてください。,,2026-06-10
page.onboardingWardCreate.shiftType.validation.shortNameFirstKey,web,page.onboardingWardCreate.shiftType.validation.shortNameFirstKey,page.onboardingWardCreate,onboardingWardCreate,text,imported,,,,,,,,,"첫 글자는 영문, 숫자, 기호(- . _ 등)로 입력해 주세요.","Start with a letter, number, or symbol like -, ., _.",最初の文字は英字、数字、記号（- . _ など）で入力してください。,,2026-06-18
page.onboardingWardCreate.shiftType.validation.shortNameLength,web,page.onboardingWardCreate.shiftType.validation.shortNameLength,page.onboardingWardCreate,onboardingWardCreate,text,imported,,,,,,,,,공백 없이 3글자까지 입력해 주세요.,Use up to 3 characters without spaces.,スペースなしで3文字まで入力してください。,,2026-06-18
page.onboardingWardCreate.shiftType.validation.shortNameRequired,web,page.onboardingWardCreate.shiftType.validation.shortNameRequired,page.onboardingWardCreate,onboardingWardCreate,text,imported,,,,,,,,,약자를 입력해 주세요.,Enter an abbreviation.,略称を入力してください。,,2026-06-10
page.onboardingWardCreate.shiftType.validation.timeFormat,web,page.onboardingWardCreate.shiftType.validation.timeFormat,page.onboardingWardCreate,onboardingWardCreate,text,imported,,,,,,,,,시간은 00:00 형식으로 입력해 주세요.,Use the 00:00 time format.,時間は00:00形式で入力してください。,,2026-06-10
page.onboardingWardCreate.shiftType.validation.timeOrder,web,page.onboardingWardCreate.shiftType.validation.timeOrder,page.onboardingWardCreate,onboardingWardCreate,text,imported,,,,,,,,,시작/종료 시간을 다르게 입력해 주세요.,Use different start and end times.,開始時間と終了時間は別にしてください。,,2026-06-10
page.onboardingWardCreate.shiftType.validation.timeRequired,web,page.onboardingWardCreate.shiftType.validation.timeRequired,page.onboardingWardCreate,onboardingWardCreate,text,imported,,,,,,,,,시간을 입력해 주세요.,Enter the time.,時間を入力してください。,,2026-06-10
page.onboardingWardCreate.shiftType.work,web,page.onboardingWardCreate.shiftType.work,page.onboardingWardCreate,onboardingWardCreate,text,imported,,,,,,,,,근무,Work,勤務,,2026-06-10
page.onboardingWardCreate.shiftType.workTime,web,page.onboardingWardCreate.shiftType.workTime,page.onboardingWardCreate,onboardingWardCreate,text,imported,,,,,,,,,근무 시간,Shift time,勤務時間,,2026-06-10
page.onboardingWardCreate.skillCta.aria,web,page.onboardingWardCreate.skillCta.aria,page.onboardingWardCreate,onboardingWardCreate,accessibility,imported,,,,,,,,,숙련도 설정,Skill level settings,習熟度設定,,2026-06-10
page.onboardingWardCreate.skillCta.description,web,page.onboardingWardCreate.skillCta.description,page.onboardingWardCreate,onboardingWardCreate,description,imported,,,,,,,,,"근무표 작성시, 숙련도에 따라 자동으로 배정할 수 있어요","When creating schedules, nurses can be assigned automatically by skill level.",勤務表作成時、習熟度に応じて自動で割り当てできます,,2026-06-10
page.onboardingWardCreate.skillCta.title,web,page.onboardingWardCreate.skillCta.title,page.onboardingWardCreate,onboardingWardCreate,accessibility,imported,,,,,,,,,간호사 숙련도를 설정해볼까요?,Set nurse skill levels?,看護師の習熟度を設定しますか？,,2026-06-10
page.onboardingWardCreate.skillLevelModal.autoAssign,web,page.onboardingWardCreate.skillLevelModal.autoAssign,page.onboardingWardCreate,onboardingWardCreate,text,imported,,,,,,,,,자동 배정,Auto assign,自動配分,,2026-06-10
page.onboardingWardCreate.skillLevelModal.autoAssignTooltip,web,page.onboardingWardCreate.skillLevelModal.autoAssignTooltip,page.onboardingWardCreate,onboardingWardCreate,text,imported,,,,,,,,,등록된 간호사 목록을 단계별로 분배해서 자동으로 1차 배정해요.,Automatically distributes registered nurses across levels for an initial assignment.,登録された看護師を段階別に分配して初期配分します。,,2026-06-10
page.onboardingWardCreate.skillLevelModal.cancel,web,page.onboardingWardCreate.skillLevelModal.cancel,page.onboardingWardCreate,onboardingWardCreate,button,imported,,,,,,,,,닫기,Cancel,閉じる,,2026-06-10
page.onboardingWardCreate.skillLevelModal.categoryLabel,web,page.onboardingWardCreate.skillLevelModal.categoryLabel,page.onboardingWardCreate,onboardingWardCreate,accessibility,imported,,,,,,,,,구분,Category,区分,,2026-06-10
page.onboardingWardCreate.skillLevelModal.colorLabel,web,page.onboardingWardCreate.skillLevelModal.colorLabel,page.onboardingWardCreate,onboardingWardCreate,accessibility,imported,,,,,,,,,색상,Color,色,,2026-06-10
page.onboardingWardCreate.skillLevelModal.complete,web,page.onboardingWardCreate.skillLevelModal.complete,page.onboardingWardCreate,onboardingWardCreate,text,imported,,,,,,,,,완료,Complete,完了,,2026-06-10
page.onboardingWardCreate.skillLevelModal.description,web,page.onboardingWardCreate.skillLevelModal.description,page.onboardingWardCreate,onboardingWardCreate,description,imported,,,,,,,,,"숙련도 기준, 단계, 용어, 색상은 자유롭게 맞춤 설정할 수 있어요",You can define the criteria freely.,習熟度の基準、段階、名称、色は自由に設定できます,,2026-06-10
page.onboardingWardCreate.skillLevelModal.disable,web,page.onboardingWardCreate.skillLevelModal.disable,page.onboardingWardCreate,onboardingWardCreate,text,imported,,,,,,,,,숙련도 설정 취소,Cancel skill settings,習熟度設定をキャンセル,,2026-06-10
page.onboardingWardCreate.skillLevelModal.high,web,page.onboardingWardCreate.skillLevelModal.high,page.onboardingWardCreate,onboardingWardCreate,text,imported,,,,,,,,,높음,High,高い,,2026-06-10
page.onboardingWardCreate.skillLevelModal.levelCountAria,web,page.onboardingWardCreate.skillLevelModal.levelCountAria,page.onboardingWardCreate,onboardingWardCreate,accessibility,imported,,,,,,,,,숙련도 단계,Skill level count,習熟度段階,,2026-06-10
page.onboardingWardCreate.skillLevelModal.levelCountOption,web,page.onboardingWardCreate.skillLevelModal.levelCountOption,page.onboardingWardCreate,onboardingWardCreate,text,imported,,,,,,,,,{{levelCount}}단계,{{levelCount}} levels,{{levelCount}}段階,,2026-06-10
page.onboardingWardCreate.skillLevelModal.levelDisplay,web,page.onboardingWardCreate.skillLevelModal.levelDisplay,page.onboardingWardCreate,onboardingWardCreate,text,imported,,,,,,,,,LV. {{level}},LV. {{level}},LV. {{level}},,2026-06-10
page.onboardingWardCreate.skillLevelModal.levelLabel,web,page.onboardingWardCreate.skillLevelModal.levelLabel,page.onboardingWardCreate,onboardingWardCreate,accessibility,imported,,,,,,,,,숙련도,Level,習熟度,,2026-06-10
page.onboardingWardCreate.skillLevelModal.low,web,page.onboardingWardCreate.skillLevelModal.low,page.onboardingWardCreate,onboardingWardCreate,text,imported,,,,,,,,,낮음,Low,低い,,2026-06-10
page.onboardingWardCreate.skillLevelModal.title,web,page.onboardingWardCreate.skillLevelModal.title,page.onboardingWardCreate,onboardingWardCreate,accessibility,imported,,,,,,,,,숙련도 단계 설정,Set skill levels,習熟度段階設定,,2026-06-10
page.onboardingWardCreate.teamTabs.addTeam,web,page.onboardingWardCreate.teamTabs.addTeam,page.onboardingWardCreate,onboardingWardCreate,text,imported,,,,,,,,,팀 추가하기,Add team,チームを追加,,2026-06-10
page.onboardingWardCreate.toast.addNurseToTeam,web,page.onboardingWardCreate.toast.addNurseToTeam,page.onboardingWardCreate,onboardingWardCreate,feedback,imported,,,,,,,,,{{teamName}}에 간호사를 추가했어요.,Added a nurse to {{teamName}}.,{{teamName}}に看護師を追加しました。,,2026-06-10
page.onboardingWardCreate.toast.addTeam,web,page.onboardingWardCreate.toast.addTeam,page.onboardingWardCreate,onboardingWardCreate,feedback,imported,,,,,,,,,{{teamName}}을 추가했어요.,Added {{teamName}}.,{{teamName}}を追加しました。,,2026-06-10
page.onboardingWardCreate.toast.addTeamAndNurse,web,page.onboardingWardCreate.toast.addTeamAndNurse,page.onboardingWardCreate,onboardingWardCreate,feedback,imported,,,,,,,,,{{teamName}}을 추가하고 간호사도 등록했어요.,Added {{teamName}} and registered a nurse.,{{teamName}}を追加し、看護師も登録しました。,,2026-06-10
page.onboardingWardCreate.toast.completeError,web,page.onboardingWardCreate.toast.completeError,page.onboardingWardCreate,onboardingWardCreate,feedback,imported,,,,,,,,,병동을 만들지 못했어요. 다시 시도해 주세요.,Could not create the ward. Please try again.,病棟を作成できませんでした。もう一度お試しください。,,2026-06-10
page.onboardingWardCreate.toast.completeSuccess,web,page.onboardingWardCreate.toast.completeSuccess,page.onboardingWardCreate,onboardingWardCreate,feedback,imported,,,,,,,,,병동 생성을 완료했어요.,Ward creation is complete.,病棟作成が完了しました。,,2026-06-10
page.onboardingWardCreate.toast.deleteNurse,web,page.onboardingWardCreate.toast.deleteNurse,page.onboardingWardCreate,onboardingWardCreate,feedback,imported,,,,,,,,,간호사를 삭제했어요.,Deleted the nurse.,看護師を削除しました。,,2026-06-10
page.onboardingWardCreate.toast.deleteTeamWithNurses,web,page.onboardingWardCreate.toast.deleteTeamWithNurses,page.onboardingWardCreate,onboardingWardCreate,feedback,imported,,,,,,,,,팀을 삭제했어요. 팀에 속한 간호사도 함께 삭제했어요.,Deleted the team and its nurses.,チームを削除しました。所属看護師も一緒に削除しました。,,2026-06-10
page.onboardingWardCreate.toast.maxNursesPerTeam,web,page.onboardingWardCreate.toast.maxNursesPerTeam,page.onboardingWardCreate,onboardingWardCreate,feedback,imported,,,,,,,,,한 팀에는 간호사를 최대 {{count}}명까지 추가할 수 있어요.,You can add up to {{count}} nurses to one team.,1チームに追加できる看護師は最大{{count}}名です。,,2026-06-10
page.onboardingWardCreate.toast.maxTeams,web,page.onboardingWardCreate.toast.maxTeams,page.onboardingWardCreate,onboardingWardCreate,feedback,imported,,,,,,,,,팀은 최대 {{count}}개까지 추가할 수 있어요.,You can add up to {{count}} teams.,チームは最大{{count}}個まで追加できます。,,2026-06-10
page.onboardingWardCreate.toast.saveDraftError,web,page.onboardingWardCreate.toast.saveDraftError,page.onboardingWardCreate,onboardingWardCreate,feedback,imported,,,,,,,,,병동 기본 정보를 저장하지 못했어요. 다시 시도해 주세요.,Could not save the basic ward information. Please try again.,病棟の基本情報を保存できませんでした。もう一度お試しください。,,2026-06-10
page.onboardingWardCreate.toast.skillConfigDisabled,web,page.onboardingWardCreate.toast.skillConfigDisabled,page.onboardingWardCreate,onboardingWardCreate,feedback,imported,,,,,,,,,숙련도 설정을 사용하지 않아요.,Skill settings are disabled.,習熟度設定を使用しません。,,2026-06-10
page.onboardingWardCreate.toast.skillConfigSaved,web,page.onboardingWardCreate.toast.skillConfigSaved,page.onboardingWardCreate,onboardingWardCreate,feedback,imported,,,,,,,,,숙련도 설정이 간호사 목록에 반영됐어요.,Applied skill settings to the nurse list.,習熟度設定を看護師一覧に反映しました。,,2026-06-10
page.onboardingWardCreate.toast.uploadApplied,web,page.onboardingWardCreate.toast.uploadApplied,page.onboardingWardCreate,onboardingWardCreate,feedback,imported,,,,,,,,,근무표 파일을 반영했어요.,Applied the schedule file.,勤務表ファイルを反映しました。,,2026-06-10
page.onboardingWardCreate.upload.dropHere,web,page.onboardingWardCreate.upload.dropHere,page.onboardingWardCreate,onboardingWardCreate,text,imported,,,,,,,,,근무표 파일을 여기에 놓아 주세요,Drop the schedule file here,勤務表ファイルをここにドロップしてください,,2026-06-10
page.onboardingWardCreate.upload.failedRow,web,page.onboardingWardCreate.upload.failedRow,page.onboardingWardCreate,onboardingWardCreate,feedback,imported,,,,,,,,,일부 행({{rowLabel}})을 해석하지 못해 제외했어요.,Some rows ({{rowLabel}}) could not be parsed and were excluded.,一部の行（{{rowLabel}}）を解析できず除外しました。,,2026-06-10
page.onboardingWardCreate.upload.failedSheet,web,page.onboardingWardCreate.upload.failedSheet,page.onboardingWardCreate,onboardingWardCreate,feedback,imported,,,,,,,,,"시트 ""{{sheetName}}"" 데이터를 불러오지 못했어요.","Could not load data from sheet ""{{sheetName}}"".",シート「{{sheetName}}」のデータを読み込めませんでした。,,2026-06-10
page.onboardingWardCreate.upload.failedTitle,web,page.onboardingWardCreate.upload.failedTitle,page.onboardingWardCreate,onboardingWardCreate,accessibility,imported,,,,,,,,,파일 업로드에 실패했어요,File upload failed,ファイルのアップロードに失敗しました,,2026-06-10
page.onboardingWardCreate.upload.networkFailed,web,page.onboardingWardCreate.upload.networkFailed,page.onboardingWardCreate,onboardingWardCreate,feedback,imported,,,,,,,,,파싱 서버에 연결하지 못했어요. 잠시 후 다시 시도해 주세요.,Could not connect to the parsing server. Please try again shortly.,解析サーバーに接続できませんでした。しばらくしてから再度お試しください。,,2026-06-10
page.onboardingWardCreate.upload.parseFailed,web,page.onboardingWardCreate.upload.parseFailed,page.onboardingWardCreate,onboardingWardCreate,feedback,imported,,,,,,,,,파일을 해석하지 못했어요. 엑셀 양식을 확인한 뒤 다시 업로드해 주세요.,Could not parse the file. Check the Excel template and upload it again.,ファイルを解析できませんでした。Excel形式を確認してから再度アップロードしてください。,,2026-06-10
page.onboardingWardCreate.upload.parsing,web,page.onboardingWardCreate.upload.parsing,page.onboardingWardCreate,onboardingWardCreate,text,imported,,,,,,,,,파일 해석 중...,Parsing file...,ファイル解析中...,,2026-06-10
page.onboardingWardCreate.upload.targetMonth,web,page.onboardingWardCreate.upload.targetMonth,page.onboardingWardCreate,onboardingWardCreate,text,imported,,,,,,,,,근무표 기준 월,Schedule month,勤務表の基準月,,2026-06-10
page.onboardingWardCreate.upload.unsupportedFile,web,page.onboardingWardCreate.upload.unsupportedFile,page.onboardingWardCreate,onboardingWardCreate,text,imported,,,,,,,,,"엑셀 파일(.xlsx, .xls)만 업로드할 수 있어요.","Only Excel files (.xlsx, .xls) can be uploaded.","Excelファイル（.xlsx, .xls）のみアップロードできます。",,2026-06-10
page.onboardingWardCreate.upload.uploadFile,web,page.onboardingWardCreate.upload.uploadFile,page.onboardingWardCreate,onboardingWardCreate,text,imported,,,,,,,,,파일 업로드,Upload file,ファイルをアップロード,,2026-06-10
page.profile.basicInfoDescription,web,page.profile.basicInfoDescription,page.profile,profile,description,imported,,,,,,,,,계정에서 사용하는 정보를 관리해요.,Manage the information used for your account.,アカウントで使用する情報を管理します。,,2026-06-10
page.profile.basicInfoTitle,web,page.profile.basicInfoTitle,page.profile,profile,accessibility,imported,,,,,,,,,기본 정보,Basic information,基本情報,,2026-06-10
page.profile.confirm.deleteConfirm,web,page.profile.confirm.deleteConfirm,page.profile,profile,button,imported,,,,,,,,,탈퇴하기,Delete,削除する,,2026-06-10
page.profile.confirm.deleteDescription,web,page.profile.confirm.deleteDescription,page.profile,profile,button,imported,,,,,,,,,탈퇴하면 계정 정보가 삭제되며 되돌릴 수 없어요.,Your account information will be deleted and cannot be restored.,削除するとアカウント情報は削除され、元に戻せません。,,2026-06-10
page.profile.confirm.deleteTitle,web,page.profile.confirm.deleteTitle,page.profile,profile,accessibility,imported,,,,,,,,,회원 탈퇴할까요?,Delete account?,アカウントを削除しますか？,,2026-06-10
page.profile.confirm.logoutConfirm,web,page.profile.confirm.logoutConfirm,page.profile,profile,text,imported,,,,,,,,,로그아웃,Sign out,ログアウト,,2026-06-10
page.profile.confirm.logoutDescription,web,page.profile.confirm.logoutDescription,page.profile,profile,description,imported,,,,,,,,,현재 계정에서 로그아웃하고 첫 화면으로 이동해요.,Sign out of this account and return to the first screen.,現在のアカウントからログアウトし、最初の画面へ移動します。,,2026-06-10
page.profile.confirm.logoutTitle,web,page.profile.confirm.logoutTitle,page.profile,profile,accessibility,imported,,,,,,,,,로그아웃할까요?,Sign out?,ログアウトしますか？,,2026-06-10
page.profile.deleteAccount,web,page.profile.deleteAccount,page.profile,profile,button,imported,,,,,,,,,회원 탈퇴,Delete account,アカウント削除,,2026-06-10
page.profile.errorDescription,web,page.profile.errorDescription,page.profile,profile,feedback,imported,,,,,,,,,잠시 후 다시 시도해 주세요. 문제가 계속되면 다시 로그인해 주세요.,"Please try again shortly. If the issue continues, sign in again.",しばらくしてからもう一度お試しください。問題が続く場合は再ログインしてください。,,2026-06-10
page.profile.errorTitle,web,page.profile.errorTitle,page.profile,profile,accessibility,imported,,,,,,,,,프로필 정보를 불러오지 못했어요,Could not load your profile,プロフィールを読み込めませんでした,,2026-06-10
page.profile.imageFailed,web,page.profile.imageFailed,page.profile,profile,feedback,imported,,,,,,,,,프로필 이미지를 처리하지 못했어요.,Could not process the profile image.,プロフィール画像を処理できませんでした。,,2026-06-10
page.profile.language.en,web,page.profile.language.en,page.profile,profile,text,imported,,,,,,,,,English,English,English,,2026-06-19
page.profile.language.ja,web,page.profile.language.ja,page.profile,profile,text,imported,,,,,,,,,日本語 (Japanese),日本語 (Japanese),日本語 (Japanese),,2026-06-19
page.profile.language.ko,web,page.profile.language.ko,page.profile,profile,text,imported,,,,,,,,,한국어 (Korean),한국어 (Korean),한국어 (Korean),,2026-06-19
page.profile.languageLabel,web,page.profile.languageLabel,page.profile,profile,accessibility,imported,,,,,,,,,화면 언어 / Language,Display language,画面言語 / Language,,2026-06-19
page.profile.loadingDescription,web,page.profile.loadingDescription,page.profile,profile,description,imported,,,,,,,,,내 계정과 병동 정보를 순서대로 확인하고 있어요.,Checking your account and ward information.,アカウントと病棟情報を確認しています。,,2026-06-10
page.profile.loadingTitle,web,page.profile.loadingTitle,page.profile,profile,accessibility,imported,,,,,,,,,프로필 정보를 준비하고 있어요,Preparing your profile,プロフィールを準備しています,,2026-06-10
page.profile.logout,web,page.profile.logout,page.profile,profile,text,imported,,,,,,,,,로그아웃,Sign out,ログアウト,,2026-06-10
page.profile.modalSave,web,page.profile.modalSave,page.profile,profile,button,imported,,,,,,,,,저장하기,Save,保存,,2026-06-10
page.profile.name,web,page.profile.name,page.profile,profile,text,imported,,,,,,,,,이름,Name,名前,,2026-06-10
page.profile.namePlaceholder,web,page.profile.namePlaceholder,page.profile,profile,input,imported,,,,,,,,,이름을 입력하세요,Enter your name,名前を入力してください,,2026-06-10
page.profile.phoneNum,web,page.profile.phoneNum,page.profile,profile,text,imported,,,,,,,,,전화번호,Phone number,電話番号,,2026-06-10
page.profile.phoneNumPlaceholder,web,page.profile.phoneNumPlaceholder,page.profile,profile,input,imported,,,,,,,,,전화번호를 입력하세요,Enter your phone number,電話番号を入力してください,,2026-06-10
page.profile.preferencesDescription,web,page.profile.preferencesDescription,page.profile,profile,description,imported,,,,,,,,,화면에 표시할 언어를 선택해요.,Choose the language shown in the app.,画面に表示する言語を選択します。,,2026-06-10
page.profile.preferencesFailed,web,page.profile.preferencesFailed,page.profile,profile,feedback,imported,,,,,,,,,언어 설정을 저장하지 못했어요.,Could not save language settings.,言語設定を保存できませんでした。,,2026-06-10
page.profile.preferencesSaved,web,page.profile.preferencesSaved,page.profile,profile,button,imported,,,,,,,,,언어와 서비스 지역을 저장했어요.,Language and service region saved.,言語とサービス地域を保存しました。,,2026-06-10
page.profile.preferencesTitle,web,page.profile.preferencesTitle,page.profile,profile,accessibility,imported,,,,,,,,,언어 / Language,Language,言語 / Language,,2026-06-19
page.profile.profileSection,web,page.profile.profileSection,page.profile,profile,text,imported,,,,,,,,,프로필,Profile,プロフィール,,2026-06-10
page.profile.quitWard,web,page.profile.quitWard,page.profile,profile,text,imported,,,,,,,,,병동 나가기,Leave ward,病棟を退出,,2026-06-10
page.profile.randomAvatar,web,page.profile.randomAvatar,page.profile,profile,text,imported,,,,,,,,,랜덤 아바타,Random avatar,ランダムアバター,,2026-06-10
page.profile.retry,web,page.profile.retry,page.profile,profile,button,imported,,,,,,,,,다시 시도,Retry,再試行,,2026-06-10
page.profile.save,web,page.profile.save,page.profile,profile,button,imported,,,,,,,,,변경사항 저장,Save changes,変更を保存,,2026-06-10
page.profile.savedDescription,web,page.profile.savedDescription,page.profile,profile,button,imported,,,,,,,,,최신 정보가 저장되어 있어요.,Your latest information is saved.,最新情報が保存されています。,,2026-06-10
page.profile.savePreferences,web,page.profile.savePreferences,page.profile,profile,button,imported,,,,,,,,,언어 설정 저장,Save language settings,言語設定を保存,,2026-06-10
page.profile.savingPreferences,web,page.profile.savingPreferences,page.profile,profile,text,imported,,,,,,,,,저장 중...,Saving...,保存中…,,2026-06-10
page.profile.serviceRegion.EN,web,page.profile.serviceRegion.EN,page.profile,profile,text,imported,,,,,,,,,글로벌/영어권,Global / English,グローバル / 英語圏,,2026-06-10
page.profile.serviceRegion.JP,web,page.profile.serviceRegion.JP,page.profile,profile,text,imported,,,,,,,,,일본,Japan,日本,,2026-06-10
page.profile.serviceRegion.KR,web,page.profile.serviceRegion.KR,page.profile,profile,text,imported,,,,,,,,,한국,Korea,韓国,,2026-06-10
page.profile.serviceRegionLabel,web,page.profile.serviceRegionLabel,page.profile,profile,accessibility,imported,,,,,,,,,서비스 지역,Service region,サービス地域,,2026-06-10
page.profile.title,web,page.profile.title,page.profile,profile,accessibility,imported,,,,,,,,,마이페이지,Account,マイページ,,2026-06-10
page.profile.unknownName,web,page.profile.unknownName,page.profile,profile,text,imported,,,,,,,,,이름 미등록,No name set,名前未登録,,2026-06-10
page.profile.unsavedDescription,web,page.profile.unsavedDescription,page.profile,profile,button,imported,,,,,,,,,변경사항이 저장되지 않았어요.,You have unsaved changes.,保存されていない変更があります。,,2026-06-10
page.profile.uploadPhoto,web,page.profile.uploadPhoto,page.profile,profile,text,imported,,,,,,,,,사진 업로드,Upload photo,写真をアップロード,,2026-06-10
page.profile.validation.nameInvalid,web,page.profile.validation.nameInvalid,page.profile,profile,text,imported,,,,,,,,,"이름은 20자 이하, 한글/영문/일문과 공백, '-', '·'만 입력할 수 있어요.","Use up to 20 Korean, English, or Japanese characters, spaces, '-', or '·'.",名前は20文字以内で、韓国語・英語・日本語、スペース、'-'、'·'のみ使用できます。,,2026-06-10
page.profile.validation.nameRequired,web,page.profile.validation.nameRequired,page.profile,profile,text,imported,,,,,,,,,이름을 입력해 주세요.,Enter your name.,名前を入力してください。,,2026-06-10
page.profile.validation.phoneInvalid,web,page.profile.validation.phoneInvalid,page.profile,profile,text,imported,,,,,,,,,국가번호를 포함하거나 지역 형식에 맞는 전화번호를 입력해 주세요.,Enter a valid phone number for the selected language or region.,選択した言語または地域に合う電話番号を入力してください。,,2026-06-10
page.profile.validation.phoneRequired,web,page.profile.validation.phoneRequired,page.profile,profile,text,imported,,,,,,,,,전화번호를 입력해 주세요.,Enter your phone number.,電話番号を入力してください。,,2026-06-10
page.refresh.loading,web,page.refresh.loading,page.refresh,refresh,text,imported,,,,,,,,,로그인 중이에요.,Logging in...,ログイン中です…,,2026-06-10
page.register.createWard.back,web,page.register.createWard.back,page.register,register,text,imported,,,,,,,,,병동 선택으로,Back to ward selection,病棟選択へ,,2026-06-10
page.register.createWard.basicInfo,web,page.register.createWard.basicInfo,page.register,register,description,imported,,,,,,,,,기본 정보,Basic information,基本情報,,2026-06-10
page.register.createWard.description,web,page.register.createWard.description,page.register,register,description,imported,,,,,,,,,"처음에는 꼭 필요한 정보만 받고, 세부 설정은 나중에 바꿀 수 있어요.",Start with the essentials. You can adjust detailed settings later.,最初は必要な情報だけ入力し、詳細設定は後から変更できます。,,2026-06-10
page.register.createWard.hospitalName,web,page.register.createWard.hospitalName,page.register,register,text,imported,,,,,,,,,병원명,Hospital name,病院名,,2026-06-10
page.register.createWard.hospitalNamePlaceholder,web,page.register.createWard.hospitalNamePlaceholder,page.register,register,input,imported,,,,,,,,,듀팅병원,Dutying Hospital,デューティング病院,,2026-06-10
page.register.createWard.save,web,page.register.createWard.save,page.register,register,button,imported,,,,,,,,,병동 저장,Save ward,病棟を保存,,2026-06-10
page.register.createWard.title,web,page.register.createWard.title,page.register,register,accessibility,imported,,,,,,,,,새 병동을 만들어요,Create a new ward,新しい病棟を作成,,2026-06-10
page.register.createWard.validation.wardName,web,page.register.createWard.validation.wardName,page.register,register,text,imported,,,,,,,,,"1~50자 한글, 영문, 일문, 숫자만 입력할 수 있어요.","Use 1-50 Korean, English, Japanese, or numeric characters.",1〜50文字の韓国語、英語、日本語、数字で入力してください。,,2026-06-10
page.register.createWard.wardName,web,page.register.createWard.wardName,page.register,register,text,imported,,,,,,,,,병동명,Ward name,病棟名,,2026-06-10
page.register.enterWard.back,web,page.register.enterWard.back,page.register,register,text,imported,,,,,,,,,병동 선택으로,Back to ward selection,病棟選択へ,,2026-06-10
page.register.enterWard.close,web,page.register.enterWard.close,page.register,register,button,imported,,,,,,,,,닫기,Close,閉じる,,2026-06-10
page.register.enterWard.codeCellAria,web,page.register.enterWard.codeCellAria,page.register,register,accessibility,imported,,,,,,,,,병동 코드 {{index}}번째 자리,Ward code character {{index}},病棟コード{{index}}文字目,,2026-06-10
page.register.enterWard.codeInputAria,web,page.register.enterWard.codeInputAria,page.register,register,accessibility,imported,,,,,,,,,병동 코드 입력,Ward code input,病棟コード入力,,2026-06-10
page.register.enterWard.confirmDescription,web,page.register.enterWard.confirmDescription,page.register,register,description,imported,,,,,,,,,맞는 병동이면 입장 요청을 보낼게요.,"If this is the correct ward, we will send an entry request.",正しい病棟であれば入室リクエストを送ります。,,2026-06-10
page.register.enterWard.confirmEyebrow,web,page.register.enterWard.confirmEyebrow,page.register,register,text,imported,,,,,,,,,병동 확인,Confirm ward,病棟確認,,2026-06-10
page.register.enterWard.description,web,page.register.enterWard.description,page.register,register,description,imported,,,,,,,,,관리자가 공유한 6자리 코드를 입력하면 병동을 확인할 수 있어요.,Enter the 6-character code shared by your admin to find the ward.,管理者が共有した6桁のコードを入力すると病棟を確認できます。,,2026-06-10
page.register.enterWard.error,web,page.register.enterWard.error,page.register,register,feedback,imported,,,,,,,,,병동 코드를 다시 확인해 주세요.,Check the ward code and try again.,病棟コードをもう一度確認してください。,,2026-06-10
page.register.enterWard.retry,web,page.register.enterWard.retry,page.register,register,button,imported,,,,,,,,,다시 입력,Enter again,再入力,,2026-06-10
page.register.enterWard.submit,web,page.register.enterWard.submit,page.register,register,button,imported,,,,,,,,,입장 요청,Request entry,入室リクエスト,,2026-06-10
page.register.enterWard.title,web,page.register.enterWard.title,page.register,register,accessibility,imported,,,,,,,,,병동 코드를 입력해요,Enter ward code,病棟コードを入力,,2026-06-10
page.register.nurse.imageFailed,web,page.register.nurse.imageFailed,page.register,register,feedback,imported,,,,,,,,,프로필 이미지를 처리하지 못했어요.,Could not process the profile image.,プロフィール画像を処理できませんでした。,,2026-06-10
page.register.nurse.name,web,page.register.nurse.name,page.register,register,text,imported,,,,,,,,,이름,Name,名前,,2026-06-10
page.register.nurse.namePlaceholder,web,page.register.nurse.namePlaceholder,page.register,register,input,imported,,,,,,,,,이름을 입력해주세요,Enter name,名前を入力してください,,2026-06-10
page.register.nurse.next,web,page.register.nurse.next,page.register,register,text,imported,,,,,,,,,다음,Next,次へ,,2026-06-10
page.register.nurse.phoneNum,web,page.register.nurse.phoneNum,page.register,register,text,imported,,,,,,,,,연락처,Phone number,連絡先,,2026-06-10
page.register.nurse.phoneNumPlaceholder,web,page.register.nurse.phoneNumPlaceholder,page.register,register,input,imported,,,,,,,,,연락처를 입력해주세요,Enter phone number,連絡先を入力してください,,2026-06-10
page.register.nurse.randomAvatar,web,page.register.nurse.randomAvatar,page.register,register,text,imported,,,,,,,,,랜덤 아바타,Random avatar,ランダムアバター,,2026-06-10
page.register.nurse.saving,web,page.register.nurse.saving,page.register,register,text,imported,,,,,,,,,저장 중...,Saving...,保存中…,,2026-06-10
page.register.nurse.submitting,web,page.register.nurse.submitting,page.register,register,button,imported,,,,,,,,,처리 중...,Processing...,処理中...,,2026-06-10
page.register.nurse.title,web,page.register.nurse.title,page.register,register,accessibility,imported,,,,,,,,,계정 정보를 입력해 주세요,Enter account information,アカウント情報を入力してください,,2026-06-10
page.register.nurse.uploadPhoto,web,page.register.nurse.uploadPhoto,page.register,register,text,imported,,,,,,,,,사진 업로드,Upload photo,写真をアップロード,,2026-06-10
page.register.nurse.validation.nameInvalid,web,page.register.nurse.validation.nameInvalid,page.register,register,text,imported,,,,,,,,,"이름은 20자 이하, 한글/영문/일문과 공백, '-', '·'만 입력할 수 있어요.","Use up to 20 characters: Korean, English, Japanese, spaces, '-', and '·'.",名前は20文字以内で、韓国語・英語・日本語、スペース、'-'、'·'のみ使用できます。,,2026-06-10
page.register.nurse.validation.nameRequired,web,page.register.nurse.validation.nameRequired,page.register,register,text,imported,,,,,,,,,이름을 입력해 주세요.,Enter a name.,名前を入力してください。,,2026-06-10
page.register.nurse.validation.phoneDuplicate,web,page.register.nurse.validation.phoneDuplicate,page.register,register,text,imported,,,,,,,,,이미 사용 중인 연락처예요. 다른 번호를 입력해 주세요.,This phone number is already in use. Enter another number.,すでに使用中の連絡先です。別の番号を入力してください。,,2026-06-10
page.register.nurse.validation.phoneInvalid,web,page.register.nurse.validation.phoneInvalid,page.register,register,text,imported,,,,,,,,,국가번호를 포함하거나 지역 형식에 맞는 연락처를 입력해 주세요.,Enter a valid phone number for the selected language or region.,選択した言語または地域に合う連絡先を入力してください。,,2026-06-10
page.register.nurse.validation.phoneRequired,web,page.register.nurse.validation.phoneRequired,page.register,register,text,imported,,,,,,,,,연락처를 입력해 주세요.,Enter a phone number.,連絡先を入力してください。,,2026-06-10
page.register.pending.cancelRequest,web,page.register.pending.cancelRequest,page.register,register,button,imported,,,,,,,,,입장 요청 취소,Cancel entry request,入室リクエストを取り消す,,2026-06-10
page.register.pending.description,web,page.register.pending.description,page.register,register,description,imported,,,,,,,,,관리자가 승인하면 바로 병동을 사용할 수 있어요.,You can use the ward as soon as an admin approves your request.,管理者が承認すると、すぐに病棟を利用できます。,,2026-06-10
page.register.pending.requestedWard,web,page.register.pending.requestedWard,page.register,register,text,imported,,,,,,,,,요청한 병동,Requested ward,リクエストした病棟,,2026-06-10
page.register.pending.title,web,page.register.pending.title,page.register,register,accessibility,imported,,,,,,,,,입장 승인을 기다리고 있어요,Waiting for entry approval,入室承認を待っています,,2026-06-10
page.register.select.back,web,page.register.select.back,page.register,register,text,imported,,,,,,,,,계정 정보로,Back to account info,アカウント情報へ,,2026-06-10
page.register.select.createDescription,web,page.register.select.createDescription,page.register,register,description,imported,,,,,,,,,"병원명, 병동명, 팀 정보를 차례로 설정해요.","Set up the hospital name, ward name, and team information in order.",病院名、病棟名、チーム情報を順番に設定します。,,2026-06-10
page.register.select.createTitle,web,page.register.select.createTitle,page.register,register,accessibility,imported,,,,,,,,,새 병동 만들기,Create new ward,新しい病棟を作成,,2026-06-10
page.register.select.description,web,page.register.select.description,page.register,register,description,imported,,,,,,,,,"처음 시작한다면 새 병동을 만들고, 초대 코드를 받았다면 기존 병동에 들어가요.","Create a new ward if you are starting fresh, or join an existing ward if you received an invite code.",初めて始める場合は新しい病棟を作成し、招待コードがある場合は既存の病棟に入ります。,,2026-06-10
page.register.select.enterDescription,web,page.register.select.enterDescription,page.register,register,description,imported,,,,,,,,,관리자가 준 6자리 코드가 있을 때 선택해요.,Choose this if you have a 6-character code from an admin.,管理者から6桁のコードを受け取っている場合に選択します。,,2026-06-10
page.register.select.enterTitle,web,page.register.select.enterTitle,page.register,register,accessibility,imported,,,,,,,,,기존 병동 입장하기,Join existing ward,既存の病棟に入る,,2026-06-10
page.register.select.titleWithName,web,page.register.select.titleWithName,page.register,register,accessibility,imported,,,,,,,,,"{{name}}님, 병동을 연결해요","{{name}}, connect a ward",{{name}}さん、病棟を連携しましょう,,2026-06-10
page.register.select.titleWithoutName,web,page.register.select.titleWithoutName,page.register,register,accessibility,imported,,,,,,,,,이제 병동을 연결해요,Connect a ward,病棟を連携しましょう,,2026-06-10
page.register.shell.homeAria,web,page.register.shell.homeAria,page.register,register,accessibility,imported,,,,,,,,,듀팅 홈으로 이동,Go to Dutying home,Dutyingホームへ移動,,2026-06-10
page.register.state.accountErrorDescription,web,page.register.state.accountErrorDescription,page.register,register,feedback,imported,,,,,,,,,잠시 후 다시 시도해 주세요. 문제가 계속되면 다시 로그인해 주세요.,"Please try again shortly. If the issue continues, sign in again.",しばらくしてからもう一度お試しください。問題が続く場合は再ログインしてください。,,2026-06-10
page.register.state.accountErrorTitle,web,page.register.state.accountErrorTitle,page.register,register,accessibility,imported,,,,,,,,,계정 정보를 불러오지 못했어요,Could not load account information,アカウント情報を読み込めませんでした,,2026-06-10
page.register.state.statusErrorDescription,web,page.register.state.statusErrorDescription,page.register,register,feedback,imported,,,,,,,,,계정 정보를 다시 불러온 뒤 등록 절차를 이어가세요.,Reload account information and continue registration.,アカウント情報を再読み込みして登録手続きを続けてください。,,2026-06-10
page.register.state.statusErrorTitle,web,page.register.state.statusErrorTitle,page.register,register,accessibility,imported,,,,,,,,,계정 상태를 확인하지 못했어요,Could not confirm account status,アカウント状態を確認できませんでした,,2026-06-10
page.request.availability.editable.badgeLabel,web,page.request.availability.editable.badgeLabel,page.request,request,accessibility,imported,,,,,,,,,수정 가능,Editable,編集可能,,2026-06-10
page.request.availability.editable.description,web,page.request.availability.editable.description,page.request,request,description,imported,,,,,,,,,현재 달력 범위에서는 신청 근무를 수정할 수 있어요.,You can edit requests within the current calendar range.,現在のカレンダー範囲では勤務希望を編集できます。,,2026-06-10
page.request.availability.editablePeriodLabel,web,page.request.availability.editablePeriodLabel,page.request,request,accessibility,imported,,,,,,,,,수정 가능 범위: 지난달부터 다음 달까지,Editable range: previous month through next month,編集可能範囲: 先月から来月まで,,2026-06-10
page.request.availability.lockedFuture.badgeLabel,web,page.request.availability.lockedFuture.badgeLabel,page.request,request,accessibility,imported,,,,,,,,,작성 대기,Not open yet,作成待ち,,2026-06-10
page.request.availability.lockedFuture.description,web,page.request.availability.lockedFuture.description,page.request,request,description,imported,,,,,,,,,다음 달 신청 근무까지만 작성할 수 있어요. 아직 열리지 않은 달은 열리면 수정할 수 있어요.,You can edit requests up to next month. Future months can be edited once they open.,勤務希望を作成できるのは来月分までです。まだ開いていない月は開始後に編集できます。,,2026-06-10
page.request.availability.lockedFuture.validationMessage,web,page.request.availability.lockedFuture.validationMessage,page.request,request,text,imported,,,,,,,,,두 달 뒤 신청 근무는 아직 작성 전이에요.,Requests two months ahead are not open yet.,2か月先の勤務希望はまだ作成前です。,,2026-06-10
page.request.availability.lockedPast.badgeLabel,web,page.request.availability.lockedPast.badgeLabel,page.request,request,accessibility,imported,,,,,,,,,조회 전용,View only,閲覧のみ,,2026-06-10
page.request.availability.lockedPast.description,web,page.request.availability.lockedPast.description,page.request,request,description,imported,,,,,,,,,이 달은 조회만 가능해요. 제출된 신청과 현재 배치만 확인할 수 있어요.,This month is view-only. You can check submitted requests and current assignments.,この月は閲覧のみ可能です。提出済みの希望と現在の配置を確認できます。,,2026-06-10
page.request.availability.lockedPast.validationMessage,web,page.request.availability.lockedPast.validationMessage,page.request,request,text,imported,,,,,,,,,두 달 전 신청 근무는 조회만 가능해요.,Requests from two months ago are view-only.,2か月前の勤務希望は閲覧のみ可能です。,,2026-06-10
page.request.calendar.ariaLabel,web,page.request.calendar.ariaLabel,page.request,request,accessibility,imported,,,,,,,,,신청 근무표,Request shift schedule,勤務希望表,,2026-06-10
page.request.calendar.linkColumn,web,page.request.calendar.linkColumn,page.request,request,text,imported,,,,,,,,,연동,Link,連携,,2026-06-10
page.request.calendar.nameColumn,web,page.request.calendar.nameColumn,page.request,request,text,imported,,,,,,,,,이름,Name,名前,,2026-06-10
page.request.calendar.noNurseAction,web,page.request.calendar.noNurseAction,page.request,request,button,imported,,,,,,,,,근무자 관리로 이동,Go to Member Management,看護師管理へ移動,,2026-06-10
page.request.calendar.noNurseDescription,web,page.request.calendar.noNurseDescription,page.request,request,description,imported,,,,,,,,,신청 근무를 확인하려면 먼저 근무자 관리에서 팀 간호사를 추가해 주세요.,Add nurses to this team from Member Management before reviewing requested shifts.,勤務希望を確認するには、先に看護師管理でチームの看護師を追加してください。,,2026-06-10
page.request.calendar.noNurseTitleSuffix,web,page.request.calendar.noNurseTitleSuffix,page.request,request,accessibility,imported,,,,,,,,,에는 아직 간호사가 없어요, has no nurses yet,にはまだ看護師がいません,,2026-06-10
page.request.calendar.reorderAria,web,page.request.calendar.reorderAria,page.request,request,accessibility,imported,,,,,,,,,{{name}} 순서 변경,Reorder {{name}},{{name}}の順序を変更,,2026-06-10
page.request.calendar.skillColumn,web,page.request.calendar.skillColumn,page.request,request,text,imported,,,,,,,,,숙련도,Skill,熟練度,,2026-06-10
page.request.calendar.status.accepted,web,page.request.calendar.status.accepted,page.request,request,text,imported,,,,,,,,,반영됨,Applied,反映済み,,2026-06-10
page.request.calendar.status.pending,web,page.request.calendar.status.pending,page.request,request,text,imported,,,,,,,,,확인 필요,Needs review,確認必要,,2026-06-10
page.request.calendar.status.rejected,web,page.request.calendar.status.rejected,page.request,request,text,imported,,,,,,,,,제외됨,Excluded,除外済み,,2026-06-10
page.request.calendar.statusDescription.accepted,web,page.request.calendar.statusDescription.accepted,page.request,request,description,imported,,,,,,,,,현재 신청한 근무가 반영되어 있어요.,The requested shift is currently applied.,現在申請した勤務が反映されています。,,2026-06-10
page.request.calendar.statusDescription.editable,web,page.request.calendar.statusDescription.editable,page.request,request,description,imported,,,,,,,,,이름을 누르면 해당 날짜로 이동해 검토할 수 있어요.,Select the name to move to that date and review it.,名前を押すと該当日に移動して確認できます。,,2026-06-10
page.request.calendar.statusDescription.noFocus,web,page.request.calendar.statusDescription.noFocus,page.request,request,description,imported,,,,,,,,,현재 팀에 연결된 간호사 정보가 없어 달력 위치로는 바로 이동할 수 없어요.,"No linked nurse information was found for this team, so the calendar position cannot be opened directly.",現在のチームに連携された看護師情報がないため、カレンダー位置へ直接移動できません。,,2026-06-10
page.request.calendar.statusDescription.readonly,web,page.request.calendar.statusDescription.readonly,page.request,request,description,imported,,,,,,,,,수정할 수 없는 달이라 신청 근무 위치만 확인할 수 있어요.,"This month cannot be edited, so you can only check the requested shift position.",編集できない月のため、勤務希望の位置のみ確認できます。,,2026-06-10
page.request.calendar.statusDescription.rejected,web,page.request.calendar.statusDescription.rejected,page.request,request,description,imported,,,,,,,,,현재 근무표에는 다른 근무로 확정되어 있어요.,The current schedule is confirmed with another shift.,現在の勤務表では別の勤務で確定しています。,,2026-06-10
page.request.changeEvent.add,web,page.request.changeEvent.add,page.request,request,text,imported,,,,,,,,,추가 → {{shiftType}},Add → {{shiftType}},追加 → {{shiftType}},,2026-06-10
page.request.changeEvent.delete,web,page.request.changeEvent.delete,page.request,request,button,imported,,,,,,,,,{{shiftType}} → 삭제,{{shiftType}} → Delete,{{shiftType}} → 削除,,2026-06-10
page.request.changeEvent.message,web,page.request.changeEvent.message,page.request,request,text,imported,,,,,,,,,{{nurseName}} / {{day}}일 | {{changeLabel}},{{nurseName}} / day {{day}} | {{changeLabel}},{{nurseName}} / {{day}}日 | {{changeLabel}},,2026-06-10
page.request.faultOptions.excludeCertainWorkTypes.label,web,page.request.faultOptions.excludeCertainWorkTypes.label,page.request,request,accessibility,imported,,,,,,,,,ND / ED / NE / NOD 근무 패턴 피하기,Avoid ND / ED / NE / NOD patterns,ND / ED / NE / NOD勤務パターンを避ける,,2026-06-10
page.request.faultOptions.excludeCertainWorkTypes.message,web,page.request.faultOptions.excludeCertainWorkTypes.message,page.request,request,text,imported,,,,,,,,,ND/ED/NE/NOD 형태의 근무는 피하는 게 좋아요.,Avoid ND/ED/NE/NOD shift patterns.,ND/ED/NE/NOD形式の勤務は避けることを推奨します。,,2026-06-10
page.request.faultOptions.excludeNightBeforeReqOff.label,web,page.request.faultOptions.excludeNightBeforeReqOff.label,page.request,request,accessibility,imported,,,,,,,,,신청 오프 전날 나이트 피하기,Avoid night before requested off,休み希望前日の夜勤を避ける,,2026-06-10
page.request.faultOptions.excludeNightBeforeReqOff.message,web,page.request.faultOptions.excludeNightBeforeReqOff.message,page.request,request,text,imported,,,,,,,,,신청 오프 전날에는 나이트 근무를 피하는 게 좋아요.,Avoid night shifts before a requested off day.,休み希望の前日は夜勤を避けることを推奨します。,,2026-06-10
page.request.faultOptions.maxContinuousNight.label,web,page.request.faultOptions.maxContinuousNight.label,page.request,request,accessibility,imported,,,,,,,,,연속 나이트,Consecutive nights,連続夜勤,,2026-06-10
page.request.faultOptions.maxContinuousNight.message,web,page.request.faultOptions.maxContinuousNight.message,page.request,request,text,imported,,,,,,,,,나이트 근무는 연속 {{count}}일까지 배정할 수 있어요.,Night shifts can be assigned for up to {{count}} consecutive days.,夜勤は連続{{count}}日まで割り当てできます。,,2026-06-10
page.request.faultOptions.maxContinuousWork.label,web,page.request.faultOptions.maxContinuousWork.label,page.request,request,accessibility,imported,,,,,,,,,연속 근무 수,Consecutive work days,連続勤務日数,,2026-06-10
page.request.faultOptions.maxContinuousWork.message,web,page.request.faultOptions.maxContinuousWork.message,page.request,request,text,imported,,,,,,,,,근무는 연속 {{count}}일까지 배정할 수 있어요.,Work can be assigned for up to {{count}} consecutive days.,勤務は連続{{count}}日まで割り当てできます。,,2026-06-10
page.request.faultOptions.minContinuousNight.label,web,page.request.faultOptions.minContinuousNight.label,page.request,request,accessibility,imported,,,,,,,,,연속 나이트,Consecutive nights,連続夜勤,,2026-06-10
page.request.faultOptions.minContinuousNight.message,web,page.request.faultOptions.minContinuousNight.message,page.request,request,text,imported,,,,,,,,,나이트 근무는 최소 {{count}}일 이상 배정해 주세요.,Assign night shifts for at least {{count}} consecutive days.,夜勤は最低{{count}}日以上連続で割り当ててください。,,2026-06-10
page.request.faultOptions.minNightInterval.label,web,page.request.faultOptions.minNightInterval.label,page.request,request,accessibility,imported,,,,,,,,,나이트 간격,Night interval,夜勤間隔,,2026-06-10
page.request.faultOptions.minNightInterval.message,web,page.request.faultOptions.minNightInterval.message,page.request,request,text,imported,,,,,,,,,나이트 간격은 최소 {{count}}일 이상으로 맞춰 주세요.,Keep at least {{count}} days between night shifts.,夜勤間隔は最低{{count}}日以上空けてください。,,2026-06-10
page.request.faultOptions.minOffAssignAfterNight.label,web,page.request.faultOptions.minOffAssignAfterNight.label,page.request,request,accessibility,imported,,,,,,,,,나이트 근무 후 오프 배정,Off after night shift,夜勤後の休み割り当て,,2026-06-10
page.request.faultOptions.minOffAssignAfterNight.message,web,page.request.faultOptions.minOffAssignAfterNight.message,page.request,request,text,imported,,,,,,,,,나이트 근무 후에는 OFF를 {{count}}일 이상 권장해요.,"After a night shift, at least {{count}} OFF days are recommended.",夜勤後は休みを{{count}}日以上割り当てることを推奨します。,,2026-06-10
page.request.overview.bootstrapErrorDescription,web,page.request.overview.bootstrapErrorDescription,page.request,request,feedback,imported,,,,,,,,,계정 정보를 다시 확인해 주세요. 문제가 계속되면 다시 로그인해 주세요.,"Please verify your account information. If the issue continues, sign in again.",アカウント情報をもう一度確認してください。問題が続く場合は再ログインしてください。,,2026-06-19
page.request.overview.bootstrapErrorTitle,web,page.request.overview.bootstrapErrorTitle,page.request,request,accessibility,imported,,,,,,,,,병동 정보를 불러오지 못했어요,Failed to load ward information,病棟情報を読み込めませんでした,,2026-06-19
page.request.overview.bootstrapLoadingDescription,web,page.request.overview.bootstrapLoadingDescription,page.request,request,description,imported,,,,,,,,,병동 정보를 확인한 뒤 신청 근무 화면을 준비하고 있어요.,Checking your ward information and preparing the request shift page.,病棟情報を確認したあと、勤務希望画面を準備しています。,,2026-06-19
page.request.overview.bootstrapLoadingTitle,web,page.request.overview.bootstrapLoadingTitle,page.request,request,accessibility,imported,,,,,,,,,계정 정보를 확인하고 있어요,Checking account information,アカウント情報を確認しています,,2026-06-19
page.request.overview.createNextMonth,web,page.request.overview.createNextMonth,page.request,request,text,imported,,,,,,,,,다음 달 신청 근무 작성하기,Create next month request shifts,翌月の勤務希望を作成,,2026-06-19
page.request.overview.emptyDescription,web,page.request.overview.emptyDescription,page.request,request,description,imported,,,,,,,,,다음 달 신청 근무표를 먼저 열어 작성할 수 있어요.,Open next month request shift schedule first and start editing there.,翌月の勤務希望表を先に開いて作成できます。,,2026-06-19
page.request.overview.emptyTitle,web,page.request.overview.emptyTitle,page.request,request,accessibility,imported,,,,,,,,,이번 달 신청 근무표가 아직 없어요,There is no request shift schedule for this month yet,今月の勤務希望表はまだありません,,2026-06-19
page.request.overview.loadingDescription,web,page.request.overview.loadingDescription,page.request,request,description,imported,,,,,,,,,근무 팀과 신청 근무표를 순서대로 불러오고 있어요.,Loading the shift teams and request shift schedule in order.,勤務チームと勤務希望表を順番に読み込んでいます。,,2026-06-19
page.request.overview.loadingTitle,web,page.request.overview.loadingTitle,page.request,request,accessibility,imported,,,,,,,,,신청 근무 화면을 준비하고 있어요,Preparing the request shift page,勤務希望画面を準備しています,,2026-06-19
page.request.overview.noTeamsDescription,web,page.request.overview.noTeamsDescription,page.request,request,description,imported,,,,,,,,,신청 근무를 작성하려면 먼저 근무 팀을 등록해 주세요.,Register a shift team first to manage requested shifts.,勤務希望を作成するには、先に勤務チームを登録してください。,,2026-06-19
page.request.overview.noTeamsTitle,web,page.request.overview.noTeamsTitle,page.request,request,accessibility,imported,,,,,,,,,아직 등록된 팀이 없어요,There are no registered teams yet,まだ登録されたチームがありません,,2026-06-19
page.request.overview.shiftErrorTitle,web,page.request.overview.shiftErrorTitle,page.request,request,accessibility,imported,,,,,,,,,신청 근무표를 불러오지 못했어요,Failed to load the request shift schedule,勤務希望表を読み込めませんでした,,2026-06-19
page.request.overview.shiftLoadingDescription,web,page.request.overview.shiftLoadingDescription,page.request,request,description,imported,,,,,,,,,선택한 팀의 신청 근무와 신청 내역을 정리하고 있어요.,Organizing the selected team schedule and request list.,選択したチームの勤務希望と申請履歴を整理しています。,,2026-06-19
page.request.overview.shiftLoadingTitle,web,page.request.overview.shiftLoadingTitle,page.request,request,accessibility,imported,,,,,,,,,신청 근무표를 불러오는 중이에요,Loading the request shift schedule,勤務希望表を読み込み中です,,2026-06-19
page.request.overview.teamsErrorTitle,web,page.request.overview.teamsErrorTitle,page.request,request,accessibility,imported,,,,,,,,,근무 팀을 불러오지 못했어요,Failed to load shift teams,勤務チームを読み込めませんでした,,2026-06-19
page.request.panel.accept,web,page.request.panel.accept,page.request,request,text,imported,,,,,,,,,수락,Accept,承認,,2026-06-10
page.request.panel.acceptAll,web,page.request.panel.acceptAll,page.request,request,text,imported,,,,,,,,,대기 {{count}}건 반영,Accept {{count}} pending,待機{{count}}件を反映,,2026-06-10
page.request.panel.acceptedState,web,page.request.panel.acceptedState,page.request,request,text,imported,,,,,,,,,반영됨,Accepted,反映済み,,2026-06-10
page.request.panel.acceptedToast,web,page.request.panel.acceptedToast,page.request,request,feedback,imported,,,,,,,,,{{nurseName}} {{shiftType}} 근무 신청을 수락했어요.,{{nurseName}}'s {{shiftType}} request accepted.,{{nurseName}}さんの{{shiftType}}の勤務希望を承認しました。,,2026-06-10
page.request.panel.appliedCount,web,page.request.panel.appliedCount,page.request,request,text,imported,,,,,,,,,반영 {{count}},Applied {{count}},反映 {{count}},,2026-06-10
page.request.panel.appliedLabel,web,page.request.panel.appliedLabel,page.request,request,accessibility,imported,,,,,,,,,반영,Applied,反映,,2026-06-10
page.request.panel.changeToAccept,web,page.request.panel.changeToAccept,page.request,request,text,imported,,,,,,,,,반영으로 변경,Change to accept,反映に変更,,2026-06-10
page.request.panel.changeToReject,web,page.request.panel.changeToReject,page.request,request,text,imported,,,,,,,,,제외로 변경,Change to reject,除外に変更,,2026-06-10
page.request.panel.dateLabel,web,page.request.panel.dateLabel,page.request,request,accessibility,imported,,,,,,,,,{{month}}월 {{date}}일,{{month}}/{{date}},{{month}}月{{date}}日,,2026-06-10
page.request.panel.dayShortLabel,web,page.request.panel.dayShortLabel,page.request,request,accessibility,imported,,,,,,,,,{{date}}일,{{date}},{{date}}日,,2026-06-10
page.request.panel.dayType.holiday,web,page.request.panel.dayType.holiday,page.request,request,text,imported,,,,,,,,,공휴일,Holiday,祝日,,2026-06-10
page.request.panel.dayType.saturday,web,page.request.panel.dayType.saturday,page.request,request,text,imported,,,,,,,,,토요일,Saturday,土曜日,,2026-06-10
page.request.panel.dayType.sunday,web,page.request.panel.dayType.sunday,page.request,request,text,imported,,,,,,,,,일요일,Sunday,日曜日,,2026-06-10
page.request.panel.editTitle,web,page.request.panel.editTitle,page.request,request,accessibility,imported,,,,,,,,,근무 신청,Review requests,勤務希望,,2026-06-10
page.request.panel.emptyDescriptionEdit,web,page.request.panel.emptyDescriptionEdit,page.request,request,description,imported,,,ko|ja,,,,,,,Submitted requests will appear here so you can review them immediately.,,,2026-06-10
page.request.panel.emptyDescriptionReadonly,web,page.request.panel.emptyDescriptionReadonly,page.request,request,description,imported,,,,,,,,,반영된 신청이 생기면 이 패널에서 바로 확인할 수 있어요.,Accepted requests will appear in this panel.,反映済みの申請があると、このパネルですぐ確認できます。,,2026-06-10
page.request.panel.emptyTitleEdit,web,page.request.panel.emptyTitleEdit,page.request,request,accessibility,imported,,,,,,,,,"간호사가 보낸
신청근무 요청이 없어요",There are no submitted requests yet,"看護師からの
勤務希望申請は
ありません",,2026-06-19
page.request.panel.emptyTitleReadonly,web,page.request.panel.emptyTitleReadonly,page.request,request,accessibility,imported,,,,,,,,,아직 반영된 신청 근무가 없어요,There are no applied requested shifts yet,まだ反映済みの勤務希望はありません,,2026-06-10
page.request.panel.errorTitleEdit,web,page.request.panel.errorTitleEdit,page.request,request,accessibility,imported,,,,,,,,,신청 내역을 불러오지 못했어요,Failed to load request list,申請履歴を読み込めませんでした,,2026-06-10
page.request.panel.errorTitleReadonly,web,page.request.panel.errorTitleReadonly,page.request,request,accessibility,imported,,,,,,,,,반영된 신청 근무를 불러오지 못했어요,Failed to load applied requested shifts,反映済み勤務希望を読み込めませんでした,,2026-06-10
page.request.panel.excludedCount,web,page.request.panel.excludedCount,page.request,request,text,imported,,,,,,,,,제외 {{count}},Excluded {{count}},除外 {{count}},,2026-06-10
page.request.panel.excludedLabel,web,page.request.panel.excludedLabel,page.request,request,accessibility,imported,,,,,,,,,제외,Excluded,除外,,2026-06-10
page.request.panel.groupDone,web,page.request.panel.groupDone,page.request,request,text,imported,,,,,,,,,검토 완료,Reviewed,確認完了,,2026-06-10
page.request.panel.groupPendingCount,web,page.request.panel.groupPendingCount,page.request,request,text,imported,,,,,,,,,{{count}}명 검토 필요,{{count}} need review,{{count}}名確認必要,,2026-06-10
page.request.panel.groupRequestCaseCount,web,page.request.panel.groupRequestCaseCount,page.request,request,text,imported,,,,,,,,,{{count}}건,{{count}} requests,{{count}}件,,2026-06-10
page.request.panel.groupRequestCount,web,page.request.panel.groupRequestCount,page.request,request,text,imported,,,,,,,,,{{count}}명 신청,{{count}} requests,{{count}}名申請,,2026-06-10
page.request.panel.loadingDescriptionEdit,web,page.request.panel.loadingDescriptionEdit,page.request,request,description,imported,,,,,,,,,제출된 신청 근무를 확인하고 있어요.,Checking the submitted requested shifts.,提出された勤務希望を確認しています。,,2026-06-10
page.request.panel.loadingDescriptionReadonly,web,page.request.panel.loadingDescriptionReadonly,page.request,request,description,imported,,,,,,,,,반영된 신청 근무를 정리하고 있어요.,Organizing the accepted requested shifts.,反映済み勤務希望を整理しています。,,2026-06-10
page.request.panel.loadingTitleEdit,web,page.request.panel.loadingTitleEdit,page.request,request,accessibility,imported,,,,,,,,,신청 내역을 불러오는 중이에요,Loading request list,申請履歴を読み込み中です,,2026-06-10
page.request.panel.loadingTitleReadonly,web,page.request.panel.loadingTitleReadonly,page.request,request,accessibility,imported,,,,,,,,,반영된 신청 근무를 불러오는 중이에요,Loading applied requested shifts,反映済み勤務希望を読み込み中です,,2026-06-10
page.request.panel.monthShortLabel,web,page.request.panel.monthShortLabel,page.request,request,accessibility,imported,,,,,,,,,{{month}}월,M{{month}},{{month}}月,,2026-06-10
page.request.panel.notLinked,web,page.request.panel.notLinked,page.request,request,text,imported,,,,,,,,,표에 연결된 근무자 없음,No linked nurse on schedule,表に連携された看護師なし,,2026-06-10
page.request.panel.nurseDateLabel,web,page.request.panel.nurseDateLabel,page.request,request,accessibility,imported,,,,,,,,,{{nurseName}} / {{date}}일,{{nurseName}} / {{date}},{{nurseName}} / {{date}}日,,2026-06-10
page.request.panel.overlapBadge,web,page.request.panel.overlapBadge,page.request,request,text,imported,,,,,,,,,같은 근무 {{count}}명,{{count}} want this shift,同じ勤務 {{count}}名,,2026-06-10
page.request.panel.overlapSummary,web,page.request.panel.overlapSummary,page.request,request,text,imported,,,,,,,,,겹침 {{count}}개,{{count}} overlaps,重複 {{count}}件,,2026-06-10
page.request.panel.pendingCount,web,page.request.panel.pendingCount,page.request,request,text,imported,,,,,,,,,대기 {{count}},Pending {{count}},待機 {{count}},,2026-06-10
page.request.panel.pendingEmptyDescription,web,page.request.panel.pendingEmptyDescription,page.request,request,description,imported,,,,,,,,,반영하거나 제외하지 않은 신청만 여기에서 볼 수 있어요.,Only requests without an accept or reject decision appear here.,反映または除外していない申請だけがここに表示されます。,,2026-06-10
page.request.panel.pendingEmptyTitle,web,page.request.panel.pendingEmptyTitle,page.request,request,accessibility,imported,,,,,,,,,대기 중인 신청이 없어요,No pending requests,待機中の申請はありません,,2026-06-10
page.request.panel.pendingLabel,web,page.request.panel.pendingLabel,page.request,request,accessibility,imported,,,,,,,,,대기,Pending,待機,,2026-06-10
page.request.panel.readonlyTitle,web,page.request.panel.readonlyTitle,page.request,request,accessibility,imported,,,,,,,,,반영된 신청 근무,Applied requested shifts,反映済み勤務希望,,2026-06-10
page.request.panel.reject,web,page.request.panel.reject,page.request,request,text,imported,,,,,,,,,거절,Reject,却下,,2026-06-10
page.request.panel.rejectAll,web,page.request.panel.rejectAll,page.request,request,text,imported,,,,,,,,,대기 {{count}}건 제외,Reject {{count}} pending,待機{{count}}件を除外,,2026-06-10
page.request.panel.rejectedState,web,page.request.panel.rejectedState,page.request,request,text,imported,,,,,,,,,제외됨,Rejected,除外済み,,2026-06-10
page.request.panel.rejectedToast,web,page.request.panel.rejectedToast,page.request,request,feedback,imported,,,,,,,,,{{nurseName}} {{shiftType}} 근무 신청을 거절했어요.,{{nurseName}}'s {{shiftType}} request rejected.,{{nurseName}}さんの{{shiftType}}の勤務希望を却下しました。,,2026-06-10
page.request.panel.showLess,web,page.request.panel.showLess,page.request,request,text,imported,,,,,,,,,접기,Collapse,閉じる,,2026-06-10
page.request.panel.showMore,web,page.request.panel.showMore,page.request,request,text,imported,,,,,,,,,{{count}}건 더 보기,Show {{count}} more,{{count}}件もっと見る,,2026-06-10
page.request.panel.showNext,web,page.request.panel.showNext,page.request,request,text,imported,,,,,,,,,다음,Next,次へ,,2026-06-10
page.request.panel.showPrevious,web,page.request.panel.showPrevious,page.request,request,text,imported,,,,,,,,,이전,Previous,前へ,,2026-06-10
page.request.panel.sortByDate,web,page.request.panel.sortByDate,page.request,request,text,imported,,,,,,,,,날짜순,By date,日付順,,2026-06-10
page.request.panel.sortByNurse,web,page.request.panel.sortByNurse,page.request,request,text,imported,,,,,,,,,사람순,By nurse,看護師順,,2026-06-10
page.request.panel.sortByPending,web,page.request.panel.sortByPending,page.request,request,text,imported,,,,,,,,,대기,Pending,待機,,2026-06-10
page.request.panel.sortByRequestOrder,web,page.request.panel.sortByRequestOrder,page.request,request,text,imported,,,,,,,,,신청순,By request,申請順,,2026-06-10
page.request.panel.sortOrder,web,page.request.panel.sortOrder,page.request,request,text,imported,,,,,,,,,날짜순,Sorted by date,日付順,,2026-06-10
page.request.panel.summaryLabel,web,page.request.panel.summaryLabel,page.request,request,accessibility,imported,,,,,,,,,신청 처리 현황,Request processing summary,申請処理状況,,2026-06-10
page.request.panel.unresolvedCount,web,page.request.panel.unresolvedCount,page.request,request,text,imported,,,,,,,,,처리할 신청 {{count}}건,{{count}} unresolved requests,処理する申請 {{count}}件,,2026-06-10
page.request.panel.viewModeLabel,web,page.request.panel.viewModeLabel,page.request,request,accessibility,imported,,,,,,,,,신청 검토 정렬,Request review sorting,申請レビューの並び順,,2026-06-10
page.request.panel.viewOnCalendar,web,page.request.panel.viewOnCalendar,page.request,request,text,imported,,,,,,,,,표에서 위치 보기,View on schedule,表で位置を見る,,2026-06-10
page.request.panel.weekday.friday,web,page.request.panel.weekday.friday,page.request,request,text,imported,,,,,,,,,금요일,Friday,金曜日,,2026-06-10
page.request.panel.weekday.monday,web,page.request.panel.weekday.monday,page.request,request,text,imported,,,,,,,,,월요일,Monday,月曜日,,2026-06-10
page.request.panel.weekday.saturday,web,page.request.panel.weekday.saturday,page.request,request,text,imported,,,,,,,,,토요일,Saturday,土曜日,,2026-06-10
page.request.panel.weekday.sunday,web,page.request.panel.weekday.sunday,page.request,request,text,imported,,,,,,,,,일요일,Sunday,日曜日,,2026-06-10
page.request.panel.weekday.thursday,web,page.request.panel.weekday.thursday,page.request,request,text,imported,,,,,,,,,목요일,Thursday,木曜日,,2026-06-10
page.request.panel.weekday.tuesday,web,page.request.panel.weekday.tuesday,page.request,request,text,imported,,,,,,,,,화요일,Tuesday,火曜日,,2026-06-10
page.request.panel.weekday.wednesday,web,page.request.panel.weekday.wednesday,page.request,request,text,imported,,,,,,,,,수요일,Wednesday,水曜日,,2026-06-10
page.request.toolbar.editAction,web,page.request.toolbar.editAction,page.request,request,button,imported,,,,,,,,,수정하기,Edit,編集する,,2026-06-19
page.request.toolbar.editingDescription,web,page.request.toolbar.editingDescription,page.request,request,description,imported,,,,,,,,,신청을 누르면 근무표 위치로 이동해요. 바꾼 내용은 자동 저장돼요.,Changes are saved automatically. Finish with Save after syncing completes.,申請を押すと勤務表の位置へ移動します。変更内容は自動保存されます。,,2026-06-19
page.request.toolbar.editTitle,web,page.request.toolbar.editTitle,page.request,request,accessibility,imported,,,,,,,,,신청 근무를 확정해 주세요,Please confirm requested shifts,勤務希望を確定してください,,2026-06-19
page.request.toolbar.noTeamsLabel,web,page.request.toolbar.noTeamsLabel,page.request,request,accessibility,imported,,,,,,,,,팀을 등록하면 신청 근무를 쓸 수 있어요,No registered teams,チームを登録すると勤務希望を入力できます,,2026-06-19
page.request.toolbar.readonlyDescription,web,page.request.toolbar.readonlyDescription,page.request,request,description,imported,,,,,,,,,필요하면 수정하기로 신청 근무를 다시 조정할 수 있어요.,Press Edit to adjust the requested shifts right away.,必要に応じて「編集する」から勤務希望を調整できます。,,2026-06-19
page.request.toolbar.readonlyTitle,web,page.request.toolbar.readonlyTitle,page.request,request,accessibility,imported,,,,,,,,,{{month}}월 신청 근무,Confirmed requested shifts for {{month}},{{month}}月の確定勤務希望,,2026-06-19
page.request.toolbar.saveAction,web,page.request.toolbar.saveAction,page.request,request,button,imported,,,,,,,,,저장하기,Save,保存する,,2026-06-19
page.request.toolbar.savedDescription,web,page.request.toolbar.savedDescription,page.request,request,button,imported,,,,,,,,,최근 변경 사항을 저장했어요.,Your latest changes have been saved.,最新の変更内容を保存しました。,,2026-06-19
page.request.toolbar.saveError,web,page.request.toolbar.saveError,page.request,request,feedback,imported,,,,,,,,,최근 변경 사항을 저장하지 못했어요. 다시 저장해 주세요.,Failed to save the latest changes. Please try saving again.,最新の変更内容を保存できませんでした。もう一度保存してください。,,2026-06-19
page.request.toolbar.savingAction,web,page.request.toolbar.savingAction,page.request,request,button,imported,,,,,,,,,저장 중...,Saving...,保存中…,,2026-06-19
page.request.toolbar.savingDescription,web,page.request.toolbar.savingDescription,page.request,request,description,imported,,,,,,,,,최근 변경 사항을 저장하고 있어요.,Saving your latest changes.,最新の変更内容を保存しています。,,2026-06-19
page.state.emptyDescription,web,page.state.emptyDescription,page.state,state,description,imported,,,,,,,,,화면 안내에 따라 진행해 주세요.,Follow the on-screen guidance to continue.,画面の案内に沿って進めてください。,,2026-06-10
page.state.errorDescription,web,page.state.errorDescription,page.state,state,feedback,imported,,,,,,,,,잠시 후 다시 시도해 주세요. 문제가 계속되면 새로고침 후 다시 확인해 주세요.,"Please try again shortly. If the issue continues, refresh and check again.",しばらくしてからもう一度お試しください。問題が続く場合は、再読み込みして確認してください。,,2026-06-10
page.state.loadingDescription,web,page.state.loadingDescription,page.state,state,description,imported,,,,,,,,,잠시만 기다려 주세요.,Please wait a moment.,しばらくお待ちください。,,2026-06-10
page.state.loadingTitle,web,page.state.loadingTitle,page.state,state,accessibility,imported,,,,,,,,,화면을 준비하고 있어요,Preparing the screen,画面を準備しています,,2026-06-10
page.state.retry,web,page.state.retry,page.state,state,button,imported,,,,,,,,,다시 시도,Retry,再試行,,2026-06-10
page.wardAdmins.accountFallback,web,page.wardAdmins.accountFallback,page.wardAdmins,wardAdmins,text,imported,,,,,,,,,계정 #{{accountId}},Account #{{accountId}},アカウント #{{accountId}},,2026-06-10
page.wardAdmins.addAria,web,page.wardAdmins.addAria,page.wardAdmins,wardAdmins,accessibility,imported,,,,,,,,,관리자 추가,Add admin,管理者を追加,,2026-06-10
page.wardAdmins.emailPlaceholder,web,page.wardAdmins.emailPlaceholder,page.wardAdmins,wardAdmins,input,imported,,,,,,,,,이메일,Email,メールアドレス,,2026-06-10
page.wardAdmins.emptyAdmins,web,page.wardAdmins.emptyAdmins,page.wardAdmins,wardAdmins,text,imported,,,,,,,,,아직 등록된 관리자가 없어요.,No admins are registered yet.,まだ登録された管理者はいません。,,2026-06-10
page.wardAdmins.error.emailInvalid,web,page.wardAdmins.error.emailInvalid,page.wardAdmins,wardAdmins,feedback,imported,,,,,,,,,올바른 이메일을 입력해 주세요.,Enter a valid email address.,有効なメールアドレスを入力してください。,,2026-06-10
page.wardAdmins.error.emailRequired,web,page.wardAdmins.error.emailRequired,page.wardAdmins,wardAdmins,feedback,imported,,,,,,,,,이메일을 입력해 주세요.,Enter an email address.,メールアドレスを入力してください。,,2026-06-10
page.wardAdmins.error.maxAdmins,web,page.wardAdmins.error.maxAdmins,page.wardAdmins,wardAdmins,feedback,imported,,,,,,,,,병동 관리자는 최대 {{count}}명까지 추가할 수 있어요.,You can add up to {{count}} ward admins.,病棟管理者は最大{{count}}名まで追加できます。,,2026-06-10
page.wardAdmins.ownerOnlyDescription,web,page.wardAdmins.ownerOnlyDescription,page.wardAdmins,wardAdmins,description,imported,,,,,,,,,최고 관리자만 관리자 권한을 변경할 수 있어요.,Only the owner can change admin permissions.,オーナーのみ管理者権限を変更できます。,,2026-06-19
page.wardAdmins.registeredTitle,web,page.wardAdmins.registeredTitle,page.wardAdmins,wardAdmins,accessibility,imported,,,,,,,,,등록된 관리자,Registered admins,登録済み管理者,,2026-06-10
page.wardAdmins.removeActiveAria,web,page.wardAdmins.removeActiveAria,page.wardAdmins,wardAdmins,accessibility,imported,,,,,,,,,{{email}} 관리자 삭제,Remove admin {{email}},{{email}}の管理者を削除,,2026-06-10
page.wardAdmins.removeReservedAria,web,page.wardAdmins.removeReservedAria,page.wardAdmins,wardAdmins,accessibility,imported,,,,,,,,,{{email}} 예약 관리자 삭제,Remove reserved admin {{email}},{{email}}の予約管理者を削除,,2026-06-10
page.wardAdmins.role.editor,web,page.wardAdmins.role.editor,page.wardAdmins,wardAdmins,text,imported,,,,,,,,,관리자,Admin,管理者,,2026-06-10
page.wardAdmins.role.owner,web,page.wardAdmins.role.owner,page.wardAdmins,wardAdmins,text,imported,,,,,,,,,최고 관리자,Owner,オーナー,,2026-06-19
page.wardAdmins.state.loadFailedTitle,web,page.wardAdmins.state.loadFailedTitle,page.wardAdmins,wardAdmins,accessibility,imported,,,,,,,,,관리자 목록을 불러오지 못했어요,Could not load the admin list,管理者一覧を読み込めませんでした,,2026-06-10
page.wardAdmins.state.noWardDescription,web,page.wardAdmins.state.noWardDescription,page.wardAdmins,wardAdmins,description,imported,,,,,,,,,새 병동을 만들거나 기존 병동에 들어간 뒤 관리자 관리를 사용할 수 있어요.,Create a ward or join an existing ward to manage admins.,新しい病棟を作成するか既存の病棟に参加すると、管理者管理を利用できます。,,2026-06-10
page.wardAdmins.state.noWardTitle,web,page.wardAdmins.state.noWardTitle,page.wardAdmins,wardAdmins,accessibility,imported,,,,,,,,,관리 중인 병동이 없어요,No ward is currently managed,管理中の病棟がありません,,2026-06-10
page.wardAdmins.state.retry,web,page.wardAdmins.state.retry,page.wardAdmins,wardAdmins,button,imported,,,,,,,,,다시 시도,Retry,再試行,,2026-06-10
page.wardAdmins.state.retryDescription,web,page.wardAdmins.state.retryDescription,page.wardAdmins,wardAdmins,button,imported,,,,,,,,,잠시 후 다시 시도해 주세요.,Please try again shortly.,しばらくしてから再度お試しください。,,2026-06-10
page.wardAdmins.title,web,page.wardAdmins.title,page.wardAdmins,wardAdmins,accessibility,imported,,,,,,,,,병동 관리자,Ward admins,病棟管理者,,2026-06-10
page.wardAdmins.toast.createActive,web,page.wardAdmins.toast.createActive,page.wardAdmins,wardAdmins,feedback,imported,,,,,,,,,관리자를 등록했어요.,Registered the admin.,管理者を登録しました。,,2026-06-10
page.wardAdmins.toast.createFailed,web,page.wardAdmins.toast.createFailed,page.wardAdmins,wardAdmins,feedback,imported,,,,,,,,,관리자를 등록하지 못했어요.,Could not register the admin.,管理者を登録できませんでした。,,2026-06-10
page.wardAdmins.toast.createReserved,web,page.wardAdmins.toast.createReserved,page.wardAdmins,wardAdmins,feedback,imported,,,,,,,,,관리자 이메일을 예약했어요.,Reserved the admin email.,管理者メールを予約しました。,,2026-06-10
page.wardAdmins.toast.duplicateEmail,web,page.wardAdmins.toast.duplicateEmail,page.wardAdmins,wardAdmins,feedback,imported,,,,,,,,,이미 등록된 관리자 이메일이에요.,This admin email is already registered.,すでに登録されている管理者メールです。,,2026-06-10
page.wardAdmins.toast.ownerOnly,web,page.wardAdmins.toast.ownerOnly,page.wardAdmins,wardAdmins,feedback,imported,,,,,,,,,최고 관리자만 변경할 수 있어요.,Only the owner can make this change.,オーナーのみ変更できます。,,2026-06-19
page.wardAdmins.toast.removeActive,web,page.wardAdmins.toast.removeActive,page.wardAdmins,wardAdmins,feedback,imported,,,,,,,,,관리자를 삭제했어요.,Removed the admin.,管理者を削除しました。,,2026-06-10
page.wardAdmins.toast.removeActiveFailed,web,page.wardAdmins.toast.removeActiveFailed,page.wardAdmins,wardAdmins,feedback,imported,,,,,,,,,관리자를 삭제하지 못했어요.,Could not remove the admin.,管理者を削除できませんでした。,,2026-06-10
page.wardAdmins.toast.removeReserved,web,page.wardAdmins.toast.removeReserved,page.wardAdmins,wardAdmins,feedback,imported,,,,,,,,,예약된 관리자 이메일을 삭제했어요.,Removed the reserved admin email.,予約された管理者メールを削除しました。,,2026-06-10
page.wardAdmins.toast.removeReservedFailed,web,page.wardAdmins.toast.removeReservedFailed,page.wardAdmins,wardAdmins,feedback,imported,,,,,,,,,예약된 관리자 이메일을 삭제하지 못했어요.,Could not remove the reserved admin email.,予約された管理者メールを削除できませんでした。,,2026-06-10
page.wardInfoSettings.hospitalName,web,page.wardInfoSettings.hospitalName,page.wardInfoSettings,wardInfoSettings,description,imported,,,,,,,,,병원명,Hospital name,病院名,,2026-06-10
page.wardInfoSettings.hospitalNamePlaceholder,web,page.wardInfoSettings.hospitalNamePlaceholder,page.wardInfoSettings,wardInfoSettings,input,imported,,,,,,,,,병원명을 입력하세요,Enter hospital name,病院名を入力してください,,2026-06-10
page.wardInfoSettings.save,web,page.wardInfoSettings.save,page.wardInfoSettings,wardInfoSettings,button,imported,,,,,,,,,변경사항 저장,Save changes,変更を保存,,2026-06-10
page.wardInfoSettings.saving,web,page.wardInfoSettings.saving,page.wardInfoSettings,wardInfoSettings,description,imported,,,,,,,,,저장 중...,Saving...,保存中…,,2026-06-10
page.wardInfoSettings.sectionTitle,web,page.wardInfoSettings.sectionTitle,page.wardInfoSettings,wardInfoSettings,accessibility,imported,,,,,,,,,병동 정보,Ward information,病棟情報,,2026-06-10
page.wardInfoSettings.state.loadFailedTitle,web,page.wardInfoSettings.state.loadFailedTitle,page.wardInfoSettings,wardInfoSettings,accessibility,imported,,,,,,,,,병동 정보를 불러오지 못했어요,Could not load ward information,病棟情報を読み込めませんでした,,2026-06-10
page.wardInfoSettings.state.loadingTitle,web,page.wardInfoSettings.state.loadingTitle,page.wardInfoSettings,wardInfoSettings,accessibility,imported,,,,,,,,,병동 정보를 불러오고 있어요,Loading ward information,病棟情報を読み込んでいます,,2026-06-10
page.wardInfoSettings.state.noWardDescription,web,page.wardInfoSettings.state.noWardDescription,page.wardInfoSettings,wardInfoSettings,description,imported,,,,,,,,,병동에 입장하거나 새 병동을 만든 뒤 병동 설정을 수정할 수 있어요.,Join a ward or create a new ward before editing ward settings.,病棟に参加するか新しい病棟を作成すると、病棟設定を編集できます。,,2026-06-10
page.wardInfoSettings.state.noWardTitle,web,page.wardInfoSettings.state.noWardTitle,page.wardInfoSettings,wardInfoSettings,accessibility,imported,,,,,,,,,병동 연결이 필요해요,Ward connection required,病棟との連携が必要です,,2026-06-10
page.wardInfoSettings.state.retry,web,page.wardInfoSettings.state.retry,page.wardInfoSettings,wardInfoSettings,button,imported,,,,,,,,,다시 시도,Retry,再試行,,2026-06-10
page.wardInfoSettings.state.retryDescription,web,page.wardInfoSettings.state.retryDescription,page.wardInfoSettings,wardInfoSettings,button,imported,,,,,,,,,잠시 후 다시 시도해 주세요.,Please try again shortly.,しばらくしてから再度お試しください。,,2026-06-10
page.wardInfoSettings.title,web,page.wardInfoSettings.title,page.wardInfoSettings,wardInfoSettings,accessibility,imported,,,,,,,,,병동 설정,Ward settings,病棟設定,,2026-06-10
page.wardInfoSettings.toast.saveFailed,web,page.wardInfoSettings.toast.saveFailed,page.wardInfoSettings,wardInfoSettings,feedback,imported,,,,,,,,,병동 정보를 저장하지 못했어요.,Could not save ward information.,病棟情報を保存できませんでした。,,2026-06-10
page.wardInfoSettings.toast.saveSuccess,web,page.wardInfoSettings.toast.saveSuccess,page.wardInfoSettings,wardInfoSettings,feedback,imported,,,,,,,,,병동 정보를 저장했어요.,Saved ward information.,病棟情報を保存しました。,,2026-06-10
page.wardInfoSettings.validation.invalid,web,page.wardInfoSettings.validation.invalid,page.wardInfoSettings,wardInfoSettings,description,imported,,,,,,,,,"{{label}}은 {{count}}자 이하, 한글/영문/일문/숫자만 입력할 수 있어요.","{{label}} must be {{count}} characters or fewer and use Korean, English, Japanese, or numbers.",{{label}}は{{count}}文字以内で、韓国語・英語・日本語・数字のみ使用できます。,,2026-06-10
page.wardInfoSettings.validation.required,web,page.wardInfoSettings.validation.required,page.wardInfoSettings,wardInfoSettings,description,imported,,,,,,,,,{{label}}을 입력해 주세요.,Enter {{label}}.,{{label}}を入力してください。,,2026-06-10
page.wardInfoSettings.wardName,web,page.wardInfoSettings.wardName,page.wardInfoSettings,wardInfoSettings,description,imported,,,,,,,,,병동명,Ward name,病棟名,,2026-06-10
page.wardInfoSettings.wardNamePlaceholder,web,page.wardInfoSettings.wardNamePlaceholder,page.wardInfoSettings,wardInfoSettings,input,imported,,,,,,,,,병동명을 입력하세요,Enter ward name,病棟名を入力してください,,2026-06-10
page.wardSettings.addShiftType,web,page.wardSettings.addShiftType,page.wardSettings,wardSettings,text,imported,,,,,,,,,근무 추가하기,Add shift type,勤務を追加,,2026-06-10
page.wardSettings.constraints.apply,web,page.wardSettings.constraints.apply,page.wardSettings,wardSettings,text,imported,,,,,,,,,근무표 적용,Applied to schedule,勤務表に適用,,2026-06-10
page.wardSettings.constraints.column.rule,web,page.wardSettings.constraints.column.rule,page.wardSettings,wardSettings,text,imported,,,,,,,,,제약 조건,Constraint,制約条件,,2026-06-10
page.wardSettings.constraints.column.status,web,page.wardSettings.constraints.column.status,page.wardSettings,wardSettings,text,imported,,,,,,,,,적용 여부,Status,適用状態,,2026-06-10
page.wardSettings.constraints.column.value,web,page.wardSettings.constraints.column.value,page.wardSettings,wardSettings,text,imported,,,,,,,,,기준,Value,基準,,2026-06-10
page.wardSettings.constraints.error,web,page.wardSettings.constraints.error,page.wardSettings,wardSettings,feedback,imported,,,,,,,,,제약 조건을 불러오지 못했어요,Failed to load constraints.,制約条件を読み込めませんでした,,2026-06-10
page.wardSettings.constraints.exclude,web,page.wardSettings.constraints.exclude,page.wardSettings,wardSettings,text,imported,,,,,,,,,근무표 미적용,Excluded from schedule,勤務表に未適用,,2026-06-10
page.wardSettings.constraints.loading,web,page.wardSettings.constraints.loading,page.wardSettings,wardSettings,text,imported,,,,,,,,,제약 조건을 불러오는 중이에요,Loading constraints,制約条件を読み込んでいます,,2026-06-10
page.wardSettings.constraints.noTeamsDescription,web,page.wardSettings.constraints.noTeamsDescription,page.wardSettings,wardSettings,description,imported,,,,,,,,,제약 조건을 관리하려면 먼저 근무팀을 만들어 주세요.,Create a shift team before managing constraints.,制約条件を管理するには、先に勤務チームを作成してください。,,2026-06-10
page.wardSettings.constraints.noTeamsTitle,web,page.wardSettings.constraints.noTeamsTitle,page.wardSettings,wardSettings,accessibility,imported,,,,,,,,,등록된 근무팀이 없어요,No shift teams found.,登録された勤務チームがありません,,2026-06-10
page.wardSettings.constraints.teamDescription,web,page.wardSettings.constraints.teamDescription,page.wardSettings,wardSettings,description,imported,,,,,,,,,제약 조건은 근무팀별로 관리돼요.,Constraints are managed per shift team.,制約条件は勤務チームごとに管理します。,,2026-06-10
page.wardSettings.constraints.teamLabel,web,page.wardSettings.constraints.teamLabel,page.wardSettings,wardSettings,accessibility,imported,,,,,,,,,대상 팀,Team,対象チーム,,2026-06-10
page.wardSettings.description.constraints,web,page.wardSettings.description.constraints,page.wardSettings,wardSettings,description,imported,,,,,,,,,근무 규칙을 관리해요.,Manage scheduling constraints.,勤務条件を管理します。,,2026-06-19
page.wardSettings.description.shiftTypes,web,page.wardSettings.description.shiftTypes,page.wardSettings,wardSettings,description,imported,,,,,,,,,근무 유형을 관리해요.,Manage shift types.,勤務区分を管理します。,,2026-06-10
page.wardSettings.shiftTypes.add,web,page.wardSettings.shiftTypes.add,page.wardSettings,wardSettings,text,imported,,,,,,,,,근무 유형 추가하기,Add shift type,勤務区分を追加,,2026-06-10
page.wardSettings.shiftTypes.colorOptionAria,web,page.wardSettings.shiftTypes.colorOptionAria,page.wardSettings,wardSettings,accessibility,imported,,,,,,,,,{{color}} 선택,Select {{color}},{{color}}を選択,,2026-06-10
page.wardSettings.shiftTypes.colorSelectAria,web,page.wardSettings.shiftTypes.colorSelectAria,page.wardSettings,wardSettings,accessibility,imported,,,,,,,,,{{name}} 색상 선택,Select color for {{name}},{{name}}の色を選択,,2026-06-10
page.wardSettings.shiftTypes.column.color,web,page.wardSettings.shiftTypes.column.color,page.wardSettings,wardSettings,text,imported,,,,,,,,,색상,Color,色,,2026-06-10
page.wardSettings.shiftTypes.column.name,web,page.wardSettings.shiftTypes.column.name,page.wardSettings,wardSettings,text,imported,,,,,,,,,근무명,Name,勤務名,,2026-06-10
page.wardSettings.shiftTypes.column.shortName,web,page.wardSettings.shiftTypes.column.shortName,page.wardSettings,wardSettings,text,imported,,,,,,,,,약자,Abbr.,略称,,2026-06-10
page.wardSettings.shiftTypes.column.type,web,page.wardSettings.shiftTypes.column.type,page.wardSettings,wardSettings,text,imported,,,,,,,,,유형,Type,区分,,2026-06-10
page.wardSettings.shiftTypes.column.workTime,web,page.wardSettings.shiftTypes.column.workTime,page.wardSettings,wardSettings,text,imported,,,,,,,,,근무 시간,Work time,勤務時間,,2026-06-10
page.wardSettings.shiftTypes.deleteAria,web,page.wardSettings.shiftTypes.deleteAria,page.wardSettings,wardSettings,accessibility,imported,,,,,,,,,{{name}} 삭제,Delete {{name}},{{name}}を削除,,2026-06-10
page.wardSettings.shiftTypes.editAria,web,page.wardSettings.shiftTypes.editAria,page.wardSettings,wardSettings,accessibility,imported,,,,,,,,,{{name}} 근무 유형 수정,Edit shift type {{name}},{{name}}の勤務区分を編集,,2026-06-10
page.wardSettings.shiftTypes.empty,web,page.wardSettings.shiftTypes.empty,page.wardSettings,wardSettings,text,imported,,,,,,,,,등록된 근무 유형이 없어요,No shift types found.,登録された勤務区分がありません,,2026-06-10
page.wardSettings.shiftTypes.error,web,page.wardSettings.shiftTypes.error,page.wardSettings,wardSettings,feedback,imported,,,,,,,,,근무 유형을 불러오지 못했어요,Failed to load shift types.,勤務区分を読み込めませんでした,,2026-06-10
page.wardSettings.shiftTypes.loading,web,page.wardSettings.shiftTypes.loading,page.wardSettings,wardSettings,text,imported,,,,,,,,,근무 유형을 불러오는 중이에요,Loading shift types,勤務区分を読み込んでいます,,2026-06-10
page.wardSettings.shiftTypes.newShiftName,web,page.wardSettings.shiftTypes.newShiftName,page.wardSettings,wardSettings,text,imported,,,,,,,,,새 근무,New shift,新しい勤務,,2026-06-10
page.wardSettings.shiftTypes.save,web,page.wardSettings.shiftTypes.save,page.wardSettings,wardSettings,button,imported,,,,,,,,,저장하기,Save,保存,,2026-06-10
page.wardSettings.shiftTypes.toast.addFailed,web,page.wardSettings.shiftTypes.toast.addFailed,page.wardSettings,wardSettings,feedback,imported,,,,,,,,,근무 유형을 추가하지 못했어요.,Could not add the shift type.,勤務区分を追加できませんでした。,,2026-06-10
page.wardSettings.shiftTypes.toast.deleteFailed,web,page.wardSettings.shiftTypes.toast.deleteFailed,page.wardSettings,wardSettings,feedback,imported,,,,,,,,,근무 유형을 삭제하지 못했어요.,Could not delete the shift type.,勤務区分を削除できませんでした。,,2026-06-10
page.wardSettings.shiftTypes.toast.notFound,web,page.wardSettings.shiftTypes.toast.notFound,page.wardSettings,wardSettings,feedback,imported,,,,,,,,,이미 삭제했거나 최신 목록에서 찾을 수 없는 근무 유형이에요.,This shift type was already deleted or cannot be found in the latest list.,すでに削除されたか、最新リストで見つからない勤務区分です。,,2026-06-10
page.wardSettings.shiftTypes.toast.saveSuccess,web,page.wardSettings.shiftTypes.toast.saveSuccess,page.wardSettings,wardSettings,feedback,imported,,,,,,,,,근무 설정을 저장했어요.,Saved duty settings.,勤務設定を保存しました。,,2026-06-18
page.wardSettings.shiftTypes.toast.updateFailed,web,page.wardSettings.shiftTypes.toast.updateFailed,page.wardSettings,wardSettings,feedback,imported,,,,,,,,,근무 유형을 수정하지 못했어요.,Could not update the shift type.,勤務区分を更新できませんでした。,,2026-06-10
page.wardSettings.shiftTypes.validation.nameDuplicate,web,page.wardSettings.shiftTypes.validation.nameDuplicate,page.wardSettings,wardSettings,text,imported,,,,,,,,,다른 근무명을 입력해 주세요.,Use a different shift name.,別の勤務名を入力してください。,,2026-06-10
page.wardSettings.shiftTypes.validation.nameRequired,web,page.wardSettings.shiftTypes.validation.nameRequired,page.wardSettings,wardSettings,text,imported,,,,,,,,,근무명을 입력해 주세요.,Enter a shift name.,勤務名を入力してください。,,2026-06-10
page.wardSettings.shiftTypes.validation.shortNameDuplicate,web,page.wardSettings.shiftTypes.validation.shortNameDuplicate,page.wardSettings,wardSettings,text,imported,,,,,,,,,약자의 첫 글자가 겹치지 않게 입력해 주세요.,Use a different first letter.,略称の最初の文字が重ならないようにしてください。,,2026-06-10
page.wardSettings.shiftTypes.validation.shortNameFirstKey,web,page.wardSettings.shiftTypes.validation.shortNameFirstKey,page.wardSettings,wardSettings,text,imported,,,,,,,,,"첫 글자는 영문, 숫자, 기호(- . _ 등)로 입력해 주세요.","Start with a letter, number, or symbol like -, ., _.",最初の文字は英字、数字、記号（- . _ など）で入力してください。,,2026-06-18
page.wardSettings.shiftTypes.validation.shortNameLength,web,page.wardSettings.shiftTypes.validation.shortNameLength,page.wardSettings,wardSettings,text,imported,,,,,,,,,공백 없이 3글자까지 입력해 주세요.,Use up to 3 characters without spaces.,スペースなしで3文字まで入力してください。,,2026-06-18
page.wardSettings.shiftTypes.validation.shortNameRequired,web,page.wardSettings.shiftTypes.validation.shortNameRequired,page.wardSettings,wardSettings,text,imported,,,,,,,,,약자를 입력해 주세요.,Enter an abbreviation.,略称を入力してください。,,2026-06-10
page.wardSettings.shiftTypes.validation.timeFormat,web,page.wardSettings.shiftTypes.validation.timeFormat,page.wardSettings,wardSettings,text,imported,,,,,,,,,시간은 00:00 형식으로 입력해 주세요.,Use the 00:00 time format.,時間は00:00形式で入力してください。,,2026-06-10
page.wardSettings.shiftTypes.validation.timeRequired,web,page.wardSettings.shiftTypes.validation.timeRequired,page.wardSettings,wardSettings,text,imported,,,,,,,,,시간을 입력해 주세요.,Enter the time.,時間を入力してください。,,2026-06-10
page.wardSettings.shiftTypes.validation.timeSame,web,page.wardSettings.shiftTypes.validation.timeSame,page.wardSettings,wardSettings,text,imported,,,,,,,,,시작/종료 시간을 다르게 입력해 주세요.,Use different start and end times.,開始時間と終了時間は別にしてください。,,2026-06-10
page.wardSettings.tabs.constraints,web,page.wardSettings.tabs.constraints,page.wardSettings,wardSettings,text,imported,,,,,,,,,제약 조건,Constraints,制約条件,,2026-06-10
page.wardSettings.tabs.shiftTypes,web,page.wardSettings.tabs.shiftTypes,page.wardSettings,wardSettings,text,imported,,,,,,,,,근무 유형,Shift types,勤務区分,,2026-06-10
page.wardSettings.title,web,page.wardSettings.title,page.wardSettings,wardSettings,accessibility,imported,,,,,,,,,근무 설정,Duty management,勤務設定,,2026-06-10
page.wardSettings.type.leave,web,page.wardSettings.type.leave,page.wardSettings,wardSettings,text,imported,,,,,,,,,휴무,Leave,休み,,2026-06-10
page.wardSettings.type.work,web,page.wardSettings.type.work,page.wardSettings,wardSettings,text,imported,,,,,,,,,근무,Work,勤務,,2026-06-10
shared.api.requestFailed,web,shared.api.requestFailed,shared.api,shared,feedback,imported,,,,,,,,,문제가 생겼어요. 다시 시도해 주세요.,Something went wrong. Please try again.,問題が発生しました。もう一度お試しください。,,2026-06-10
shared.api.unknownError,web,shared.api.unknownError,shared.api,shared,feedback,imported,,,,,,,,,알 수 없는 오류가 발생했어요.,An unknown error occurred.,不明なエラーが発生しました。,,2026-06-10
shared.confirmActionDialog.cancel,web,shared.confirmActionDialog.cancel,shared.confirmActionDialog,shared,button,imported,,,,,,,,,취소,Cancel,キャンセル,,2026-06-10
shared.confirmActionDialog.close,web,shared.confirmActionDialog.close,shared.confirmActionDialog,shared,button,imported,,,,,,,,,닫기,Close,閉じる,,2026-06-10
widget.requestTutorial.listInfo,web,widget.requestTutorial.listInfo,widget.requestTutorial,requestTutorial,description,imported,,,,,,,,,간호사들이 신청한 근무를 여기서 한 번에 볼 수 있어요.,You can review nurses’ requested shifts in one place.,看護師が申請した勤務希望をここでまとめて確認できます。,,2026-06-10
widget.requestTutorial.listTitle,web,widget.requestTutorial.listTitle,widget.requestTutorial,requestTutorial,accessibility,imported,,,,,,,,,오른쪽에서 신청근무를 확인해요,Review shift requests on the right,右側で勤務希望を確認,,2026-06-10
widget.requestTutorial.pendingInfo,web,widget.requestTutorial.pendingInfo,widget.requestTutorial,requestTutorial,description,imported,,,,,,,,,남은 대기를 여기서 한 번에 볼 수 있어요.,You can gather remaining pending requests here.,残っている待機申請をここでまとめて確認できます。,,2026-06-10
widget.requestTutorial.pendingTitle,web,widget.requestTutorial.pendingTitle,widget.requestTutorial,requestTutorial,accessibility,imported,,,,,,,,,대기 신청만 모아 볼 수 있어요,View only pending requests,待機中の申請だけを表示できます,,2026-06-10
widget.tutorialInfoBox.done,web,widget.tutorialInfoBox.done,widget.tutorialInfoBox,tutorialInfoBox,description,imported,,,,,,,,,완료,Done,完了,,2026-06-10
widget.tutorialInfoBox.next,web,widget.tutorialInfoBox.next,widget.tutorialInfoBox,tutorialInfoBox,description,imported,,,,,,,,,다음,Next,次へ,,2026-06-10
widget.tutorialInfoBox.previous,web,widget.tutorialInfoBox.previous,widget.tutorialInfoBox,tutorialInfoBox,description,imported,,,,,,,,,이전,Previous,戻る,,2026-06-10
widget.wardChat.closeAria,web,widget.wardChat.closeAria,widget.wardChat,wardChat,accessibility,imported,,,,,,,,,병동톡 닫기,Close ward chat,病棟チャットを閉じる,,2026-06-10
widget.wardChat.conversationStart,web,widget.wardChat.conversationStart,widget.wardChat,wardChat,text,imported,,,,,,,,,대화의 시작,Start of conversation,会話の始まり,,2026-06-10
widget.wardChat.deletedMessage,web,widget.wardChat.deletedMessage,widget.wardChat,wardChat,button,imported,,,,,,,,,삭제된 메시지입니다,This message was deleted,削除されたメッセージです,,2026-06-10
widget.wardChat.inputPlaceholder,web,widget.wardChat.inputPlaceholder,widget.wardChat,wardChat,input,imported,,,,,,,,,메시지 입력,Enter a message,メッセージを入力,,2026-06-10
widget.wardChat.loadOlder,web,widget.wardChat.loadOlder,widget.wardChat,wardChat,text,imported,,,,,,,,,이전 메시지,Previous messages,以前のメッセージ,,2026-06-10
widget.wardChat.openAria,web,widget.wardChat.openAria,widget.wardChat,wardChat,accessibility,imported,,,,,,,,,병동톡 열기,Open ward chat,病棟チャットを開く,,2026-06-10
widget.wardChat.openWithUnreadAria,web,widget.wardChat.openWithUnreadAria,widget.wardChat,wardChat,accessibility,imported,,,,,,,,,"병동톡 열기, 읽지 않은 메시지 {{count}}개","Open ward chat, {{count}} unread messages",病棟チャットを開く、未読メッセージ{{count}}件,,2026-06-10
widget.wardChat.sendAria,web,widget.wardChat.sendAria,widget.wardChat,wardChat,accessibility,imported,,,,,,,,,메시지 보내기,Send message,メッセージを送信,,2026-06-10
widget.wardChat.state.emptyDescription,web,widget.wardChat.state.emptyDescription,widget.wardChat,wardChat,description,imported,,,,,,,,,첫 메시지를 남겨보세요.,Leave the first message.,最初のメッセージを送ってみましょう。,,2026-06-10
widget.wardChat.state.emptyTitle,web,widget.wardChat.state.emptyTitle,widget.wardChat,wardChat,accessibility,imported,,,,,,,,,아직 대화가 없어요.,No conversation yet.,まだ会話がありません。,,2026-06-10
widget.wardChat.state.loadFailed,web,widget.wardChat.state.loadFailed,widget.wardChat,wardChat,feedback,imported,,,,,,,,,대화를 불러오지 못했어요.,Could not load the conversation.,会話を読み込めませんでした。,,2026-06-10
widget.wardChat.state.retry,web,widget.wardChat.state.retry,widget.wardChat,wardChat,button,imported,,,,,,,,,다시 시도,Retry,再試行,,2026-06-10
widget.wardChat.subtitle,web,widget.wardChat.subtitle,widget.wardChat,wardChat,accessibility,imported,,,,,,,,,병동 인원 채팅,Ward member chat,病棟メンバーのチャット,,2026-06-10
widget.wardChat.title,web,widget.wardChat.title,widget.wardChat,wardChat,accessibility,imported,,,,,,,,,병동톡,Ward chat,病棟チャット,,2026-06-10
widget.wardChat.toast.sendFailed,web,widget.wardChat.toast.sendFailed,widget.wardChat,wardChat,feedback,imported,,,,,,,,,메시지를 보내지 못했어요.,Could not send the message.,メッセージを送信できませんでした。,,2026-06-10
widget.wardCodeGuide.benefits.appApply.description,web,widget.wardCodeGuide.benefits.appApply.description,widget.wardCodeGuide,wardCodeGuide,description,imported,,,,,,,,,"간호사가 듀팅 앱에서 휴무 신청과 신청근무 요청을 보내면
수간호사는 한 화면에서 확인해요.","When nurses send off-day and shift requests in the Dutying app,
head nurses can review them in one place.","看護師がDutyingアプリで休み希望や勤務希望を送ると、
管理者は一画面で確認できます。",,2026-06-10
widget.wardCodeGuide.benefits.appApply.title,web,widget.wardCodeGuide.benefits.appApply.title,widget.wardCodeGuide,wardCodeGuide,accessibility,imported,,,,,,,,,간호사가 앱에서 바로 신청해요,Nurses can request shifts in the app,看護師がアプリからすぐ申請できます,,2026-06-10
widget.wardCodeGuide.benefits.board.description,web,widget.wardCodeGuide.benefits.board.description,widget.wardCodeGuide,wardCodeGuide,description,imported,,,,,,,,,"공지, 인수인계, 안내 글을 올리고 확인 여부와 댓글 흐름을 볼 수 있어요.","Post notices, handoffs, and guides while tracking checks and comment flow.",お知らせ、申し送り、案内文を投稿し、確認状況とコメントの流れを確認できます。,,2026-06-10
widget.wardCodeGuide.benefits.board.title,web,widget.wardCodeGuide.benefits.board.title,widget.wardCodeGuide,wardCodeGuide,accessibility,imported,,,,,,,,,게시판 공지 확인까지 챙겨요,Keep ward notices visible,掲示板のお知らせ確認まで管理,,2026-06-10
widget.wardCodeGuide.benefits.chat.description,web,widget.wardCodeGuide.benefits.chat.description,widget.wardCodeGuide,wardCodeGuide,description,imported,,,,,,,,,"근무 변경, 긴급 공지, 당일 조율을 병동 구성원과 바로 이야기해요.","Discuss shift changes, urgent notices, and same-day coordination with ward members.",勤務変更、緊急連絡、当日の調整を病棟メンバーとすぐ話せます。,,2026-06-10
widget.wardCodeGuide.benefits.chat.title,web,widget.wardCodeGuide.benefits.chat.title,widget.wardCodeGuide,wardCodeGuide,accessibility,imported,,,,,,,,,병동채팅으로 빠르게 맞춰요,Coordinate quickly in ward chat,病棟チャットですばやく調整,,2026-06-10
widget.wardCodeGuide.benefits.scheduleShare.description,web,widget.wardCodeGuide.benefits.scheduleShare.description,widget.wardCodeGuide,wardCodeGuide,description,imported,,,,,,,,,근무표를 게시하면 연결된 간호사가 앱에서 바로 확인할 수 있어요.,"When you publish a schedule, connected nurses can check it in the app right away.",勤務表を公開すると、連携済みの看護師がアプリですぐ確認できます。,,2026-06-10
widget.wardCodeGuide.benefits.scheduleShare.title,web,widget.wardCodeGuide.benefits.scheduleShare.title,widget.wardCodeGuide,wardCodeGuide,accessibility,imported,,,,,,,,,확정 근무표를 바로 공유해요,Share confirmed schedules instantly,確定勤務表をすぐ共有できます,,2026-06-10
widget.wardCodeGuide.closeAria,web,widget.wardCodeGuide.closeAria,widget.wardCodeGuide,wardCodeGuide,accessibility,imported,,,,,,,,,병동코드 안내 닫기,Close ward code guide,病棟コード案内を閉じる,,2026-06-10
widget.wardCodeGuide.copyAria,web,widget.wardCodeGuide.copyAria,widget.wardCodeGuide,wardCodeGuide,accessibility,imported,,,,,,,,,병동 코드 복사,Copy ward code,病棟コードをコピー,,2026-06-10
widget.wardCodeGuide.description,web,widget.wardCodeGuide.description,widget.wardCodeGuide,wardCodeGuide,description,imported,,,,,,,,,간호사가 듀팅 앱에서 이 코드를 입력하면 병동에 연동돼요.,Nurses can connect to the ward by entering this code in the Dutying app.,看護師がDutyingアプリでこのコードを入力すると、病棟に連携されます。,,2026-06-10
widget.wardCodeGuide.participationGuide,web,widget.wardCodeGuide.participationGuide,widget.wardCodeGuide,wardCodeGuide,text,imported,,,,,,,,,"듀팅 앱에서 병동 참여를 누르고
듀팅 병동코드를 입력하면 돼요.","In the Dutying app, tap Join ward
and enter the Dutying ward code.","Dutyingアプリで病棟参加をタップし、
Dutying病棟コードを入力してください。",,2026-06-10
widget.wardCodeGuide.participationGuideAria,web,widget.wardCodeGuide.participationGuideAria,widget.wardCodeGuide,wardCodeGuide,accessibility,imported,,,,,,,,,듀팅 병동코드 입력 방법 보기,Show how to enter the Dutying ward code,Dutying病棟コードの入力方法を表示,,2026-06-10
widget.wardCodeGuide.title,web,widget.wardCodeGuide.title,widget.wardCodeGuide,wardCodeGuide,accessibility,imported,,,,,,,,,소속 간호사에게 병동코드를 알려주세요,Share the ward code with your nurses,所属看護師に病棟コードを共有してください,,2026-06-10
widget.wardCodeGuide.toast.copyFailed,web,widget.wardCodeGuide.toast.copyFailed,widget.wardCodeGuide,wardCodeGuide,feedback,imported,,,,,,,,,병동 코드를 복사하지 못했어요.,Could not copy the ward code.,病棟コードをコピーできませんでした。,,2026-06-10
widget.wardCodeGuide.toast.copySuccess,web,widget.wardCodeGuide.toast.copySuccess,widget.wardCodeGuide,wardCodeGuide,feedback,imported,,,,,,,,,병동 코드를 복사했어요.,Copied the ward code.,病棟コードをコピーしました。,,2026-06-10
widget.wardCodeGuide.wardCodeLabel,web,widget.wardCodeGuide.wardCodeLabel,widget.wardCodeGuide,wardCodeGuide,accessibility,imported,,,,,,,,,{{wardTitle}} 병동코드,{{wardTitle}} ward code,{{wardTitle}} 病棟コード,,2026-06-10
error.accessDenied,server,error.accessDenied,error.accessDenied,server,feedback,imported,CLIENT_TRANSLATE,,,,Spring ErrorCode response message,,dutying-server,,접근이 거부되었습니다.,Access was denied.,アクセスが拒否されました。,error.accessDenied,2026-06-10
error.accountNameMissing,server,error.accountNameMissing,error.accountNameMissing,server,feedback,imported,CLIENT_TRANSLATE,,,,Spring ErrorCode response message,,dutying-server,,소셜 로그인 계정 이름을 확인할 수 없습니다.,Could not verify the social login account name.,ソーシャルログインアカウントの名前を確認できません。,error.accountNameMissing,2026-06-10
error.adminAccountDisabled,server,error.adminAccountDisabled,error.adminAccountDisabled,server,feedback,imported,CLIENT_TRANSLATE,,,,Spring ErrorCode response message,,dutying-server,,비활성화된 관리자 계정입니다.,This admin account is disabled.,無効化された管理者アカウントです。,error.adminAccountDisabled,2026-06-10
error.adminAccountNotFound,server,error.adminAccountNotFound,error.adminAccountNotFound,server,feedback,imported,CLIENT_TRANSLATE,,,,Spring ErrorCode response message,,dutying-server,,관리자 계정을 찾을 수 없습니다.,The admin account could not be found.,管理者アカウントが見つかりません。,error.adminAccountNotFound,2026-06-10
error.adminAlreadyExists,server,error.adminAlreadyExists,error.adminAlreadyExists,server,feedback,imported,CLIENT_TRANSLATE,,,,Spring ErrorCode response message,,dutying-server,,이미 등록된 관리자입니다.,This admin is already registered.,すでに登録済みの管理者です。,error.adminAlreadyExists,2026-06-10
error.adminFeatureDisabled,server,error.adminFeatureDisabled,error.adminFeatureDisabled,server,feedback,imported,CLIENT_TRANSLATE,,,,Spring ErrorCode response message,,dutying-server,,관리자 기능이 비활성화되어 있습니다.,The admin feature is disabled.,管理者機能が無効化されています。,error.adminFeatureDisabled,2026-06-10
error.adminPermissionRequired,server,error.adminPermissionRequired,error.adminPermissionRequired,server,feedback,imported,CLIENT_TRANSLATE,,,,Spring ErrorCode response message,,dutying-server,,관리자 권한이 필요합니다.,Admin permission is required.,管理者権限が必要です。,error.adminPermissionRequired,2026-06-10
error.authError,server,error.authError,error.authError,server,feedback,imported,CLIENT_TRANSLATE,,,,Spring ErrorCode response message,,dutying-server,,인증에 실패하였습니다.,Authentication failed.,認証に失敗しました。,error.authError,2026-06-10
error.boardDeadlineEventReadOnly,server,error.boardDeadlineEventReadOnly,error.boardDeadlineEventReadOnly,server,feedback,imported,CLIENT_TRANSLATE,,,,Spring ErrorCode response message,,dutying-server,,게시판 마감일 일정은 직접 수정할 수 없습니다.,Board deadline events cannot be edited directly.,掲示板の締切予定は直接編集できません。,error.boardDeadlineEventReadOnly,2026-06-10
error.boardPostNotFound,server,error.boardPostNotFound,error.boardPostNotFound,server,feedback,imported,CLIENT_TRANSLATE,,,,Spring ErrorCode response message,,dutying-server,,병동 게시글을 찾을 수 없습니다.,The ward board post could not be found.,病棟掲示板の投稿が見つかりません。,error.boardPostNotFound,2026-06-10
error.calendarEventPermissionDenied,server,error.calendarEventPermissionDenied,error.calendarEventPermissionDenied,server,feedback,imported,CLIENT_TRANSLATE,,,,Spring ErrorCode response message,,dutying-server,,캘린더 일정 권한이 없습니다.,You do not have permission for this calendar event.,このカレンダー予定への権限がありません。,error.calendarEventPermissionDenied,2026-06-10
error.cannotRemoveOwner,server,error.cannotRemoveOwner,error.cannotRemoveOwner,server,feedback,imported,CLIENT_TRANSLATE,,,,Spring ErrorCode response message,,dutying-server,,최고 관리자는 제거할 수 없습니다.,The owner cannot be removed.,オーナーは削除できません。,error.cannotRemoveOwner,2026-06-10
error.cannotRemoveSelf,server,error.cannotRemoveSelf,error.cannotRemoveSelf,server,feedback,imported,CLIENT_TRANSLATE,,,,Spring ErrorCode response message,,dutying-server,,자기 자신은 제거할 수 없습니다.,You cannot remove yourself.,自分自身は削除できません。,error.cannotRemoveSelf,2026-06-10
error.emailAlreadyUsed,server,error.emailAlreadyUsed,error.emailAlreadyUsed,server,feedback,imported,CLIENT_TRANSLATE,,,,Spring ErrorCode response message,,dutying-server,,이미 사용 중인 이메일입니다.,This email is already in use.,このメールアドレスはすでに使用されています。,error.emailAlreadyUsed,2026-06-10
error.emailVerificationRequired,server,error.emailVerificationRequired,error.emailVerificationRequired,server,feedback,imported,CLIENT_TRANSLATE,,,,Spring ErrorCode response message,,dutying-server,,이메일 인증이 필요합니다.,Email verification is required.,メール認証が必要です。,error.emailVerificationRequired,2026-06-10
error.expiredRefreshToken,server,error.expiredRefreshToken,error.expiredRefreshToken,server,feedback,imported,CLIENT_TRANSLATE,,,,Spring ErrorCode response message,,dutying-server,,만료된 리프레시 토큰입니다.,The refresh token has expired.,リフレッシュトークンの有効期限が切れています。,error.expiredRefreshToken,2026-06-10
error.expiredToken,server,error.expiredToken,error.expiredToken,server,feedback,imported,CLIENT_TRANSLATE,,,,Spring ErrorCode response message,,dutying-server,,만료된 토큰입니다.,The token has expired.,トークンの有効期限が切れています。,error.expiredToken,2026-06-10
error.friendAlreadyExist,server,error.friendAlreadyExist,error.friendAlreadyExist,server,feedback,imported,CLIENT_TRANSLATE,,,,Spring ErrorCode response message,,dutying-server,,이미 친구로 등록되었습니다.,This friend is already registered.,すでに友だちとして登録されています。,error.friendAlreadyExist,2026-06-10
error.friendNotFound,server,error.friendNotFound,error.friendNotFound,server,feedback,imported,CLIENT_TRANSLATE,,,,Spring ErrorCode response message,,dutying-server,,해당 친구를 찾을 수 없습니다.,The friend could not be found.,該当する友だちが見つかりません。,error.friendNotFound,2026-06-10
error.friendRequestAlreadyExist,server,error.friendRequestAlreadyExist,error.friendRequestAlreadyExist,server,feedback,imported,CLIENT_TRANSLATE,,,,Spring ErrorCode response message,,dutying-server,,이미 친구 요청이 전송되었습니다.,A friend request has already been sent.,すでに友だちリクエストが送信されています。,error.friendRequestAlreadyExist,2026-06-10
error.friendRequestNotFound,server,error.friendRequestNotFound,error.friendRequestNotFound,server,feedback,imported,CLIENT_TRANSLATE,,,,Spring ErrorCode response message,,dutying-server,,친구 요청이 존재하지 않습니다.,The friend request does not exist.,友だちリクエストが存在しません。,error.friendRequestNotFound,2026-06-10
error.friendshipNotFound,server,error.friendshipNotFound,error.friendshipNotFound,server,feedback,imported,CLIENT_TRANSLATE,,,,Spring ErrorCode response message,,dutying-server,,친구 관계기 존재하지 않습니다.,The friendship does not exist.,友だち関係が存在しません。,error.friendshipNotFound,2026-06-10
error.internalServerError,server,error.internalServerError,error.internalServerError,server,feedback,imported,CLIENT_TRANSLATE,,,,Spring ErrorCode response message,,dutying-server,,서버에 오류가 발생하였습니다.,An internal server error occurred.,サーバーでエラーが発生しました。,error.internalServerError,2026-06-10
error.invalidCalendarEventSourceType,server,error.invalidCalendarEventSourceType,error.invalidCalendarEventSourceType,server,feedback,imported,CLIENT_TRANSLATE,,,,Spring ErrorCode response message,,dutying-server,,캘린더 일정 출처가 올바르지 않습니다.,The calendar event source is invalid.,カレンダー予定の出所が正しくありません。,error.invalidCalendarEventSourceType,2026-06-10
error.invalidCalendarEventType,server,error.invalidCalendarEventType,error.invalidCalendarEventType,server,feedback,imported,CLIENT_TRANSLATE,,,,Spring ErrorCode response message,,dutying-server,,캘린더 일정 유형이 올바르지 않습니다.,The calendar event type is invalid.,カレンダー予定の種類が正しくありません。,error.invalidCalendarEventType,2026-06-10
error.invalidCredentials,server,error.invalidCredentials,error.invalidCredentials,server,feedback,imported,CLIENT_TRANSLATE,,,,Spring ErrorCode response message,,dutying-server,,아이디 또는 비밀번호가 올바르지 않습니다.,The email or password is incorrect.,メールアドレスまたはパスワードが正しくありません。,error.invalidCredentials,2026-06-10
error.invalidDateRange,server,error.invalidDateRange,error.invalidDateRange,server,feedback,imported,CLIENT_TRANSLATE,,,,Spring ErrorCode response message,,dutying-server,,날짜 범위가 올바르지 않습니다.,The date range is invalid.,日付範囲が正しくありません。,error.invalidDateRange,2026-06-10
error.invalidFriendRequest,server,error.invalidFriendRequest,error.invalidFriendRequest,server,feedback,imported,CLIENT_TRANSLATE,,,,Spring ErrorCode response message,,dutying-server,,스스로를 친구로 등록할 수 없습니다.,You cannot add yourself as a friend.,自分自身を友だちとして登録することはできません。,error.invalidFriendRequest,2026-06-10
error.invalidFriendship,server,error.invalidFriendship,error.invalidFriendship,server,feedback,imported,CLIENT_TRANSLATE,,,,Spring ErrorCode response message,,dutying-server,,비정상적인 친구 관계입니다.,The friendship is invalid.,不正な友だち関係です。,error.invalidFriendship,2026-06-10
error.invalidLanguageCode,server,error.invalidLanguageCode,error.invalidLanguageCode,server,feedback,imported,CLIENT_TRANSLATE,,,,Spring ErrorCode response message,,dutying-server,,지원하지 않는 언어 코드입니다.,This language code is not supported.,この言語コードはサポートされていません。,error.invalidLanguageCode,2026-06-10
error.invalidParameter,server,error.invalidParameter,error.invalidParameter,server,feedback,imported,CLIENT_TRANSLATE,,,,Spring ErrorCode response message,,dutying-server,,파라미터가 올바르지 않습니다.,The request parameters are invalid.,リクエストパラメータが正しくありません。,error.invalidParameter,2026-06-10
error.invalidPasswordResetToken,server,error.invalidPasswordResetToken,error.invalidPasswordResetToken,server,feedback,imported,CLIENT_TRANSLATE,,,,Spring ErrorCode response message,,dutying-server,,비밀번호 재설정 토큰이 올바르지 않습니다.,The password reset token is invalid.,パスワード再設定トークンが正しくありません。,error.invalidPasswordResetToken,2026-06-10
error.invalidServiceRegion,server,error.invalidServiceRegion,error.invalidServiceRegion,server,feedback,imported,CLIENT_TRANSLATE,,,,Spring ErrorCode response message,,dutying-server,,지원하지 않는 서비스 지역입니다.,This service region is not supported.,このサービス地域はサポートされていません。,error.invalidServiceRegion,2026-06-10
error.invalidSignature,server,error.invalidSignature,error.invalidSignature,server,feedback,imported,CLIENT_TRANSLATE,,,,Spring ErrorCode response message,,dutying-server,,잘못된 서명입니다.,The token signature is invalid.,署名が正しくありません。,error.invalidSignature,2026-06-10
error.invalidTargetRegion,server,error.invalidTargetRegion,error.invalidTargetRegion,server,feedback,imported,CLIENT_TRANSLATE,,,,Spring ErrorCode response message,,dutying-server,,게시글 대상 지역이 올바르지 않습니다.,The post target region is invalid.,投稿の対象地域が正しくありません。,error.invalidTargetRegion,2026-06-10
error.invalidTimeRange,server,error.invalidTimeRange,error.invalidTimeRange,server,feedback,imported,CLIENT_TRANSLATE,,,,Spring ErrorCode response message,,dutying-server,,시간 범위가 올바르지 않습니다.,The time range is invalid.,時間範囲が正しくありません。,error.invalidTimeRange,2026-06-10
error.invalidTypeValue,server,error.invalidTypeValue,error.invalidTypeValue,server,feedback,imported,CLIENT_TRANSLATE,,,,Spring ErrorCode response message,,dutying-server,,파라미터 타입이 올바르지 않습니다.,The request parameter type is invalid.,リクエストパラメータの型が正しくありません。,error.invalidTypeValue,2026-06-10
error.invalidWaitingNurseTarget,server,error.invalidWaitingNurseTarget,error.invalidWaitingNurseTarget,server,feedback,imported,CLIENT_TRANSLATE,,,,Spring ErrorCode response message,,dutying-server,,연동할 수 없는 간호사입니다.,This nurse cannot be linked.,連携できない看護師です。,error.invalidWaitingNurseTarget,2026-06-10
error.invalidWardScope,server,error.invalidWardScope,error.invalidWardScope,server,feedback,imported,CLIENT_TRANSLATE,,,,Spring ErrorCode response message,,dutying-server,,요청한 병동 범위가 올바르지 않습니다.,The requested ward scope is invalid.,リクエストされた病棟範囲が正しくありません。,error.invalidWardScope,2026-06-10
error.invitationAlreadyExists,server,error.invitationAlreadyExists,error.invitationAlreadyExists,server,feedback,imported,CLIENT_TRANSLATE,,,,Spring ErrorCode response message,,dutying-server,,이미 대기 중인 초대가 있습니다.,There is already a pending invitation.,すでに保留中の招待があります。,error.invitationAlreadyExists,2026-06-10
error.invitationCanceled,server,error.invitationCanceled,error.invitationCanceled,server,feedback,imported,CLIENT_TRANSLATE,,,,Spring ErrorCode response message,,dutying-server,,취소된 초대입니다.,The invitation has been canceled.,招待はキャンセルされています。,error.invitationCanceled,2026-06-10
error.invitationExpired,server,error.invitationExpired,error.invitationExpired,server,feedback,imported,CLIENT_TRANSLATE,,,,Spring ErrorCode response message,,dutying-server,,만료된 초대입니다.,The invitation has expired.,招待の有効期限が切れています。,error.invitationExpired,2026-06-10
error.invitationNotFound,server,error.invitationNotFound,error.invitationNotFound,server,feedback,imported,CLIENT_TRANSLATE,,,,Spring ErrorCode response message,,dutying-server,,초대를 찾을 수 없습니다.,The invitation could not be found.,招待が見つかりません。,error.invitationNotFound,2026-06-10
error.logoutToken,server,error.logoutToken,error.logoutToken,server,feedback,imported,CLIENT_TRANSLATE,,,,Spring ErrorCode response message,,dutying-server,,이미 로그아웃 된 토큰입니다.,This token has already been logged out.,このトークンはすでにログアウトされています。,error.logoutToken,2026-06-10
error.mailDeliveryFailed,server,error.mailDeliveryFailed,error.mailDeliveryFailed,server,feedback,imported,CLIENT_TRANSLATE,,,,Spring ErrorCode response message,,dutying-server,,메일 발송에 실패했습니다.,Failed to send the email.,メール送信に失敗しました。,error.mailDeliveryFailed,2026-06-10
error.mailDeliveryNotConfigured,server,error.mailDeliveryNotConfigured,error.mailDeliveryNotConfigured,server,feedback,imported,CLIENT_TRANSLATE,,,,Spring ErrorCode response message,,dutying-server,,메일 발송 설정이 필요합니다.,Mail delivery must be configured.,メール送信設定が必要です。,error.mailDeliveryNotConfigured,2026-06-10
error.malformedToken,server,error.malformedToken,error.malformedToken,server,feedback,imported,CLIENT_TRANSLATE,,,,Spring ErrorCode response message,,dutying-server,,잘못 생성된 토큰입니다.,The token is malformed.,トークンの形式が正しくありません。,error.malformedToken,2026-06-10
error.noticeAlreadyArchived,server,error.noticeAlreadyArchived,error.noticeAlreadyArchived,server,feedback,imported,CLIENT_TRANSLATE,,,,Spring ErrorCode response message,,dutying-server,,이미 보관된 공지사항입니다.,This notice is already archived.,このお知らせはすでに保管されています。,error.noticeAlreadyArchived,2026-06-10
error.noticeInvalidCursor,server,error.noticeInvalidCursor,error.noticeInvalidCursor,server,feedback,imported,CLIENT_TRANSLATE,,,,Spring ErrorCode response message,,dutying-server,,공지사항 커서가 올바르지 않습니다.,The notice cursor is invalid.,お知らせカーソルが正しくありません。,error.noticeInvalidCursor,2026-06-10
error.noticeInvalidStatusTransition,server,error.noticeInvalidStatusTransition,error.noticeInvalidStatusTransition,server,feedback,imported,CLIENT_TRANSLATE,,,,Spring ErrorCode response message,,dutying-server,,공지사항 상태를 변경할 수 없습니다.,The notice status cannot be changed.,お知らせの状態を変更できません。,error.noticeInvalidStatusTransition,2026-06-10
error.noticeNotFound,server,error.noticeNotFound,error.noticeNotFound,server,feedback,imported,CLIENT_TRANSLATE,,,,Spring ErrorCode response message,,dutying-server,,해당 공지사항을 찾을 수 없습니다.,The notice could not be found.,該当するお知らせが見つかりません。,error.noticeNotFound,2026-06-10
error.notRegisteredAdmin,server,error.notRegisteredAdmin,error.notRegisteredAdmin,server,feedback,imported,CLIENT_TRANSLATE,,,,Spring ErrorCode response message,,dutying-server,,등록된 병동 관리자가 아닙니다.,This account is not a registered ward admin.,登録済みの病棟管理者ではありません。,error.notRegisteredAdmin,2026-06-10
error.nultalkCommentNotFound,server,error.nultalkCommentNotFound,error.nultalkCommentNotFound,server,feedback,imported,CLIENT_TRANSLATE,,,,Spring ErrorCode response message,,dutying-server,,널톡 댓글을 찾을 수 없습니다.,The Nultalk comment could not be found.,ナルトークコメントが見つかりません。,error.nultalkCommentNotFound,2026-06-10
error.nultalkPostNotFound,server,error.nultalkPostNotFound,error.nultalkPostNotFound,server,feedback,imported,CLIENT_TRANSLATE,,,,Spring ErrorCode response message,,dutying-server,,널톡 게시글을 찾을 수 없습니다.,The Nultalk post could not be found.,ナルトーク投稿が見つかりません。,error.nultalkPostNotFound,2026-06-10
error.ownerOnly,server,error.ownerOnly,error.ownerOnly,server,feedback,imported,CLIENT_TRANSLATE,,,,Spring ErrorCode response message,,dutying-server,,최고 관리자 권한이 필요합니다.,Owner permission is required.,オーナー権限が必要です。,error.ownerOnly,2026-06-10
error.phoneAlreadyUsed,server,error.phoneAlreadyUsed,error.phoneAlreadyUsed,server,feedback,imported,CLIENT_TRANSLATE,,,,Spring ErrorCode response message,,dutying-server,,이미 사용 중인 전화번호입니다.,This phone number is already in use.,この電話番号はすでに使用されています。,error.phoneAlreadyUsed,2026-06-10
error.resourceNotFound,server,error.resourceNotFound,error.resourceNotFound,server,feedback,imported,CLIENT_TRANSLATE,,,,Spring ErrorCode response message,,dutying-server,,해당 리소스를 찾을 수 없습니다.,The requested resource could not be found.,該当するリソースが見つかりません。,error.resourceNotFound,2026-06-10
error.scheduleSnapshotLimitExceeded,server,error.scheduleSnapshotLimitExceeded,error.scheduleSnapshotLimitExceeded,server,feedback,imported,CLIENT_TRANSLATE,,,,Spring ErrorCode response message,,dutying-server,,근무표 히스토리는 최대 10개까지 저장할 수 있습니다.,You can save up to 10 schedule histories.,勤務表履歴は最大10件まで保存できます。,error.scheduleSnapshotLimitExceeded,2026-06-10
error.supportInquiryNotFound,server,error.supportInquiryNotFound,error.supportInquiryNotFound,server,feedback,imported,CLIENT_TRANSLATE,,,,Spring ErrorCode response message,,dutying-server,,해당 고객문의를 찾을 수 없습니다.,The support inquiry could not be found.,該当するお問い合わせが見つかりません。,error.supportInquiryNotFound,2026-06-10
error.unknownError,server,error.unknownError,error.unknownError,server,feedback,imported,CLIENT_TRANSLATE,,,,Spring ErrorCode response message,,dutying-server,,알 수 없는 에러가 발생하였습니다.,An unknown error occurred.,不明なエラーが発生しました。,error.unknownError,2026-06-10
error.unsupportedToken,server,error.unsupportedToken,error.unsupportedToken,server,feedback,imported,CLIENT_TRANSLATE,,,,Spring ErrorCode response message,,dutying-server,,지원되지 않는 토큰입니다.,This token is not supported.,サポートされていないトークンです。,error.unsupportedToken,2026-06-10
error.waitingNurseAlreadyProcessed,server,error.waitingNurseAlreadyProcessed,error.waitingNurseAlreadyProcessed,server,feedback,imported,CLIENT_TRANSLATE,,,,Spring ErrorCode response message,,dutying-server,,이미 처리된 대기 간호사입니다.,This pending nurse has already been processed.,この承認待ち看護師はすでに処理されています。,error.waitingNurseAlreadyProcessed,2026-06-10
error.waitingNurseNotFound,server,error.waitingNurseNotFound,error.waitingNurseNotFound,server,feedback,imported,CLIENT_TRANSLATE,,,,Spring ErrorCode response message,,dutying-server,,해당 대기 간호사를 찾을 수 없습니다.,The pending nurse could not be found.,該当する承認待ち看護師が見つかりません。,error.waitingNurseNotFound,2026-06-10
error.wardAdminAccountApiRequired,server,error.wardAdminAccountApiRequired,error.wardAdminAccountApiRequired,server,feedback,imported,CLIENT_TRANSLATE,,,,Spring ErrorCode response message,,dutying-server,,관리자 계정은 관리자 계정 API를 사용해야 합니다.,Admin accounts must use the admin account API.,管理者アカウントは管理者アカウントAPIを使用する必要があります。,error.wardAdminAccountApiRequired,2026-06-10
error.wardAdminMembershipNotFound,server,error.wardAdminMembershipNotFound,error.wardAdminMembershipNotFound,server,feedback,imported,CLIENT_TRANSLATE,,,,Spring ErrorCode response message,,dutying-server,,관리자 권한을 찾을 수 없습니다.,Admin permission could not be found.,管理者権限が見つかりません。,error.wardAdminMembershipNotFound,2026-06-10
error.wardAdminRequired,server,error.wardAdminRequired,error.wardAdminRequired,server,feedback,imported,CLIENT_TRANSLATE,,,,Spring ErrorCode response message,,dutying-server,,병동 관리자 권한이 필요합니다.,Ward admin permission is required.,病棟管理者権限が必要です。,error.wardAdminRequired,2026-06-10
error.wardCalendarEventNotFound,server,error.wardCalendarEventNotFound,error.wardCalendarEventNotFound,server,feedback,imported,CLIENT_TRANSLATE,,,,Spring ErrorCode response message,,dutying-server,,병동 캘린더 일정을 찾을 수 없습니다.,The ward calendar event could not be found.,病棟カレンダー予定が見つかりません。,error.wardCalendarEventNotFound,2026-06-10
error.wardCalendarNotFound,server,error.wardCalendarNotFound,error.wardCalendarNotFound,server,feedback,imported,CLIENT_TRANSLATE,,,,Spring ErrorCode response message,,dutying-server,,병동 캘린더를 찾을 수 없습니다.,The ward calendar could not be found.,病棟カレンダーが見つかりません。,error.wardCalendarNotFound,2026-06-10
error.wardMemberRequired,server,error.wardMemberRequired,error.wardMemberRequired,server,feedback,imported,CLIENT_TRANSLATE,,,,Spring ErrorCode response message,,dutying-server,,병동 구성원 권한이 필요합니다.,Ward member permission is required.,病棟メンバー権限が必要です。,error.wardMemberRequired,2026-06-10
error.wardNotFound,server,error.wardNotFound,error.wardNotFound,server,feedback,imported,CLIENT_TRANSLATE,,,,Spring ErrorCode response message,,dutying-server,,해당 병동을 찾을 수 없습니다.,The ward could not be found.,該当する病棟が見つかりません。,error.wardNotFound,2026-06-10
feature.editWard.rejectWaitingNurseSuccess,web,feature.editWard.rejectWaitingNurseSuccess,feature.editWard,editWard,feedback,imported,,,,,,,,,연동 대기 요청을 거절했어요.,Rejected the pending connection request.,連携待ちリクエストを拒否しました。,,2026-06-10
feature.editWard.rejectWaitingNurseFailed,web,feature.editWard.rejectWaitingNurseFailed,feature.editWard,editWard,feedback,imported,,,,,,,,,연동 대기 요청을 거절하지 못했어요.,Could not reject the pending connection request.,連携待ちリクエストを拒否できませんでした。,,2026-06-10
page.makeShift.wardCodeLoading,web,page.makeShift.wardCodeLoading,page.makeShift,makeShift,text,imported,,,,,,,,,병동 코드 확인 중,Checking ward code,病棟コードを確認中,,2026-06-10
page.makeShift.calendar.violationLevel.error,web,page.makeShift.calendar.violationLevel.error,page.makeShift,makeShift,feedback,imported,,,,,,,,,중요,Important,重要,,2026-06-10
page.makeShift.calendar.violationLevel.warning,web,page.makeShift.calendar.violationLevel.warning,page.makeShift,makeShift,text,imported,,,,,,,,,일반,General,通常,,2026-06-10
page.makeShift.calendar.dateOthers,web,page.makeShift.calendar.dateOthers,page.makeShift,makeShift,text,imported,,,,,,,,,외 {{count}}일,+{{count}} more day,ほか{{count}}日,,2026-06-10
page.makeShift.calendar.violationCount.error,web,page.makeShift.calendar.violationCount.error,page.makeShift,makeShift,feedback,imported,,,,,,,,,중요 {{count}},Important {{count}},重要 {{count}},,2026-06-10
page.makeShift.calendar.violationCount.warning,web,page.makeShift.calendar.violationCount.warning,page.makeShift,makeShift,text,imported,,,,,,,,,일반 {{count}},General {{count}},通常 {{count}},,2026-06-10
page.wardAdmins.memberOnlyDescription,web,page.wardAdmins.memberOnlyDescription,page.wardAdmins,wardAdmins,description,imported,,,,,,,,,병동 구성원으로 등록된 계정만 관리자로 추가할 수 있어요.,Only accounts registered as ward members can be added as admins.,病棟メンバーとして登録済みのアカウントのみ管理者に追加できます。,,2026-06-10
page.wardAdmins.toast.createOwnerOnly,web,page.wardAdmins.toast.createOwnerOnly,page.wardAdmins,wardAdmins,feedback,imported,,,,,,,,,최고 관리자만 관리자를 추가할 수 있어요.,Only the owner can add admins.,オーナーのみ管理者を追加できます。,,2026-06-10
page.onboardingWardCreate.modal.deleteTeamDescriptionWithNursesAndSchedule,web,page.onboardingWardCreate.modal.deleteTeamDescriptionWithNursesAndSchedule,page.onboardingWardCreate,onboardingWardCreate,button,imported,,,,,,,,,에 등록된 간호사 {{nurseCount}}명과 입력한 근무표가 함께 삭제돼요.,'s {{nurseCount}} nurses and entered schedule will also be deleted.,に登録された看護師{{nurseCount}}名と入力済み勤務表も削除されます。,,2026-06-10
page.onboardingWardCreate.modal.deleteTeamDescriptionWithNurses,web,page.onboardingWardCreate.modal.deleteTeamDescriptionWithNurses,page.onboardingWardCreate,onboardingWardCreate,button,imported,,,,,,,,,에 등록된 간호사 {{nurseCount}}명이 함께 삭제돼요.,'s {{nurseCount}} nurses will also be deleted.,に登録された看護師{{nurseCount}}名も削除されます。,,2026-06-10
page.onboardingWardCreate.modal.deleteTeamDescriptionWithSchedule,web,page.onboardingWardCreate.modal.deleteTeamDescriptionWithSchedule,page.onboardingWardCreate,onboardingWardCreate,button,imported,,,,,,,,,에 입력한 근무표가 함께 삭제돼요.,'s entered schedule will also be deleted.,に入力済みの勤務表も削除されます。,,2026-06-10
page.onboardingWardCreate.modal.deleteTeamDescription,web,page.onboardingWardCreate.modal.deleteTeamDescription,page.onboardingWardCreate,onboardingWardCreate,button,imported,,,,,,,,,을 삭제할까요?, will be deleted.,を削除しますか？,,2026-06-10
page.onboardingWardCreate.toast.reloadDraftError,web,page.onboardingWardCreate.toast.reloadDraftError,page.onboardingWardCreate,onboardingWardCreate,feedback,imported,,,,,,,,,저장된 병동 생성 정보를 불러오지 못했어요.,Could not load the saved ward setup draft.,保存済みの病棟作成情報を読み込めませんでした。,,2026-06-10
page.onboardingWardCreate.toast.saveScheduleError,web,page.onboardingWardCreate.toast.saveScheduleError,page.onboardingWardCreate,onboardingWardCreate,feedback,imported,,,,,,,,,초기 근무표를 저장하지 못했어요.,Could not save the initial schedule.,初期勤務表を保存できませんでした。,,2026-06-10
page.onboardingWardCreate.nurse.selectedTeamCountAria,web,page.onboardingWardCreate.nurse.selectedTeamCountAria,page.onboardingWardCreate,onboardingWardCreate,accessibility,imported,,,,,,,,,{{teamName}} 간호사 {{count}}명,{{teamName}} nurses: {{count}},{{teamName}} 看護師{{count}}名,,2026-06-10
page.onboardingWardCreate.schedule.uploadFile,web,page.onboardingWardCreate.schedule.uploadFile,page.onboardingWardCreate,onboardingWardCreate,text,imported,,,,,,,,,근무표 파일 업로드,Upload schedule file,勤務表ファイルをアップロード,,2026-06-10
page.onboardingWardCreate.schedule.emptyTeamsTitle,web,page.onboardingWardCreate.schedule.emptyTeamsTitle,page.onboardingWardCreate,onboardingWardCreate,accessibility,imported,,,,,,,,,먼저 팀을 추가해 주세요.,Add a team first.,先にチームを追加してください。,,2026-06-10
page.onboardingWardCreate.schedule.emptyTeamsDescription,web,page.onboardingWardCreate.schedule.emptyTeamsDescription,page.onboardingWardCreate,onboardingWardCreate,description,imported,,,,,,,,,팀을 만든 뒤 초기 근무표를 입력할 수 있어요.,You can enter the initial schedule after creating a team.,チームを作成すると初期勤務表を入力できます。,,2026-06-10
page.onboardingWardCreate.scheduleUpload.template.worksheetName,web,page.onboardingWardCreate.scheduleUpload.template.worksheetName,page.onboardingWardCreate,onboardingWardCreate,text,imported,,,,,,,,,근무표,Schedule,勤務表,,2026-06-10
page.onboardingWardCreate.scheduleUpload.template.nameHeader,web,page.onboardingWardCreate.scheduleUpload.template.nameHeader,page.onboardingWardCreate,onboardingWardCreate,text,imported,,,,,,,,,이름,Name,名前,,2026-06-10
page.onboardingWardCreate.scheduleUpload.template.teamHeader,web,page.onboardingWardCreate.scheduleUpload.template.teamHeader,page.onboardingWardCreate,onboardingWardCreate,text,imported,,,,,,,,,팀,Team,チーム,,2026-06-10
page.onboardingWardCreate.scheduleUpload.template.sampleFirstName,web,page.onboardingWardCreate.scheduleUpload.template.sampleFirstName,page.onboardingWardCreate,onboardingWardCreate,text,imported,,,,,,,,,김듀티,Alex Kim,田中デューティ,,2026-06-10
page.onboardingWardCreate.scheduleUpload.template.sampleFirstTeam,web,page.onboardingWardCreate.scheduleUpload.template.sampleFirstTeam,page.onboardingWardCreate,onboardingWardCreate,text,imported,,,,,,,,,1팀,Team 1,1チーム,,2026-06-10
page.onboardingWardCreate.scheduleUpload.template.sampleSecondName,web,page.onboardingWardCreate.scheduleUpload.template.sampleSecondName,page.onboardingWardCreate,onboardingWardCreate,text,imported,,,,,,,,,박팅이,Jamie Park,佐藤ティング,,2026-06-10
page.onboardingWardCreate.scheduleUpload.template.sampleSecondTeam,web,page.onboardingWardCreate.scheduleUpload.template.sampleSecondTeam,page.onboardingWardCreate,onboardingWardCreate,text,imported,,,,,,,,,1팀,Team 1,1チーム,,2026-06-10
page.onboardingWardCreate.scheduleUpload.template.guideSheetName,web,page.onboardingWardCreate.scheduleUpload.template.guideSheetName,page.onboardingWardCreate,onboardingWardCreate,text,imported,,,,,,,,,작성가이드,Guide,入力ガイド,,2026-06-10
page.onboardingWardCreate.scheduleUpload.template.guideRow1,web,page.onboardingWardCreate.scheduleUpload.template.guideRow1,page.onboardingWardCreate,onboardingWardCreate,text,imported,,,,,,,,,"첫 번째 시트에 간호사 이름, 팀, 날짜별 근무를 입력해 주세요.","Enter nurse names, teams, and daily shifts in the first sheet.",1枚目のシートに看護師名、チーム、日別勤務を入力してください。,,2026-06-10
page.onboardingWardCreate.scheduleUpload.template.guideRow2,web,page.onboardingWardCreate.scheduleUpload.template.guideRow2,page.onboardingWardCreate,onboardingWardCreate,text,imported,,,,,,,,,"근무는 D, E, N, O 또는 병동에서 쓰는 근무 약자로 입력할 수 있어요.","Use D, E, N, O, or your ward-specific shift abbreviations.",勤務はD、E、N、O、または病棟で使う勤務略称で入力できます。,,2026-06-10
page.onboardingWardCreate.scheduleUpload.template.guideRow3,web,page.onboardingWardCreate.scheduleUpload.template.guideRow3,page.onboardingWardCreate,onboardingWardCreate,text,imported,,,,,,,,,비어 있는 칸은 오프로 처리돼요.,Blank cells are treated as off days.,空欄は休みとして扱われます。,,2026-06-10
page.onboardingWardCreate.scheduleUpload.template.guideRow4,web,page.onboardingWardCreate.scheduleUpload.template.guideRow4,page.onboardingWardCreate,onboardingWardCreate,text,imported,,,,,,,,,팀 이름이 비어 있으면 기본 팀에 배정돼요.,Rows without a team are assigned to the default team.,チーム名が空欄の場合は既定チームに割り当てられます。,,2026-06-10
page.onboardingWardCreate.scheduleUpload.template.guideRow5,web,page.onboardingWardCreate.scheduleUpload.template.guideRow5,page.onboardingWardCreate,onboardingWardCreate,text,imported,,,,,,,,,업로드 후 화면에서 내용을 다시 확인하고 수정할 수 있어요.,"After upload, you can review and edit the imported data on screen.",アップロード後、画面で内容を確認して編集できます。,,2026-06-10
page.onboardingWardCreate.scheduleUpload.template.fileName,web,page.onboardingWardCreate.scheduleUpload.template.fileName,page.onboardingWardCreate,onboardingWardCreate,text,imported,,,,,,,,,초기근무표_{{year}}_{{month}}.xlsx,initial-schedule-{{year}}-{{month}}.xlsx,初期勤務表_{{year}}_{{month}}.xlsx,,2026-06-10
page.onboardingWardCreate.scheduleUpload.title,web,page.onboardingWardCreate.scheduleUpload.title,page.onboardingWardCreate,onboardingWardCreate,accessibility,imported,,,,,,,,,근무표 파일 업로드,Upload schedule file,勤務表ファイルをアップロード,,2026-06-10
page.onboardingWardCreate.scheduleUpload.description,web,page.onboardingWardCreate.scheduleUpload.description,page.onboardingWardCreate,onboardingWardCreate,description,imported,,,,,,,,,"엑셀 파일의 이름, 팀, 날짜별 근무를 읽어 초기 병동 설정에 반영해요.","We will read names, teams, and daily shifts from the Excel file and apply them to the initial ward setup.",Excelファイルの名前、チーム、日別勤務を読み取り、初期病棟設定に反映します。,,2026-06-10
page.onboardingWardCreate.scheduleUpload.downloadTemplate,web,page.onboardingWardCreate.scheduleUpload.downloadTemplate,page.onboardingWardCreate,onboardingWardCreate,text,imported,,,,,,,,,양식 다운로드,Download template,テンプレートをダウンロード,,2026-06-10
page.onboardingWardCreate.scheduleUpload.dropzoneTitle,web,page.onboardingWardCreate.scheduleUpload.dropzoneTitle,page.onboardingWardCreate,onboardingWardCreate,accessibility,imported,,,,,,,,,엑셀 파일을 선택하거나 끌어다 놓아 주세요.,Choose or drop an Excel file.,Excelファイルを選択またはドラッグしてください。,,2026-06-10
page.onboardingWardCreate.scheduleUpload.fileSupport,web,page.onboardingWardCreate.scheduleUpload.fileSupport,page.onboardingWardCreate,onboardingWardCreate,text,imported,,,,,,,,,".xlsx, .xls 파일을 지원해요.",Supports .xlsx and .xls files.,.xlsx、.xlsファイルに対応しています。,,2026-06-10
page.onboardingWardCreate.scheduleUpload.submitting,web,page.onboardingWardCreate.scheduleUpload.submitting,page.onboardingWardCreate,onboardingWardCreate,button,imported,,,,,,,,,업로드 중,Uploading,アップロード中,,2026-06-10
page.onboardingWardCreate.scheduleUpload.submit,web,page.onboardingWardCreate.scheduleUpload.submit,page.onboardingWardCreate,onboardingWardCreate,button,imported,,,,,,,,,파일 적용,Apply file,ファイルを適用,,2026-06-10
page.login.feedback.invalidCredentials,web,page.login.feedback.invalidCredentials,page.login,login,text,imported,,,,,,,,,이메일 또는 비밀번호가 올바르지 않아요.,Email or password is incorrect.,メールアドレスまたはパスワードが正しくありません。,,2026-06-10
page.login.feedback.legacyInvalidCredentialsServerText,web,page.login.feedback.legacyInvalidCredentialsServerText,page.login,login,technical,imported,,,,,Legacy backend Korean error text used only for matching; do not localize.,,,,아이디 또는 비밀번호가 올바르지 않습니다.,아이디 또는 비밀번호가 올바르지 않습니다.,아이디 또는 비밀번호가 올바르지 않습니다.,,2026-06-10
page.login.passwordResetTitle,web,page.login.passwordResetTitle,page.login,login,accessibility,imported,,,,,,,,,비밀번호 찾기,Reset password,パスワード再設定,,2026-06-10
page.login.forgotPassword,web,page.login.forgotPassword,page.login,login,text,imported,,,,,,,,,비밀번호 찾기,Forgot password,パスワードをお忘れですか？,,2026-06-10
page.login.previousImage,web,page.login.previousImage,page.login,login,text,imported,,,,,,,,,이전 이미지,Previous image,前の画像,,2026-06-10
page.login.nextImage,web,page.login.nextImage,page.login,login,text,imported,,,,,,,,,다음 이미지,Next image,次の画像,,2026-06-10
page.login.loginVisualAria,web,page.login.loginVisualAria,page.login,login,accessibility,imported,,,,,,,,,듀팅 로그인 소개 이미지,Dutying sign-in visual,Dutyingログイン紹介画像,,2026-06-10
page.login.sixDigitVerificationCodePlaceholder,web,page.login.sixDigitVerificationCodePlaceholder,page.login,login,input,imported,,,,,,,,,6자리 인증번호,6-digit verification code,6桁の認証コード,,2026-06-10
page.login.passwordResetVerificationCodeAria,web,page.login.passwordResetVerificationCodeAria,page.login,login,accessibility,imported,,,,,,,,,비밀번호 재설정 인증번호,Password reset verification code,パスワード再設定認証コード,,2026-06-10
page.login.verificationComplete,web,page.login.verificationComplete,page.login,login,text,imported,,,,,,,,,인증 완료,Verified,認証完了,,2026-06-10
page.login.verificationConfirm,web,page.login.verificationConfirm,page.login,login,text,imported,,,,,,,,,확인,Confirm,確認,,2026-06-10
page.login.newPassword,web,page.login.newPassword,page.login,login,text,imported,,,,,,,,,새 비밀번호,New password,新しいパスワード,,2026-06-10
page.login.newPasswordPlaceholder,web,page.login.newPasswordPlaceholder,page.login,login,input,imported,,,,,,,,,새 비밀번호를 입력해 주세요,Enter a new password,新しいパスワードを入力してください,,2026-06-10
page.login.newPasswordConfirm,web,page.login.newPasswordConfirm,page.login,login,text,imported,,,,,,,,,새 비밀번호 확인,Confirm new password,新しいパスワード確認,,2026-06-10
page.login.newPasswordConfirmPlaceholder,web,page.login.newPasswordConfirmPlaceholder,page.login,login,input,imported,,,,,,,,,새 비밀번호를 다시 입력해 주세요,Enter the new password again,新しいパスワードをもう一度入力してください,,2026-06-10
page.login.passwordResetSubmit,web,page.login.passwordResetSubmit,page.login,login,button,imported,,,,,,,,,비밀번호 재설정,Reset password,パスワード再設定,,2026-06-10
page.login.backToLogin,web,page.login.backToLogin,page.login,login,text,imported,,,,,,,,,로그인으로 돌아가기,Back to sign in,ログインに戻る,,2026-06-10
page.login.feedback.emailVerified,web,page.login.feedback.emailVerified,page.login,login,text,imported,,,,,,,,,이메일 인증이 완료됐어요.,Email verification is complete.,メール認証が完了しました。,,2026-06-10
page.login.feedback.verificationInvalid,web,page.login.feedback.verificationInvalid,page.login,login,text,imported,,,,,,,,,인증번호를 확인해 주세요.,Check the verification code.,認証コードを確認してください。,,2026-06-10
page.login.feedback.passwordResetTokenVerified,web,page.login.feedback.passwordResetTokenVerified,page.login,login,text,imported,,,,,,,,,인증번호를 확인했어요. 새 비밀번호를 입력해 주세요.,Code verified. Enter a new password.,認証番号を確認しました。新しいパスワードを入力してください。,,2026-06-10
page.login.feedback.passwordResetSuccess,web,page.login.feedback.passwordResetSuccess,page.login,login,feedback,imported,,,,,,,,,비밀번호가 변경됐어요. 새 비밀번호로 로그인해 주세요.,Password changed. Sign in with your new password.,パスワードが変更されました。新しいパスワードでログインしてください。,,2026-06-10
page.login.feedback.passwordResetFailed,web,page.login.feedback.passwordResetFailed,page.login,login,feedback,imported,,,,,,,,,비밀번호를 변경하지 못했어요. 다시 시도해 주세요.,Could not change the password. Please try again.,パスワードを変更できませんでした。もう一度お試しください。,,2026-06-10
page.login.validation.emailVerificationRequired,web,page.login.validation.emailVerificationRequired,page.login,login,text,imported,,,,,,,,,이메일 인증을 완료해 주세요.,Complete email verification.,メール認証を完了してください。,,2026-06-10
page.login.validation.verificationCodeRequired,web,page.login.validation.verificationCodeRequired,page.login,login,text,imported,,,,,,,,,인증번호를 입력해 주세요.,Enter the verification code.,認証コードを入力してください。,,2026-06-10
page.login.validation.verificationConfirmRequired,web,page.login.validation.verificationConfirmRequired,page.login,login,text,imported,,,,,,,,,인증 확인을 완료해 주세요.,Confirm the verification code first.,先に認証確認を完了してください。,,2026-06-10
page.login.validation.passwordConfirmRequired,web,page.login.validation.passwordConfirmRequired,page.login,login,text,imported,,,,,,,,,비밀번호를 다시 입력해 주세요.,Enter the password again.,パスワードをもう一度入力してください。,,2026-06-10
page.makeShift.aiRefill.lastShiftBlankDialog.title,web,page.makeShift.aiRefill.lastShiftBlankDialog.title,page.makeShift,makeShift,accessibility,imported,,,,,,,,,전달근무를 확인했나요?,Review previous shifts?,前月勤務を確認しましたか？,,2026-06-10
page.makeShift.aiRefill.lastShiftBlankDialog.description,web,page.makeShift.aiRefill.lastShiftBlankDialog.description,page.makeShift,makeShift,description,imported,,,,,,,,,"전달근무에 빈칸이 있어요.
이전 달 근무를 이어서 고려해야 한다면 입력해 주세요.",Some previous-shift cells are empty. Fill them if this schedule should consider the prior month.,前月勤務に空欄があります。前月からの勤務を考慮する必要がある場合は入力してください。,,2026-06-10
page.makeShift.aiRefill.lastShiftBlankDialog.confirm,web,page.makeShift.aiRefill.lastShiftBlankDialog.confirm,page.makeShift,makeShift,text,imported,,,,,,,,,그대로 확정,Confirm as-is,そのまま確定,,2026-06-10
page.makeShift.aiRefill.lastShiftBlankDialog.cancel,web,page.makeShift.aiRefill.lastShiftBlankDialog.cancel,page.makeShift,makeShift,button,imported,,,,,,,,,입력 확인,Review input,入力を確認,,2026-06-10
feature.shiftEditor.validation.legacy.minNightIntervalFallback,web,feature.shiftEditor.validation.legacy.minNightIntervalFallback,feature.shiftEditor,shiftEditor,text,imported,,,,,,,,,N 근무 사이를 충분히 띄워 주세요.,Keep enough space between night shifts.,夜勤の間隔を空けてください。,,2026-06-18
page.home.calendar.allDay,web,page.home.calendar.allDay,page.home,home,text,imported,,,,,,,,,종일,All day,終日,,2026-06-18
page.home.calendar.deadlineMeta,web,page.home.calendar.deadlineMeta,page.home,home,text,imported,,,,,,,,,마감 · {{date}},Deadline · {{date}},締切・{{date}},,2026-06-18
page.home.calendar.empty,web,page.home.calendar.empty,page.home,home,text,imported,,,,,,,,,가까운 일정 없음,No nearby events,近い予定はありません,,2026-06-18
page.home.calendar.loading,web,page.home.calendar.loading,page.home,home,text,imported,,,,,,,,,캘린더 확인 중,Checking calendar,カレンダー確認中,,2026-06-18
page.home.calendar.openAll,web,page.home.calendar.openAll,page.home,home,accessibility,imported,,,,,,,,,캘린더 전체 보기,View full calendar,カレンダーをすべて見る,,2026-06-18
page.home.calendar.overdue,web,page.home.calendar.overdue,page.home,home,text,imported,,,,,,,,,지남,Overdue,経過,,2026-06-18
page.home.calendar.scheduleDateMeta,web,page.home.calendar.scheduleDateMeta,page.home,home,text,imported,,,,,,,,,일정 · {{date}} · {{time}},Event · {{date}} · {{time}},予定・{{date}}・{{time}},,2026-06-18
page.home.calendar.scheduleMeta,web,page.home.calendar.scheduleMeta,page.home,home,text,imported,,,,,,,,,일정 · {{time}},Event · {{time}},予定・{{time}},,2026-06-18
page.home.calendar.timeUnknown,web,page.home.calendar.timeUnknown,page.home,home,text,imported,,,,,,,,,시간 미정,Time TBD,時間未定,,2026-06-18
page.home.calendar.today,web,page.home.calendar.today,page.home,home,text,imported,,,,,,,,,오늘,Today,今日,,2026-06-18
page.home.emptyTeams.description,web,page.home.emptyTeams.description,page.home,home,description,imported,,,,,,,,,근무자 관리에서 간호 팀을 추가해요.,Add nursing teams from Member Management.,看護師管理で看護チームを追加してください。,,2026-06-18
page.home.emptyTeams.title,web,page.home.emptyTeams.title,page.home,home,text,imported,,,,,,,,,팀을 추가하면 볼 수 있어요,Add a team to view this,チームを追加すると表示できます,,2026-06-18
page.home.fallback.manager,web,page.home.fallback.manager,page.home,home,text,imported,,,,,,,,,관리자,Admin,管理者,,2026-06-18
page.home.fallback.selectedTeam,web,page.home.fallback.selectedTeam,page.home,home,text,imported,,,,,,,,,선택한 팀,Selected team,選択したチーム,,2026-06-18
page.home.fallback.ward,web,page.home.fallback.ward,page.home,home,text,imported,,,,,,,,,병동,Ward,病棟,,2026-06-18
page.home.filter.all,web,page.home.filter.all,page.home,home,text,imported,,,,,,,,,전체,All,すべて,,2026-06-18
page.home.header.createNextMonth,web,page.home.header.createNextMonth,page.home,home,button,imported,,,,,,,,,다음 달 근무표 만들기,Create next month schedule,来月の勤務表を作成,,2026-06-18
page.home.header.todayAssigned,web,page.home.header.todayAssigned,page.home,home,text,imported,,,,,,,,,{{managerName}} · 오늘 근무 {{count}}명,{{managerName}} · {{count}} working today,{{managerName}}・本日の勤務 {{count}}名,,2026-06-18
page.home.monthly.cellTitle,web,page.home.monthly.cellTitle,page.home,home,accessibility,imported,,,,,,,,,{{nurseName}} {{day}}일 {{shift}},{{nurseName}} day {{day}} {{shift}},{{nurseName}} {{day}}日 {{shift}},,2026-06-18
page.home.monthly.descriptionAll,web,page.home.monthly.descriptionAll,page.home,home,description,imported,,,,,,,,,{{month}} · 전체,{{month}} · All,{{month}}・すべて,,2026-06-18
page.home.monthly.descriptionTeam,web,page.home.monthly.descriptionTeam,page.home,home,description,imported,,,,,,,,,{{month}} · {{teamName}},{{month}} · {{teamName}},{{month}}・{{teamName}},,2026-06-18
page.home.monthly.edit,web,page.home.monthly.edit,page.home,home,button,imported,,,,,,,,,근무표 편집하기,Edit schedule,勤務表を編集,,2026-06-18
page.home.monthly.emptyAllTitle,web,page.home.monthly.emptyAllTitle,page.home,home,text,imported,,,,,,,,,이번 달 근무표가 비어 있어요,This month schedule is empty,今月の勤務表は空です,,2026-06-18
page.home.monthly.emptyDescription,web,page.home.monthly.emptyDescription,page.home,home,description,imported,,,,,,,,,근무표 만들기에서 확인할 수 있어요.,You can check it in Create schedule.,勤務表作成で確認できます。,,2026-06-18
page.home.monthly.emptyTeamTitle,web,page.home.monthly.emptyTeamTitle,page.home,home,text,imported,,,,,,,,,{{teamName}} 근무표가 비어 있어요,{{teamName}} schedule is empty,{{teamName}}の勤務表は空です,,2026-06-18
page.home.monthly.emptyTeamsTitle,web,page.home.monthly.emptyTeamsTitle,page.home,home,text,imported,,,,,,,,,팀을 추가하면 근무표를 볼 수 있어요,Add a team to view schedules,チームを追加すると勤務表を表示できます,,2026-06-18
page.home.monthly.nameHeader,web,page.home.monthly.nameHeader,page.home,home,text,imported,,,,,,,,,이름,Name,名前,,2026-06-18
page.home.nextSchedule.title,web,page.home.nextSchedule.title,page.home,home,text,imported,,,,,,,,,{{teamName}} 다음 달 근무표,{{teamName}} next month schedule,{{teamName}} 来月の勤務表,,2026-06-18
page.home.queue.pendingRequests,web,page.home.queue.pendingRequests,page.home,home,text,imported,,,,,,,,,대기 중인 신청 근무,Pending shift requests,確認待ちの勤務希望,,2026-06-18
page.home.queue.waitingNurses,web,page.home.queue.waitingNurses,page.home,home,text,imported,,,,,,,,,입장 대기,Waiting to join,入室待ち,,2026-06-18
page.home.sections.calendar,web,page.home.sections.calendar,page.home,home,text,imported,,,,,,,,,캘린더,Calendar,カレンダー,,2026-06-18
page.home.sections.monthly,web,page.home.sections.monthly,page.home,home,text,imported,,,,,,,,,이번 달 근무표,This month schedule,今月の勤務表,,2026-06-18
page.home.sections.tasks,web,page.home.sections.tasks,page.home,home,text,imported,,,,,,,,,해야 할 일,To do,やること,,2026-06-18
page.home.sections.todayDuty,web,page.home.sections.todayDuty,page.home,home,text,imported,,,,,,,,,오늘의 근무,Today shifts,本日の勤務,,2026-06-18
page.home.skeleton.loadingAria,web,page.home.skeleton.loadingAria,page.home,home,accessibility,imported,,,,,,,,,홈을 불러오고 있어요,Loading home,ホームを読み込み中,,2026-06-18
page.home.sort.default,web,page.home.sort.default,page.home,home,text,imported,,,,,,,,,기본,Default,標準,,2026-06-18
page.home.sort.label,web,page.home.sort.label,page.home,home,accessibility,imported,,,,,,,,,근무표 정렬 기준,Schedule sort order,勤務表の並び順,,2026-06-18
page.home.sort.nameAsc,web,page.home.sort.nameAsc,page.home,home,text,imported,,,,,,,,,이름순,Name,名前順,,2026-06-18
page.home.sort.openAria,web,page.home.sort.openAria,page.home,home,accessibility,imported,,,,,,,,,근무표 정렬 기준 열기,Open schedule sort order,勤務表の並び順を開く,,2026-06-18
page.home.sort.todayShift,web,page.home.sort.todayShift,page.home,home,text,imported,,,,,,,,,오늘 근무순,Today shift,本日の勤務順,,2026-06-18
page.home.state.errorDescription,web,page.home.state.errorDescription,page.home,home,description,imported,,,,,,,,,잠시 후 다시 시도해요.,Please try again shortly.,しばらくしてからもう一度お試しください。,,2026-06-18
page.home.state.errorTitle,web,page.home.state.errorTitle,page.home,home,text,imported,,,,,,,,,홈을 불러오지 못했어요,Could not load home,ホームを読み込めませんでした,,2026-06-18
page.home.state.noWardDescription,web,page.home.state.noWardDescription,page.home,home,description,imported,,,,,,,,,병동을 연결하면 홈을 볼 수 있어요.,Connect a ward to view home.,病棟を連携するとホームを表示できます。,,2026-06-18
page.home.state.noWardTitle,web,page.home.state.noWardTitle,page.home,home,text,imported,,,,,,,,,병동을 연결해야 해요,Connect a ward first,病棟の連携が必要です,,2026-06-18
page.home.state.retry,web,page.home.state.retry,page.home,home,button,imported,,,,,,,,,다시 시도하기,Try again,再試行,,2026-06-18
page.home.status.checking,web,page.home.status.checking,page.home,home,text,imported,,,,,,,,,확인 중,Checking,確認中,,2026-06-18
page.home.status.complete,web,page.home.status.complete,page.home,home,text,imported,,,,,,,,,확정,Confirmed,確定,,2026-06-18
page.home.status.draft,web,page.home.status.draft,page.home,home,text,imported,,,,,,,,,진행 중,In progress,進行中,,2026-06-18
page.home.status.empty,web,page.home.status.empty,page.home,home,text,imported,,,,,,,,,작성 전,Not started,未作成,,2026-06-18
page.home.status.error,web,page.home.status.error,page.home,home,text,imported,,,,,,,,,다시 확인,Check again,再確認,,2026-06-18
page.home.tasks.checking,web,page.home.tasks.checking,page.home,home,text,imported,,,,,,,,,확인하고 있어요,Checking,確認中,,2026-06-18
page.home.tasks.nextScheduleAria,web,page.home.tasks.nextScheduleAria,page.home,home,accessibility,imported,,,,,,,,,다음 달 근무표 진행 상태,Next month schedule progress,来月の勤務表の進行状況,,2026-06-18
page.home.tasks.overdueAction,web,page.home.tasks.overdueAction,page.home,home,button,imported,,,,,,,,,마감,Deadline,締切,,2026-06-18
page.home.tasks.overdueFallback,web,page.home.tasks.overdueFallback,page.home,home,description,imported,,,,,,,,,가장 지난 마감부터 확인해요,Start with the oldest overdue item,最も古い締切から確認してください,,2026-06-18
page.home.tasks.overdueTitle,web,page.home.tasks.overdueTitle,page.home,home,text,imported,,,,,,,,,지난 마감 {{count}}건,{{count}} overdue deadlines,期限超過 {{count}}件,,2026-06-18
page.home.tasks.pendingRequestsAction,web,page.home.tasks.pendingRequestsAction,page.home,home,button,imported,,,,,,,,,신청,Requests,申請,,2026-06-18
page.home.tasks.pendingRequestsDescription,web,page.home.tasks.pendingRequestsDescription,page.home,home,description,imported,,,,,,,,,근무표에 반영할지 정해요,Decide whether to apply them to the schedule,勤務表に反映するか決めてください,,2026-06-18
page.home.tasks.pendingRequestsTitle,web,page.home.tasks.pendingRequestsTitle,page.home,home,text,imported,,,,,,,,,대기 중인 신청 근무 {{count}}건,{{count}} pending shift requests,確認待ちの勤務希望 {{count}}件,,2026-06-18
page.home.tasks.todayAction,web,page.home.tasks.todayAction,page.home,home,button,imported,,,,,,,,,오늘,Today,今日,,2026-06-18
page.home.tasks.todayFallback,web,page.home.tasks.todayFallback,page.home,home,description,imported,,,,,,,,,오늘까지 처리할 게시글이에요,This post is due today,今日までに対応する投稿です,,2026-06-18
page.home.tasks.todayTitle,web,page.home.tasks.todayTitle,page.home,home,text,imported,,,,,,,,,오늘 마감 {{count}}건,{{count}} due today,本日締切 {{count}}件,,2026-06-18
page.home.tasks.unreadChatAction,web,page.home.tasks.unreadChatAction,page.home,home,button,imported,,,,,,,,,톡,Chat,チャット,,2026-06-18
page.home.tasks.unreadChatDescription,web,page.home.tasks.unreadChatDescription,page.home,home,description,imported,,,,,,,,,최근 대화를 확인해요,Check recent conversations,最近の会話を確認してください,,2026-06-18
page.home.tasks.unreadChatTitle,web,page.home.tasks.unreadChatTitle,page.home,home,text,imported,,,,,,,,,읽지 않은 병동톡 {{count}}개,{{count}} unread ward chat messages,未読の病棟チャット {{count}}件,,2026-06-18
page.home.tasks.waitingNursesAction,web,page.home.tasks.waitingNursesAction,page.home,home,button,imported,,,,,,,,,멤버,Members,メンバー,,2026-06-18
page.home.tasks.waitingNursesDescription,web,page.home.tasks.waitingNursesDescription,page.home,home,description,imported,,,,,,,,,병동에 추가할 구성원을 확인해요,Review members to add to the ward,病棟に追加するメンバーを確認してください,,2026-06-18
page.home.tasks.waitingNursesTitle,web,page.home.tasks.waitingNursesTitle,page.home,home,text,imported,,,,,,,,,입장 대기 {{count}}명,{{count}} waiting to join,入室待ち {{count}}名,,2026-06-18
page.home.today.emptyShift,web,page.home.today.emptyShift,page.home,home,text,imported,,,,,,,,,오늘 근무가 비어 있어요,No shifts today,本日の勤務は空です,,2026-06-18
page.onboardingWardCreate.progress.ariaLabel,web,page.onboardingWardCreate.progress.ariaLabel,page.onboardingWardCreate,onboardingWardCreate,accessibility,imported,,,,,,,,,병동 생성 진행률,Ward creation progress,病棟作成の進行率,,2026-06-18
page.onboardingWardCreate.progress.completeTitle,web,page.onboardingWardCreate.progress.completeTitle,page.onboardingWardCreate,onboardingWardCreate,text,imported,,,,,,,,,병동 생성이 완료됐어요,Ward creation is complete,病棟作成が完了しました,,2026-06-18
page.onboardingWardCreate.progress.finalCheck,web,page.onboardingWardCreate.progress.finalCheck,page.onboardingWardCreate,onboardingWardCreate,text,imported,,,,,,,,,거의 다 됐어요. 마지막 확인 중이에요.,Almost done. Finishing the final check.,もうすぐ完了です。最後の確認中です。,,2026-06-18
page.onboardingWardCreate.progress.inputWardInfo,web,page.onboardingWardCreate.progress.inputWardInfo,page.onboardingWardCreate,onboardingWardCreate,text,imported,,,,,,,,,입력한 병동 정보를 정리하고 있어요.,Organizing the ward information you entered.,入力した病棟情報を整理しています。,,2026-06-18
page.onboardingWardCreate.progress.navigateDuty,web,page.onboardingWardCreate.progress.navigateDuty,page.onboardingWardCreate,onboardingWardCreate,text,imported,,,,,,,,,근무표 화면으로 이동하고 있어요.,Moving to the schedule screen.,勤務表画面へ移動しています。,,2026-06-18
page.onboardingWardCreate.progress.nurses,web,page.onboardingWardCreate.progress.nurses,page.onboardingWardCreate,onboardingWardCreate,text,imported,,,,,,,,,간호사 정보를 연결하고 있어요.,Connecting nurse information.,看護師情報を連携しています。,,2026-06-18
page.onboardingWardCreate.progress.settingTitle,web,page.onboardingWardCreate.progress.settingTitle,page.onboardingWardCreate,onboardingWardCreate,text,imported,,,,,,,,,병동을 세팅하고 있어요,Setting up the ward,病棟を設定しています,,2026-06-18
page.onboardingWardCreate.progress.shiftTypesAndTeams,web,page.onboardingWardCreate.progress.shiftTypesAndTeams,page.onboardingWardCreate,onboardingWardCreate,text,imported,,,,,,,,,근무 유형과 팀을 세팅하고 있어요.,Setting up shift types and teams.,勤務区分とチームを設定しています。,,2026-06-18
